"priority","reviewStatus","robotId","key","manufacturer","model","variant","name","formFactor","recordedLifecycle","visibility","reviewAsOf","manufacturerWebsite","activeFactCount","invalidatedFactCount","activeTier1FactCount","latestTier1Observation","factFields","activeTier1Fields","taskCapabilitiesActiveFactCount","deploymentEvidenceActiveFactCount","issueKinds","priorityReasons","sourceUrls","activeTier1SourceUrls","tier12BuyingRegions","hasRecordedTier12DeBuyingClaim","reportedTier3BuyingClaimCount","tier12BuyingClaims","nextActions"
"P0","unreviewed","baa66cf6-2640-464b-aa7b-815ac3d1eab7","1x/neo","1X Technologies","neo","base","1X NEO","humanoid","pre_order","public","2026-10-01","https://www.1x.tech/","86","0","40","2026-09-13T20:55:34.114Z","[""availability_note"",""battery_wh"",""cameras"",""collaborative"",""compute_module"",""compute_tops"",""connectivity"",""dof_arms"",""dof_body"",""dof_hands"",""dof_legs"",""dof_total"",""finger_count"",""has_lidar"",""height_m"",""ip_rating"",""max_speed_ms"",""noise_db"",""payload_kg"",""payload_kg:carry_walking"",""payload_kg:instant"",""payload_kg:rated"",""payload_kg:rated_dual"",""runtime_h:unstated"",""structural_material"",""walk_speed_ms"",""weight_kg""]","[""battery_wh"",""cameras"",""compute_module"",""compute_tops"",""connectivity"",""dof_arms"",""dof_body"",""dof_hands"",""dof_legs"",""has_lidar"",""height_m"",""ip_rating"",""max_speed_ms"",""noise_db"",""payload_kg:carry_walking"",""payload_kg:instant"",""payload_kg:rated"",""runtime_h:unstated"",""walk_speed_ms"",""weight_kg""]","0","0","[""conflicting_specs"",""missing_3d"",""reported_availability""]","[""conflicting_specs""]","[""https://humanoid.guide/product/neo-beta/"",""https://humanoid.guide/product/neo-gamma/"",""https://humanoid.guide/product/neo/"",""https://robotpriceindex.com/robots/1x-neo"",""https://www.1x.tech/neo"",""https://www.1x.tech/order"",""https://www.humanoidhub.ai/robots/1x-neo"",""https://www.robothub.app/en/robots/neo"",""https://www.robothub.app/en/robots/neo-beta"",""https://www.robothub.app/en/robots/neo-gamma""]","[""https://www.1x.tech/neo"",""https://www.1x.tech/order""]","[]","false","0","[]","[""Review recorded integrity/conflict issues against original evidence: conflicting_specs."",""Recheck recorded manufacturer facts for this exact configuration, units, qualifiers and operating conditions."",""Check German purchasing channels, published business contacts, buyer restrictions, authorization evidence and service coverage."",""Find task-specific deployment evidence including configuration, operating conditions, supervision and measured outcomes.""]"
"P0","unreviewed","b6b5800a-3de6-489a-a1d9-15998e10395c","agibot/a2","AgiBot","a2","base","A2","humanoid","prototype","public","2026-10-01","https://www.agibot.com/","11","0","0","","[""availability_note"",""dof_total"",""height_m"",""max_speed_ms"",""payload_kg"",""runtime_h:unstated"",""walk_speed_ms"",""weight_kg""]","[]","0","0","[""conflicting_specs"",""missing_3d"",""missing_core_specs"",""missing_image"",""no_manufacturer_facts"",""reported_availability""]","[""conflicting_specs""]","[""https://humanoid.guide/product/a2/"",""https://robotpriceindex.com/robots/agibot-a2""]","[]","[]","false","1","[]","[""Review recorded integrity/conflict issues against original evidence: conflicting_specs."",""Collect exact manufacturer product-page, manual or datasheet evidence; leave unpublished values unknown."",""Check German purchasing channels, published business contacts, buyer restrictions, authorization evidence and service coverage."",""Find task-specific deployment evidence including configuration, operating conditions, supervision and measured outcomes.""]"
"P0","unreviewed","c595f304-133c-4bf4-8975-deccc457c565","agibot/a3","AgiBot","a3","base","AGIBOT A3","humanoid","shipping","public","2026-10-01","https://www.agibot.com/","24","0","0","","[""availability_note"",""cameras"",""collaborative"",""compute_module"",""connectivity"",""dof_hands"",""dof_total"",""finger_count"",""has_lidar"",""height_m"",""max_speed_ms"",""payload_kg"",""payload_kg:rated_dual"",""runtime_h:unstated"",""structural_material"",""walk_speed_ms"",""weight_kg""]","[]","0","0","[""conflicting_specs"",""missing_3d"",""missing_core_specs"",""no_manufacturer_facts""]","[""conflicting_specs""]","[""https://humanoid.guide/product/agibot-a3/"",""https://store.agibot.com/products/a3"",""https://www.robothub.app/en/robots/agibot-a3""]","[]","[""GLOBAL""]","false","0","[{""region"":""GLOBAL"",""status"":""enterprise_only"",""sourceTier"":1,""sourceKind"":""manufacturer"",""sourceUrl"":""https://store.agibot.com/products/a3"",""observedAt"":""2026-09-13T20:59:25.697Z"",""recordedInStock"":null,""recordedLeadTimeText"":""Manufacturer store order or quotation. Confirm configuration, destination, taxes and delivery; shipping charges are extra.""}]","[""Review recorded integrity/conflict issues against original evidence: conflicting_specs."",""Collect exact manufacturer product-page, manual or datasheet evidence; leave unpublished values unknown."",""Check German purchasing channels, published business contacts, buyer restrictions, authorization evidence and service coverage."",""Find task-specific deployment evidence including configuration, operating conditions, supervision and measured outcomes.""]"
"P0","unreviewed","dc8ffb1d-aad4-4e2e-9c7f-743cd8a7595a","agibot/g1","AgiBot","g1","base","AGIBOT G1","mobile_manipulator","shipping","public","2026-10-01","https://www.agibot.com/","23","0","0","","[""availability_note"",""cameras"",""collaborative"",""compute_module"",""connectivity"",""dof_hands"",""dof_total"",""finger_count"",""has_lidar"",""height_m"",""ip_rating"",""max_speed_ms"",""payload_kg"",""payload_kg:sustained"",""runtime_h:unstated"",""structural_material"",""weight_kg""]","[]","0","0","[""conflicting_specs"",""missing_3d"",""missing_image"",""no_manufacturer_facts""]","[""conflicting_specs""]","[""https://humanoid.guide/product/agibot-g1/"",""https://www.robothub.app/en/robots/agibot-g1""]","[]","[]","false","0","[]","[""Review recorded integrity/conflict issues against original evidence: conflicting_specs."",""Collect exact manufacturer product-page, manual or datasheet evidence; leave unpublished values unknown."",""Check German purchasing channels, published business contacts, buyer restrictions, authorization evidence and service coverage."",""Find task-specific deployment evidence including configuration, operating conditions, supervision and measured outcomes.""]"
"P0","unreviewed","d9327ef1-8c4a-4955-8301-b751a38804cb","agibot/x1","AgiBot","x1","base","AgiBot X1","humanoid","prototype","public","2026-10-01","https://www.agibot.com/","25","0","0","","[""availability_note"",""collaborative"",""compute_module"",""connectivity"",""dof_hands"",""dof_total"",""finger_count"",""height_m"",""max_speed_ms"",""payload_kg"",""payload_kg:rated_dual"",""runtime_h:unstated"",""structural_material"",""weight_kg""]","[]","0","0","[""conflicting_specs"",""missing_3d"",""missing_core_specs"",""missing_image"",""no_manufacturer_facts"",""reported_availability""]","[""conflicting_specs""]","[""https://humanoid.guide/product/agibot-x1/"",""https://robotpriceindex.com/robots/agibot-x1"",""https://www.humanoidhub.ai/robots/x1"",""https://www.robothub.app/en/robots/agibot-x1""]","[]","[]","false","1","[]","[""Review recorded integrity/conflict issues against original evidence: conflicting_specs."",""Collect exact manufacturer product-page, manual or datasheet evidence; leave unpublished values unknown."",""Check German purchasing channels, published business contacts, buyer restrictions, authorization evidence and service coverage."",""Find task-specific deployment evidence including configuration, operating conditions, supervision and measured outcomes.""]"
"P0","unreviewed","d3f22615-9c31-4449-b38d-f2cf5e5ac854","agibot/x2","AgiBot","x2","base","AgiBot X2","humanoid","shipping","public","2026-10-01","https://www.agibot.com/","22","0","0","","[""availability_note"",""cameras"",""compute_module"",""connectivity"",""dof_hands"",""dof_total"",""finger_count"",""has_lidar"",""height_m"",""max_speed_ms"",""payload_kg"",""payload_kg:rated_dual"",""runtime_h:unstated"",""structural_material"",""walk_speed_ms"",""weight_kg""]","[]","0","0","[""conflicting_specs"",""missing_3d"",""missing_core_specs"",""no_manufacturer_facts""]","[""conflicting_specs""]","[""https://humanoid.guide/product/agibot-x2/"",""https://robotpriceindex.com/robots/agibot-x2"",""https://store.agibot.com/products/x2"",""https://www.robothub.app/en/robots/agibot-x2""]","[]","[""GLOBAL""]","false","0","[{""region"":""GLOBAL"",""status"":""for_sale"",""sourceTier"":1,""sourceKind"":""manufacturer"",""sourceUrl"":""https://store.agibot.com/products/x2"",""observedAt"":""2026-09-13T20:59:29.857Z"",""recordedInStock"":null,""recordedLeadTimeText"":""Manufacturer store order or quotation. Confirm configuration, destination, taxes and delivery; shipping charges are extra.""}]","[""Review recorded integrity/conflict issues against original evidence: conflicting_specs."",""Collect exact manufacturer product-page, manual or datasheet evidence; leave unpublished values unknown."",""Check German purchasing channels, published business contacts, buyer restrictions, authorization evidence and service coverage."",""Find task-specific deployment evidence including configuration, operating conditions, supervision and measured outcomes.""]"
"P0","unreviewed","663e2cbf-baec-450c-ba4a-d78384d8b03a","agile/one","Agile Robots SE","one","base","Agile One","humanoid","prototype","public","2026-10-01","https://www.agile-robots.com/","17","0","0","","[""availability_note"",""collaborative"",""connectivity"",""dof_hands"",""dof_total"",""finger_count"",""height_m"",""max_speed_ms"",""payload_kg"",""runtime_h:unstated"",""structural_material"",""walk_speed_ms"",""weight_kg""]","[]","0","0","[""conflicting_specs"",""missing_3d"",""missing_core_specs"",""no_manufacturer_facts""]","[""conflicting_specs""]","[""https://humanoid.guide/product/agile-one/"",""https://www.robothub.app/en/robots/agile-one""]","[]","[]","false","0","[]","[""Review recorded integrity/conflict issues against original evidence: conflicting_specs."",""Collect exact manufacturer product-page, manual or datasheet evidence; leave unpublished values unknown."",""Check German purchasing channels, published business contacts, buyer restrictions, authorization evidence and service coverage."",""Find task-specific deployment evidence including configuration, operating conditions, supervision and measured outcomes.""]"
"P0","unreviewed","4461fd5b-604a-4ff7-9100-b259fe36ae8b","agility/digit","Agility Robotics","digit","base","Digit","humanoid","shipping","public","2026-10-01","https://agilityrobotics.com/","27","0","2","2026-09-08T00:00:00.000Z","[""availability_note"",""certifications"",""deployment_evidence"",""dof_total"",""height_m"",""max_speed_ms"",""outdoor_rated"",""payload_kg"",""payload_kg:carry_walking"",""payload_kg:rated_dual"",""requires_operator"",""runtime_h:unstated"",""stair_capable"",""task_capabilities"",""trl"",""walk_speed_ms"",""weight_kg""]","[""payload_kg:carry_walking"",""runtime_h:unstated""]","1","1","[""conflicting_specs"",""missing_3d"",""missing_core_specs"",""reported_availability""]","[""conflicting_specs""]","[""curated://agility/digit.yaml#certifications"",""curated://agility/digit.yaml#deployment_evidence"",""curated://agility/digit.yaml#outdoor_rated"",""curated://agility/digit.yaml#requires_operator"",""curated://agility/digit.yaml#stair_capable"",""curated://agility/digit.yaml#trl"",""https://agilityrobotics.com/products/digit"",""https://humanoid.guide/product/digit/"",""https://robotpriceindex.com/robots/agility-digit"",""https://www.humanoidhub.ai/robots/digit"",""https://www.robothub.app/en/robots/digit""]","[""https://agilityrobotics.com/products/digit""]","[""US""]","false","1","[{""region"":""US"",""status"":""enterprise_only"",""sourceTier"":1,""sourceKind"":""manufacturer"",""sourceUrl"":""https://agilityrobotics.com/products/digit"",""observedAt"":""2026-09-08T00:00:00.000Z"",""recordedInStock"":null,""recordedLeadTimeText"":""Quote only; spec sheet gated behind a form""}]","[""Review recorded integrity/conflict issues against original evidence: conflicting_specs."",""Recheck recorded manufacturer facts for this exact configuration, units, qualifiers and operating conditions."",""Check German purchasing channels, published business contacts, buyer restrictions, authorization evidence and service coverage."",""Find task-specific deployment evidence including configuration, operating conditions, supervision and measured outcomes.""]"
"P0","unreviewed","597665e3-4f70-49b7-9dcc-09c12cf4f6f4","ai2/alphabot-2","AI² Robotics","alphabot-2","base","AlphaBot 2","mobile_manipulator","shipping","public","2026-10-01","https://ai2robotics.com/en/about/","9","0","0","","[""cameras"",""compute_module"",""dof_total"",""has_lidar"",""max_speed_ms"",""payload_kg:sustained"",""runtime_h:unstated"",""weight_kg""]","[]","0","0","[""conflicting_specs"",""missing_3d"",""missing_core_specs"",""no_manufacturer_facts"",""reported_availability""]","[""conflicting_specs""]","[""https://robotpriceindex.com/robots/ai2-robotics-alphabot-2"",""https://www.robothub.app/en/robots/alphabot-2""]","[]","[]","false","1","[]","[""Review recorded integrity/conflict issues against original evidence: conflicting_specs."",""Collect exact manufacturer product-page, manual or datasheet evidence; leave unpublished values unknown."",""Check German purchasing channels, published business contacts, buyer restrictions, authorization evidence and service coverage."",""Find task-specific deployment evidence including configuration, operating conditions, supervision and measured outcomes.""]"
"P0","unreviewed","e15b2d43-ddd8-4088-82c5-9bfd4e7d96f6","apptronik/apollo","Apptronik","apollo","base","Apollo","humanoid","prototype","public","2026-10-01","https://apptronik.com/","19","0","0","","[""actuators"",""availability_note"",""dof_total"",""height_m"",""max_speed_ms"",""payload_kg"",""payload_kg:rated_dual"",""runtime_h:unstated"",""walk_speed_ms"",""weight_kg""]","[]","0","0","[""conflicting_specs"",""missing_core_specs"",""no_manufacturer_facts"",""reported_availability""]","[""conflicting_specs""]","[""https://github.com/google-deepmind/mujoco_menagerie/blob/8161bba264d7fa7c99ca301e91e7fb44737676ad/apptronik_apollo/apptronik_apollo.xml"",""https://humanoid.guide/product/apollo/"",""https://robotpriceindex.com/robots/apptronik-apollo"",""https://www.humanoidhub.ai/robots/apollo"",""https://www.robothub.app/en/robots/apollo""]","[]","[]","false","1","[]","[""Review recorded integrity/conflict issues against original evidence: conflicting_specs."",""Collect exact manufacturer product-page, manual or datasheet evidence; leave unpublished values unknown."",""Check German purchasing channels, published business contacts, buyer restrictions, authorization evidence and service coverage."",""Find task-specific deployment evidence including configuration, operating conditions, supervision and measured outcomes.""]"
"P0","unreviewed","3141ad84-003f-48d3-8ce9-bc7f08db9608","astribot/s1","Astribot","s1","base","Astribot S1","mobile_manipulator","shipping","public","2026-10-01","https://www.astribot.com/en/product","22","0","0","","[""availability_note"",""collaborative"",""compute_module"",""connectivity"",""dof_hands"",""dof_total"",""finger_count"",""height_m"",""max_speed_ms"",""payload_kg"",""payload_kg:sustained"",""runtime_h:unstated"",""walk_speed_ms"",""weight_kg""]","[]","0","0","[""conflicting_specs"",""missing_3d"",""missing_core_specs"",""no_manufacturer_facts"",""reported_availability""]","[""conflicting_specs""]","[""https://humanoid.guide/product/astribot-s1/"",""https://robotpriceindex.com/robots/astribot-s1"",""https://www.robothub.app/en/robots/astribot-s1""]","[]","[]","false","1","[]","[""Review recorded integrity/conflict issues against original evidence: conflicting_specs."",""Collect exact manufacturer product-page, manual or datasheet evidence; leave unpublished values unknown."",""Check German purchasing channels, published business contacts, buyer restrictions, authorization evidence and service coverage."",""Find task-specific deployment evidence including configuration, operating conditions, supervision and measured outcomes.""]"
"P0","unreviewed","2213caee-5567-4201-92d3-dd609d0b9199","booster/k1","Booster Robotics","k1","base","Booster K1","humanoid","shipping","public","2026-10-01","https://www.booster.tech/","27","0","0","","[""actuators"",""availability_note"",""cameras"",""collaborative"",""compute_module"",""connectivity"",""dof_hands"",""dof_total"",""has_lidar"",""height_m"",""max_speed_ms"",""payload_kg"",""payload_kg:rated_dual"",""runtime_h:unstated"",""structural_material"",""walk_speed_ms"",""weight_kg""]","[]","0","0","[""conflicting_specs"",""missing_core_specs"",""no_manufacturer_facts"",""reported_availability""]","[""conflicting_specs""]","[""https://github.com/BoosterRobotics/booster_assets/blob/3c2dfa99e09beddf092e0d6521dbbcec7e7903ed/robots/K1/K1_22dof.urdf"",""https://humanoid.guide/product/k1/"",""https://robotpriceindex.com/robots/booster-k1"",""https://www.robothub.app/en/robots/booster-k1""]","[]","[]","false","1","[]","[""Review recorded integrity/conflict issues against original evidence: conflicting_specs."",""Collect exact manufacturer product-page, manual or datasheet evidence; leave unpublished values unknown."",""Check German purchasing channels, published business contacts, buyer restrictions, authorization evidence and service coverage."",""Find task-specific deployment evidence including configuration, operating conditions, supervision and measured outcomes.""]"
"P0","unreviewed","a9da8381-a382-4565-a988-f35eef61fb88","booster/t1","Booster Robotics","t1","base","Booster T1","humanoid","shipping","public","2026-10-01","https://www.booster.tech/","22","0","0","","[""actuators"",""availability_note"",""cameras"",""compute_module"",""dof_hands"",""dof_total"",""has_lidar"",""height_m"",""max_speed_ms"",""payload_kg"",""runtime_h:unstated"",""walk_speed_ms"",""weight_kg""]","[]","0","0","[""conflicting_specs"",""missing_core_specs"",""no_manufacturer_facts""]","[""conflicting_specs""]","[""https://github.com/BoosterRobotics/booster_assets/blob/3c2dfa99e09beddf092e0d6521dbbcec7e7903ed/robots/T1/T1_29dof.urdf"",""https://humanoid.guide/product/booster-t1/"",""https://robotpriceindex.com/robots/booster-t1"",""https://www.booster.tech/zh/robots/"",""https://www.robothub.app/en/robots/booster-t1""]","[]","[""GLOBAL""]","false","0","[{""region"":""GLOBAL"",""status"":""for_sale"",""sourceTier"":1,""sourceKind"":""manufacturer"",""sourceUrl"":""https://www.booster.tech/zh/robots/"",""observedAt"":""2026-09-13T21:08:22.835Z"",""recordedInStock"":null,""recordedLeadTimeText"":""The exact T1 manufacturer page offers purchase buttons for Basic, Standard and Custom versions.""}]","[""Review recorded integrity/conflict issues against original evidence: conflicting_specs."",""Collect exact manufacturer product-page, manual or datasheet evidence; leave unpublished values unknown."",""Check German purchasing channels, published business contacts, buyer restrictions, authorization evidence and service coverage."",""Find task-specific deployment evidence including configuration, operating conditions, supervision and measured outcomes.""]"
"P0","unreviewed","94684848-6656-436e-a10f-4226623f23eb","booster/t2","Booster Robotics","t2","base","Booster T2","humanoid","shipping","public","2026-10-01","https://www.booster.tech/","32","0","0","","[""availability_note"",""cameras"",""certifications"",""collaborative"",""compute_module"",""connectivity"",""dof_hands"",""dof_total"",""finger_count"",""has_lidar"",""height_m"",""max_speed_ms"",""outdoor_rated"",""payload_kg"",""payload_kg:rated_dual"",""requires_operator"",""runtime_h:unstated"",""task_capabilities"",""trl"",""walk_speed_ms"",""weight_kg""]","[]","1","0","[""conflicting_specs"",""missing_core_specs"",""no_manufacturer_facts"",""reported_availability""]","[""conflicting_specs""]","[""curated://booster/t2.yaml#certifications"",""curated://booster/t2.yaml#outdoor_rated"",""curated://booster/t2.yaml#requires_operator"",""curated://booster/t2.yaml#task_capabilities"",""curated://booster/t2.yaml#trl"",""https://humanoid.guide/product/booster-t2/"",""https://robotpriceindex.com/robots/booster-t2"",""https://www.robothub.app/en/robots/booster-t2""]","[]","[]","false","0","[]","[""Review recorded integrity/conflict issues against original evidence: conflicting_specs."",""Collect exact manufacturer product-page, manual or datasheet evidence; leave unpublished values unknown."",""Check German purchasing channels, published business contacts, buyer restrictions, authorization evidence and service coverage."",""Find task-specific deployment evidence including configuration, operating conditions, supervision and measured outcomes.""]"
"P0","unreviewed","9b1204f3-8011-4ca1-96d3-ca0b9f5437d2","boston-dynamics/atlas","Boston Dynamics","atlas","base","Atlas","humanoid","shipping","public","2026-10-01","https://bostondynamics.com/","27","0","0","","[""availability_note"",""cameras"",""collaborative"",""connectivity"",""dof_total"",""finger_count"",""has_lidar"",""height_m"",""ip_rating"",""max_speed_ms"",""payload_kg"",""payload_kg:rated_dual"",""runtime_h:unstated"",""structural_material"",""walk_speed_ms"",""weight_kg""]","[]","0","0","[""conflicting_specs"",""missing_3d"",""no_manufacturer_facts"",""reported_availability""]","[""conflicting_specs""]","[""https://humanoid.guide/product/atlas-2013/"",""https://humanoid.guide/product/atlas/"",""https://robotpriceindex.com/robots/boston-dynamics-atlas"",""https://www.robothub.app/en/robots/atlas-electric""]","[]","[]","false","0","[]","[""Review recorded integrity/conflict issues against original evidence: conflicting_specs."",""Collect exact manufacturer product-page, manual or datasheet evidence; leave unpublished values unknown."",""Check German purchasing channels, published business contacts, buyer restrictions, authorization evidence and service coverage."",""Find task-specific deployment evidence including configuration, operating conditions, supervision and measured outcomes.""]"
"P0","unreviewed","e86fb0f5-85fd-4e7e-ae0d-a0445e5632aa","casbot/02","CASBOT","02","base","CASBOT 02","humanoid","shipping","public","2026-10-01","https://casbot.tech/","25","0","0","","[""availability_note"",""cameras"",""collaborative"",""compute_module"",""connectivity"",""dof_hands"",""dof_total"",""finger_count"",""has_lidar"",""height_m"",""max_speed_ms"",""payload_kg"",""payload_kg:rated_dual"",""runtime_h:unstated"",""structural_material"",""walk_speed_ms"",""weight_kg""]","[]","0","0","[""conflicting_specs"",""missing_3d"",""missing_core_specs"",""no_manufacturer_facts""]","[""conflicting_specs""]","[""https://humanoid.guide/product/casbot-02/"",""https://www.robothub.app/en/robots/casbot-02""]","[]","[]","false","0","[]","[""Review recorded integrity/conflict issues against original evidence: conflicting_specs."",""Collect exact manufacturer product-page, manual or datasheet evidence; leave unpublished values unknown."",""Check German purchasing channels, published business contacts, buyer restrictions, authorization evidence and service coverage."",""Find task-specific deployment evidence including configuration, operating conditions, supervision and measured outcomes.""]"
"P0","unreviewed","4893a5db-6104-42b0-aab7-2849bbe5d200","casbot/w1","CASBOT","w1","base","CASBOT W1","mobile_manipulator","shipping","public","2026-10-01","https://casbot.tech/","26","0","0","","[""availability_note"",""cameras"",""collaborative"",""compute_module"",""connectivity"",""dof_hands"",""dof_total"",""finger_count"",""has_lidar"",""height_m"",""max_speed_ms"",""payload_kg"",""payload_kg:sustained"",""runtime_h:unstated"",""structural_material"",""weight_kg""]","[]","0","0","[""conflicting_specs"",""missing_3d"",""missing_core_specs"",""no_manufacturer_facts""]","[""conflicting_specs""]","[""https://humanoid.guide/product/casbot-w1/"",""https://www.robothub.app/en/robots/casbot-w1""]","[]","[]","false","0","[]","[""Review recorded integrity/conflict issues against original evidence: conflicting_specs."",""Collect exact manufacturer product-page, manual or datasheet evidence; leave unpublished values unknown."",""Check German purchasing channels, published business contacts, buyer restrictions, authorization evidence and service coverage."",""Find task-specific deployment evidence including configuration, operating conditions, supervision and measured outcomes.""]"
"P0","unreviewed","eb2010bd-c07a-4e6c-950a-d22d4c123d7b","cyan/orca","Cyan Robotics","orca","base","Orca","humanoid","prototype","public","2026-10-01","https://www.cyanborg.com/","18","0","3","2026-09-12T13:21:12.933Z","[""availability_note"",""collaborative"",""compute_module"",""connectivity"",""dof_hands"",""dof_total"",""finger_count"",""height_m"",""ip_rating"",""max_speed_ms"",""payload_kg"",""payload_kg:peak"",""runtime_h:unstated"",""structural_material"",""walk_speed_ms"",""weight_kg""]","[""dof_total"",""payload_kg:peak"",""runtime_h:unstated""]","0","0","[""conflicting_specs"",""missing_3d""]","[""conflicting_specs""]","[""https://humanoid.guide/product/orca/"",""https://www.cyanborg.com/orca-product.html""]","[""https://www.cyanborg.com/orca-product.html""]","[]","false","0","[]","[""Review recorded integrity/conflict issues against original evidence: conflicting_specs."",""Recheck recorded manufacturer facts for this exact configuration, units, qualifiers and operating conditions."",""Check German purchasing channels, published business contacts, buyer restrictions, authorization evidence and service coverage."",""Find task-specific deployment evidence including configuration, operating conditions, supervision and measured outcomes.""]"
"P0","unreviewed","a8d4ea12-bc0a-4e78-95aa-4a115a9fb3f4","deep-robotics/dr02","Deep Robotics","dr02","base","DR02","humanoid","shipping","public","2026-10-01","https://www.deeprobotics.cn/en/","21","0","0","","[""actuators"",""availability_note"",""collaborative"",""compute_module"",""connectivity"",""dof_hands"",""dof_total"",""finger_count"",""height_m"",""ip_rating"",""max_speed_ms"",""payload_kg"",""payload_kg:rated_dual"",""runtime_h:unstated"",""structural_material"",""walk_speed_ms"",""weight_kg""]","[]","0","0","[""conflicting_specs"",""no_manufacturer_facts""]","[""conflicting_specs""]","[""https://github.com/DeepRoboticsLab/deep_robotics_model/blob/549eb9ac08ab0674ad388202f0a276a1b140833b/DR02/urdf/standard/DR02-std.urdf"",""https://humanoid.guide/product/dr02/"",""https://www.robothub.app/en/robots/deep-robotics-dr02""]","[]","[]","false","0","[]","[""Review recorded integrity/conflict issues against original evidence: conflicting_specs."",""Collect exact manufacturer product-page, manual or datasheet evidence; leave unpublished values unknown."",""Check German purchasing channels, published business contacts, buyer restrictions, authorization evidence and service coverage."",""Find task-specific deployment evidence including configuration, operating conditions, supervision and measured outcomes.""]"
"P0","unreviewed","352717b4-f792-4824-91ca-103d992f5d75","dexforce/w1-pro","DexForce Technology Co., Ltd.","w1-pro","base","W1 Pro","mobile_manipulator","shipping","public","2026-10-01","https://en.dexforce.com/","23","0","0","","[""availability_note"",""cameras"",""collaborative"",""compute_module"",""connectivity"",""dof_body"",""dof_hands"",""dof_total"",""finger_count"",""has_lidar"",""height_m"",""max_speed_ms"",""payload_kg"",""payload_kg:sustained"",""runtime_h:unstated"",""structural_material"",""weight_kg""]","[]","0","0","[""conflicting_specs"",""missing_3d"",""missing_core_specs"",""no_manufacturer_facts""]","[""conflicting_specs""]","[""https://en.dexforce.com/w1pro.html"",""https://humanoid.guide/product/w1-pro/"",""https://www.robothub.app/en/robots/dexforce-w1-pro""]","[]","[]","false","0","[]","[""Review recorded integrity/conflict issues against original evidence: conflicting_specs."",""Collect exact manufacturer product-page, manual or datasheet evidence; leave unpublished values unknown."",""Check German purchasing channels, published business contacts, buyer restrictions, authorization evidence and service coverage."",""Find task-specific deployment evidence including configuration, operating conditions, supervision and measured outcomes.""]"
"P0","unreviewed","61d97815-5451-4944-af5a-d96a0b2bde4f","dexmate/vega","Dexmate","vega","base","Vega","mobile_manipulator","shipping","public","2026-10-01","https://dexmate.ai/","20","0","0","","[""availability_note"",""cameras"",""collaborative"",""compute_module"",""connectivity"",""dof_hands"",""dof_total"",""finger_count"",""has_lidar"",""height_m"",""max_speed_ms"",""payload_kg"",""payload_kg:sustained"",""runtime_h:unstated"",""structural_material"",""weight_kg""]","[]","0","0","[""conflicting_specs"",""missing_3d"",""missing_core_specs"",""missing_image"",""no_manufacturer_facts""]","[""conflicting_specs""]","[""https://humanoid.guide/product/vega/"",""https://www.robothub.app/en/robots/vega""]","[]","[]","false","0","[]","[""Review recorded integrity/conflict issues against original evidence: conflicting_specs."",""Collect exact manufacturer product-page, manual or datasheet evidence; leave unpublished values unknown."",""Check German purchasing channels, published business contacts, buyer restrictions, authorization evidence and service coverage."",""Find task-specific deployment evidence including configuration, operating conditions, supervision and measured outcomes.""]"
"P0","unreviewed","9f4510c7-7063-44f3-a024-20fec2c2b00b","dobot/atom","Dobot","atom","base","Atom","humanoid","prototype","public","2026-10-01","https://www.dobot-robots.com/","12","0","0","","[""availability_note"",""dof_total"",""height_m"",""max_speed_ms"",""payload_kg"",""weight_kg""]","[]","0","0","[""conflicting_specs"",""missing_3d"",""missing_core_specs"",""no_manufacturer_facts"",""reported_availability""]","[""conflicting_specs""]","[""https://humanoid.guide/product/atom-2/"",""https://robotpriceindex.com/robots/dobot-atom"",""https://www.robothub.app/en/robots/dobot-atom""]","[]","[]","false","0","[]","[""Review recorded integrity/conflict issues against original evidence: conflicting_specs."",""Collect exact manufacturer product-page, manual or datasheet evidence; leave unpublished values unknown."",""Check German purchasing channels, published business contacts, buyer restrictions, authorization evidence and service coverage."",""Find task-specific deployment evidence including configuration, operating conditions, supervision and measured outcomes.""]"
"P0","unreviewed","1515b54a-3be9-4e20-8fc4-5983e4d5ce47","engineai/pm01","EngineAI Robotics","pm01","base","PM01","humanoid","shipping","public","2026-10-01","https://www.engineai.com.cn/","23","0","0","","[""actuators"",""availability_note"",""cameras"",""compute_module"",""dof_total"",""has_lidar"",""height_m"",""max_speed_ms"",""payload_kg"",""runtime_h:unstated"",""weight_kg""]","[]","0","0","[""conflicting_specs"",""missing_core_specs"",""no_manufacturer_facts""]","[""conflicting_specs""]","[""https://en.engineai.com.cn/product-purchase.html"",""https://github.com/engineai-robotics/engineai_robotics_native_sdk/blob/335c60e88772c26c7852d0abd6b3c7439037dd8f/assets/resource/robot/pm01_edu/urdf/serial_pm01_edu.urdf"",""https://humanoid.guide/product/pm01/"",""https://robotpriceindex.com/robots/engineai-pm01"",""https://www.humanoidhub.ai/robots/pm01-humanoid-robot"",""https://www.robothub.app/en/robots/engineai-pm01""]","[]","[""GLOBAL""]","false","0","[{""region"":""GLOBAL"",""status"":""for_sale"",""sourceTier"":1,""sourceKind"":""manufacturer"",""sourceUrl"":""https://en.engineai.com.cn/product-purchase.html"",""observedAt"":""2026-09-13T21:08:22.835Z"",""recordedInStock"":null,""recordedLeadTimeText"":""The official purchase page names PM01 and provides Buy Now.""}]","[""Review recorded integrity/conflict issues against original evidence: conflicting_specs."",""Collect exact manufacturer product-page, manual or datasheet evidence; leave unpublished values unknown."",""Check German purchasing channels, published business contacts, buyer restrictions, authorization evidence and service coverage."",""Find task-specific deployment evidence including configuration, operating conditions, supervision and measured outcomes.""]"
"P0","unreviewed","4818a618-9706-4e69-99cb-7f2bbbefd9c2","engineai/se01","EngineAI Robotics","se01","base","SE01","humanoid","prototype","public","2026-10-01","https://www.engineai.com.cn/","22","0","0","","[""availability_note"",""cameras"",""compute_module"",""dof_hands"",""dof_total"",""has_lidar"",""height_m"",""max_speed_ms"",""payload_kg"",""runtime_h:unstated"",""walk_speed_ms"",""weight_kg""]","[]","0","0","[""conflicting_specs"",""missing_3d"",""missing_core_specs"",""no_manufacturer_facts"",""reported_availability""]","[""conflicting_specs""]","[""https://humanoid.guide/product/se01/"",""https://robotpriceindex.com/robots/engineai-se01"",""https://www.humanoidhub.ai/robots/se01"",""https://www.robothub.app/en/robots/engineai-se01""]","[]","[]","false","1","[]","[""Review recorded integrity/conflict issues against original evidence: conflicting_specs."",""Collect exact manufacturer product-page, manual or datasheet evidence; leave unpublished values unknown."",""Check German purchasing channels, published business contacts, buyer restrictions, authorization evidence and service coverage."",""Find task-specific deployment evidence including configuration, operating conditions, supervision and measured outcomes.""]"
"P0","unreviewed","3b0697b5-e2ce-4e57-9e3d-b3f9dd26a3a1","engineai/t800","EngineAI Robotics","t800","base","T800","humanoid","shipping","public","2026-10-01","https://www.engineai.com.cn/","20","0","0","","[""actuators"",""availability_note"",""collaborative"",""connectivity"",""dof_hands"",""dof_total"",""finger_count"",""height_m"",""ip_rating"",""max_speed_ms"",""payload_kg"",""runtime_h:unstated"",""structural_material"",""walk_speed_ms"",""weight_kg""]","[]","0","0","[""conflicting_specs"",""no_manufacturer_facts""]","[""conflicting_specs""]","[""https://github.com/engineai-robotics/engineai_robotics_native_sdk/blob/335c60e88772c26c7852d0abd6b3c7439037dd8f/assets/resource/robot/t800/urdf/serial_t800.urdf"",""https://humanoid.guide/product/t800/"",""https://robotpriceindex.com/robots/engineai-t800"",""https://www.engineai.com.cn/about-news-media/41.html"",""https://www.humanoidhub.ai/robots/t800-humanoid-robot""]","[]","[""GLOBAL""]","false","0","[{""region"":""GLOBAL"",""status"":""enterprise_only"",""sourceTier"":1,""sourceKind"":""manufacturer"",""sourceUrl"":""https://www.engineai.com.cn/about-news-media/41.html"",""observedAt"":""2026-09-13T21:08:22.835Z"",""recordedInStock"":null,""recordedLeadTimeText"":""The manufacturer explicitly launched T800 product sales with Basic, Open-source, Pro and Max configurations.""}]","[""Review recorded integrity/conflict issues against original evidence: conflicting_specs."",""Collect exact manufacturer product-page, manual or datasheet evidence; leave unpublished values unknown."",""Check German purchasing channels, published business contacts, buyer restrictions, authorization evidence and service coverage."",""Find task-specific deployment evidence including configuration, operating conditions, supervision and measured outcomes.""]"
"P0","unreviewed","b0130e9b-b1e5-4675-82bf-a78cea92c678","estun-coolbot/codroid-02","Estun Codroid","codroid-02","base","CODROID 02","humanoid","unknown","public","2026-10-01","https://www.codroid.ai/en/robot-c05l","10","0","2","2026-09-12T13:23:15.163Z","[""cameras"",""compute_module"",""connectivity"",""dof_hands"",""dof_total"",""has_lidar"",""height_m"",""payload_kg:rated_dual"",""weight_kg""]","[""cameras"",""connectivity""]","0","0","[""conflicting_specs"",""missing_3d"",""missing_core_specs""]","[""conflicting_specs""]","[""https://www.codroid.ai/en/robot-humanoid"",""https://www.robothub.app/en/robots/codroid-02""]","[""https://www.codroid.ai/en/robot-humanoid""]","[]","false","0","[]","[""Review recorded integrity/conflict issues against original evidence: conflicting_specs."",""Recheck recorded manufacturer facts for this exact configuration, units, qualifiers and operating conditions."",""Check German purchasing channels, published business contacts, buyer restrictions, authorization evidence and service coverage."",""Find task-specific deployment evidence including configuration, operating conditions, supervision and measured outcomes.""]"
"P0","unreviewed","9ba448f0-d539-4004-ac8f-9661ec3a804d","fauna/sprout","Fauna Robotics","sprout","base","Sprout","humanoid","shipping","public","2026-10-01","https://faunarobotics.com/","15","0","0","","[""availability_note"",""collaborative"",""compute_module"",""connectivity"",""dof_total"",""finger_count"",""height_m"",""max_speed_ms"",""payload_kg"",""runtime_h:unstated"",""structural_material"",""weight_kg""]","[]","0","0","[""conflicting_specs"",""missing_3d"",""missing_core_specs"",""missing_image"",""no_manufacturer_facts""]","[""conflicting_specs""]","[""https://humanoid.guide/product/sprout/"",""https://www.humanoidhub.ai/robots/fauna-sprout-creator-edition""]","[]","[]","false","0","[]","[""Review recorded integrity/conflict issues against original evidence: conflicting_specs."",""Collect exact manufacturer product-page, manual or datasheet evidence; leave unpublished values unknown."",""Check German purchasing channels, published business contacts, buyer restrictions, authorization evidence and service coverage."",""Find task-specific deployment evidence including configuration, operating conditions, supervision and measured outcomes.""]"
"P0","unreviewed","7eaeb485-ad02-4062-8dd1-cb8257860c5c","figure/02","Figure AI","02","base","Figure 02","humanoid","discontinued","public","2026-10-01","https://www.figure.ai/","23","0","0","","[""availability_note"",""cameras"",""collaborative"",""compute_module"",""dof_total"",""finger_count"",""has_lidar"",""height_m"",""max_speed_ms"",""payload_kg"",""payload_kg:rated_dual"",""runtime_h:unstated"",""structural_material"",""walk_speed_ms"",""weight_kg""]","[]","0","0","[""conflicting_specs"",""missing_3d"",""missing_core_specs"",""missing_image"",""no_manufacturer_facts""]","[""conflicting_specs""]","[""https://humanoid.guide/product/figure-02/"",""https://robotpriceindex.com/robots/figure-02"",""https://www.figure.ai/news/production-at-bmw"",""https://www.robothub.app/en/robots/figure-02""]","[]","[]","false","0","[]","[""Review recorded integrity/conflict issues against original evidence: conflicting_specs."",""Collect exact manufacturer product-page, manual or datasheet evidence; leave unpublished values unknown."",""Check German purchasing channels, published business contacts, buyer restrictions, authorization evidence and service coverage."",""Find task-specific deployment evidence including configuration, operating conditions, supervision and measured outcomes.""]"
"P0","unreviewed","a4ced3af-d4cb-449d-a69a-e9f9badec73f","figure/03","Figure AI","03","base","Figure 03","humanoid","shipping","public","2026-10-01","https://www.figure.ai/","25","0","0","","[""availability_note"",""cameras"",""compute_module"",""connectivity"",""dof_hands"",""dof_total"",""finger_count"",""has_lidar"",""height_m"",""max_speed_ms"",""payload_kg"",""payload_kg:rated_dual"",""runtime_h:unstated"",""structural_material"",""walk_speed_ms"",""weight_kg""]","[]","0","0","[""conflicting_specs"",""missing_3d"",""missing_core_specs"",""no_manufacturer_facts""]","[""conflicting_specs""]","[""https://humanoid.guide/product/figure-03/"",""https://robotpriceindex.com/robots/figure-03"",""https://www.figure.ai/news/f-03-at-bmw"",""https://www.robothub.app/en/robots/figure-03""]","[]","[""GLOBAL""]","false","0","[{""region"":""GLOBAL"",""status"":""enterprise_only"",""sourceTier"":1,""sourceKind"":""manufacturer"",""sourceUrl"":""https://www.figure.ai/news/f-03-at-bmw"",""observedAt"":""2026-09-13T21:08:22.835Z"",""recordedInStock"":null,""recordedLeadTimeText"":""Commercial enterprise deployments by agreement. No public checkout or confirmed German purchasing route.""}]","[""Review recorded integrity/conflict issues against original evidence: conflicting_specs."",""Collect exact manufacturer product-page, manual or datasheet evidence; leave unpublished values unknown."",""Check German purchasing channels, published business contacts, buyer restrictions, authorization evidence and service coverage."",""Find task-specific deployment evidence including configuration, operating conditions, supervision and measured outcomes.""]"
"P0","unreviewed","f1a8dc6f-9ada-4d61-8812-25b29e8832a8","foundation/phantom-mk-1","Foundation","phantom-mk-1","base","Phantom MK-1","humanoid","unknown","public","2026-10-01","https://www.foundation.bot/","5","0","0","","[""dof_total"",""height_m"",""max_speed_ms"",""payload_kg:rated_dual"",""weight_kg""]","[]","0","0","[""missing_3d"",""missing_core_specs"",""missing_image"",""no_manufacturer_facts"",""possible_duplicate_name""]","[""possible_duplicate_name""]","[""https://www.robothub.app/en/robots/phantom-mk-1""]","[]","[]","false","0","[]","[""Resolve model and configuration identity against exact manufacturer product pages; do not merge base and EDU by name."",""Review recorded integrity/conflict issues against original evidence: possible_duplicate_name."",""Collect exact manufacturer product-page, manual or datasheet evidence; leave unpublished values unknown."",""Check German purchasing channels, published business contacts, buyer restrictions, authorization evidence and service coverage."",""Find task-specific deployment evidence including configuration, operating conditions, supervision and measured outcomes.""]"
"P0","unreviewed","b036b8eb-9413-4f10-acf4-77afc4eedbf0","foundation/phantom-mk1","Foundation","phantom-mk1","base","Phantom MK1","humanoid","prototype","public","2026-10-01","https://www.foundation.bot/","7","0","0","","[""availability_note"",""finger_count"",""height_m"",""max_speed_ms"",""payload_kg"",""walk_speed_ms"",""weight_kg""]","[]","0","0","[""missing_3d"",""missing_core_specs"",""no_manufacturer_facts"",""possible_duplicate_name""]","[""possible_duplicate_name""]","[""https://humanoid.guide/product/phantom-mk1/""]","[]","[]","false","0","[]","[""Resolve model and configuration identity against exact manufacturer product pages; do not merge base and EDU by name."",""Review recorded integrity/conflict issues against original evidence: possible_duplicate_name."",""Collect exact manufacturer product-page, manual or datasheet evidence; leave unpublished values unknown."",""Check German purchasing channels, published business contacts, buyer restrictions, authorization evidence and service coverage."",""Find task-specific deployment evidence including configuration, operating conditions, supervision and measured outcomes.""]"
"P0","unreviewed","06f1a8de-9d1a-4518-b56d-b21a1f4a78f7","fourier/gr-1","Fourier Intelligence","gr-1","base","Fourier GR-1","humanoid","prototype","public","2026-10-01","https://www.fftai.com/","15","0","0","","[""availability_note"",""dof_total"",""height_m"",""max_speed_ms"",""payload_kg"",""runtime_h:unstated"",""walk_speed_ms"",""weight_kg""]","[]","0","0","[""conflicting_specs"",""missing_3d"",""missing_core_specs"",""missing_image"",""no_manufacturer_facts"",""reported_availability""]","[""conflicting_specs""]","[""https://humanoid.guide/product/gr-1/"",""https://robotpriceindex.com/robots/fourier-gr-1"",""https://www.robothub.app/en/robots/fourier-gr-1""]","[]","[]","false","1","[]","[""Review recorded integrity/conflict issues against original evidence: conflicting_specs."",""Collect exact manufacturer product-page, manual or datasheet evidence; leave unpublished values unknown."",""Check German purchasing channels, published business contacts, buyer restrictions, authorization evidence and service coverage."",""Find task-specific deployment evidence including configuration, operating conditions, supervision and measured outcomes.""]"
"P0","unreviewed","0d25f85d-6020-430d-acff-b52fab8da48f","fourier/gr-2","Fourier Intelligence","gr-2","base","GR-2","humanoid","prototype","public","2026-10-01","https://www.fftai.com/","19","0","0","","[""availability_note"",""dof_total"",""height_m"",""max_speed_ms"",""payload_kg"",""runtime_h:unstated"",""walk_speed_ms"",""weight_kg""]","[]","0","0","[""conflicting_specs"",""missing_3d"",""missing_core_specs"",""missing_image"",""no_manufacturer_facts"",""reported_availability""]","[""conflicting_specs""]","[""https://humanoid.guide/product/gr-2/"",""https://robotpriceindex.com/robots/fourier-gr-2"",""https://www.humanoidhub.ai/robots/gr-2-humanoid"",""https://www.robothub.app/en/robots/fourier-gr-2""]","[]","[]","false","1","[]","[""Review recorded integrity/conflict issues against original evidence: conflicting_specs."",""Collect exact manufacturer product-page, manual or datasheet evidence; leave unpublished values unknown."",""Check German purchasing channels, published business contacts, buyer restrictions, authorization evidence and service coverage."",""Find task-specific deployment evidence including configuration, operating conditions, supervision and measured outcomes.""]"
"P0","unreviewed","1ef79524-468f-4d32-9b86-ebae4dc450ab","galaxea-dynamics/kengo","Galaxea Dynamics","kengo","base","Kengo","humanoid","prototype","public","2026-10-01","https://galaxea-dynamics.com/","14","0","1","2026-09-12T12:02:06.523Z","[""availability_note"",""collaborative"",""connectivity"",""dof_hands"",""dof_total"",""finger_count"",""height_m"",""max_speed_ms"",""payload_kg"",""structural_material"",""walk_speed_ms"",""weight_kg""]","[""weight_kg""]","0","0","[""conflicting_specs"",""missing_3d"",""missing_core_specs""]","[""conflicting_specs""]","[""https://galaxea-dynamics.com/products/galaxea-s-proprietary-embodied-ai-bipedal-robot"",""https://humanoid.guide/product/kengo/""]","[""https://galaxea-dynamics.com/products/galaxea-s-proprietary-embodied-ai-bipedal-robot""]","[]","false","0","[]","[""Review recorded integrity/conflict issues against original evidence: conflicting_specs."",""Recheck recorded manufacturer facts for this exact configuration, units, qualifiers and operating conditions."",""Check German purchasing channels, published business contacts, buyer restrictions, authorization evidence and service coverage."",""Find task-specific deployment evidence including configuration, operating conditions, supervision and measured outcomes.""]"
"P0","unreviewed","04da1e82-35c7-48c2-a219-7cf2657d4492","galbot/et1","Galbot","et1","base","Galbot ET1","humanoid","prototype","public","2026-10-01","https://www.galbot.com/","20","0","0","","[""availability_note"",""cameras"",""collaborative"",""compute_module"",""connectivity"",""dof_hands"",""dof_total"",""finger_count"",""has_lidar"",""height_m"",""ip_rating"",""max_speed_ms"",""payload_kg"",""runtime_h:unstated"",""structural_material"",""walk_speed_ms"",""weight_kg""]","[]","0","0","[""conflicting_specs"",""missing_3d"",""no_manufacturer_facts""]","[""conflicting_specs""]","[""https://humanoid.guide/product/galbot-et1/"",""https://www.robothub.app/en/robots/galbot-et1""]","[]","[]","false","0","[]","[""Review recorded integrity/conflict issues against original evidence: conflicting_specs."",""Collect exact manufacturer product-page, manual or datasheet evidence; leave unpublished values unknown."",""Check German purchasing channels, published business contacts, buyer restrictions, authorization evidence and service coverage."",""Find task-specific deployment evidence including configuration, operating conditions, supervision and measured outcomes.""]"
"P0","unreviewed","f10dcf7b-bf41-4c31-be03-e32eb9882317","galbot/g1","Galbot","g1","base","Galbot G1","mobile_manipulator","prototype","public","2026-10-01","https://www.galbot.com/","12","0","0","","[""cameras"",""compute_module"",""dof_hands"",""dof_total"",""has_lidar"",""height_m"",""payload_kg:sustained"",""runtime_h:unstated"",""weight_kg""]","[]","0","0","[""conflicting_specs"",""missing_3d"",""missing_core_specs"",""no_manufacturer_facts"",""reported_availability""]","[""conflicting_specs""]","[""https://robotpriceindex.com/robots/galbot-g1"",""https://www.robothub.app/en/robots/galbot-g1""]","[]","[]","false","1","[]","[""Review recorded integrity/conflict issues against original evidence: conflicting_specs."",""Collect exact manufacturer product-page, manual or datasheet evidence; leave unpublished values unknown."",""Check German purchasing channels, published business contacts, buyer restrictions, authorization evidence and service coverage."",""Find task-specific deployment evidence including configuration, operating conditions, supervision and measured outcomes.""]"
"P0","unreviewed","546b196e-2e52-4c9d-afec-b75f002832c3","galbot/s1","Galbot","s1","base","Galbot S1","mobile_manipulator","shipping","public","2026-10-01","https://www.galbot.com/","21","0","0","","[""availability_note"",""cameras"",""collaborative"",""compute_module"",""connectivity"",""dof_hands"",""dof_total"",""finger_count"",""has_lidar"",""height_m"",""max_speed_ms"",""payload_kg"",""payload_kg:sustained"",""runtime_h:unstated"",""structural_material"",""weight_kg""]","[]","0","0","[""conflicting_specs"",""missing_3d"",""missing_core_specs"",""no_manufacturer_facts""]","[""conflicting_specs""]","[""https://humanoid.guide/product/galbot-s1/"",""https://www.robothub.app/en/robots/galbot-s1""]","[]","[]","false","0","[]","[""Review recorded integrity/conflict issues against original evidence: conflicting_specs."",""Collect exact manufacturer product-page, manual or datasheet evidence; leave unpublished values unknown."",""Check German purchasing channels, published business contacts, buyer restrictions, authorization evidence and service coverage."",""Find task-specific deployment evidence including configuration, operating conditions, supervision and measured outcomes.""]"
"P0","unreviewed","a0457bf2-62f1-4fdd-a0d9-dbb0a604bcce","gigaai/maker-h01","GigaAI","maker-h01","base","Maker H01","mobile_manipulator","prototype","public","2026-10-01","https://gigaai.cc/maker-h01","19","0","0","","[""availability_note"",""collaborative"",""connectivity"",""dof_hands"",""dof_total"",""finger_count"",""height_m"",""ip_rating"",""max_speed_ms"",""payload_kg"",""payload_kg:sustained"",""runtime_h:unstated"",""structural_material"",""weight_kg""]","[]","0","0","[""conflicting_specs"",""missing_3d"",""missing_image"",""no_manufacturer_facts""]","[""conflicting_specs""]","[""https://humanoid.guide/product/maker-h01/"",""https://www.robothub.app/en/robots/maker-h01""]","[]","[]","false","0","[]","[""Review recorded integrity/conflict issues against original evidence: conflicting_specs."",""Collect exact manufacturer product-page, manual or datasheet evidence; leave unpublished values unknown."",""Check German purchasing channels, published business contacts, buyer restrictions, authorization evidence and service coverage."",""Find task-specific deployment evidence including configuration, operating conditions, supervision and measured outcomes.""]"
"P0","unreviewed","1b215369-ab83-4e2e-bb16-d83235e6bf5a","humanoid/hmnd-01-alpha","Humanoid","hmnd-01-alpha","base","HMND 01 Alpha","mobile_manipulator","prototype","public","2026-10-01","https://thehumanoid.ai/","22","0","0","","[""availability_note"",""cameras"",""collaborative"",""compute_module"",""connectivity"",""dof_hands"",""dof_total"",""finger_count"",""has_lidar"",""height_m"",""max_speed_ms"",""payload_kg"",""payload_kg:sustained"",""runtime_h:unstated"",""walk_speed_ms"",""weight_kg""]","[]","0","0","[""conflicting_specs"",""missing_3d"",""missing_core_specs"",""no_manufacturer_facts""]","[""conflicting_specs""]","[""https://humanoid.guide/product/hmnd-01-alpha-bipedal/"",""https://www.robothub.app/en/robots/hmnd-01-alpha""]","[]","[]","false","0","[]","[""Review recorded integrity/conflict issues against original evidence: conflicting_specs."",""Collect exact manufacturer product-page, manual or datasheet evidence; leave unpublished values unknown."",""Check German purchasing channels, published business contacts, buyer restrictions, authorization evidence and service coverage."",""Find task-specific deployment evidence including configuration, operating conditions, supervision and measured outcomes.""]"
"P0","unreviewed","19c25fac-6931-4d82-9b21-0182d8576d40","keenon/xman-r1","Keenon Robotics","xman-r1","base","Keenon XMAN‑R1","humanoid","shipping","public","2026-10-01","https://www.keenon.com/","12","0","0","","[""availability_note"",""collaborative"",""dof_hands"",""dof_total"",""finger_count"",""height_m"",""max_speed_ms"",""payload_kg"",""runtime_h:unstated"",""weight_kg""]","[]","0","0","[""conflicting_specs"",""missing_3d"",""missing_core_specs"",""no_manufacturer_facts""]","[""conflicting_specs""]","[""https://humanoid.guide/product/keenon-xman-r1/"",""https://www.robothub.app/en/robots/keenon-xman-r1""]","[]","[]","false","0","[]","[""Review recorded integrity/conflict issues against original evidence: conflicting_specs."",""Collect exact manufacturer product-page, manual or datasheet evidence; leave unpublished values unknown."",""Check German purchasing channels, published business contacts, buyer restrictions, authorization evidence and service coverage."",""Find task-specific deployment evidence including configuration, operating conditions, supervision and measured outcomes.""]"
"P0","unreviewed","e3cee841-29ab-4d11-ae89-3c18f5762a73","leju/kuavo-5","Leju Robotics","kuavo-5","base","Kuavo-5","humanoid","prototype","public","2026-10-01","https://www.lejurobot.com/en","22","0","0","","[""availability_note"",""cameras"",""collaborative"",""compute_module"",""connectivity"",""dof_hands"",""dof_total"",""finger_count"",""has_lidar"",""height_m"",""max_speed_ms"",""payload_kg"",""payload_kg:rated_dual"",""runtime_h:unstated"",""structural_material"",""walk_speed_ms"",""weight_kg""]","[]","0","0","[""conflicting_specs"",""missing_3d"",""missing_core_specs"",""no_manufacturer_facts""]","[""conflicting_specs""]","[""https://humanoid.guide/product/kuavo-5/"",""https://www.robothub.app/en/robots/kuavo-5""]","[]","[]","false","0","[]","[""Review recorded integrity/conflict issues against original evidence: conflicting_specs."",""Collect exact manufacturer product-page, manual or datasheet evidence; leave unpublished values unknown."",""Check German purchasing channels, published business contacts, buyer restrictions, authorization evidence and service coverage."",""Find task-specific deployment evidence including configuration, operating conditions, supervision and measured outcomes.""]"
"P0","unreviewed","2f158dc2-a6eb-489f-97ce-74f3d138206b","lg-electronics/cloid","LG Electronics","cloid","base","CLOiD","mobile_manipulator","shipping","public","2026-10-01","https://www.lg.com/global/newsroom/news/home-appliance-solution/lg-electronics-presents-lg-cloid-home-robot-to-demonstrate-zero-labor-home-at-ces-2026/","14","0","0","","[""availability_note"",""collaborative"",""compute_module"",""connectivity"",""dof_hands"",""dof_total"",""finger_count"",""height_m"",""max_speed_ms"",""payload_kg"",""runtime_h:unstated"",""structural_material"",""weight_kg""]","[]","0","0","[""conflicting_specs"",""missing_3d"",""missing_core_specs"",""no_manufacturer_facts""]","[""conflicting_specs""]","[""https://humanoid.guide/product/cloid/"",""https://www.robothub.app/en/robots/lg-cloid""]","[]","[]","false","0","[]","[""Review recorded integrity/conflict issues against original evidence: conflicting_specs."",""Collect exact manufacturer product-page, manual or datasheet evidence; leave unpublished values unknown."",""Check German purchasing channels, published business contacts, buyer restrictions, authorization evidence and service coverage."",""Find task-specific deployment evidence including configuration, operating conditions, supervision and measured outcomes.""]"
"P0","unreviewed","3d05123f-55c1-4253-b813-0ce2411b1ca2","limx-dynamics/luna","LimX Dynamics","luna","base","Luna","humanoid","shipping","public","2026-10-01","https://www.limxdynamics.com/","34","0","12","2026-09-13T20:55:37.997Z","[""availability_note"",""battery_pack"",""cameras"",""charge_time_h"",""collaborative"",""compute_module"",""connectivity"",""dof_arms"",""dof_body"",""dof_hands"",""dof_legs"",""dof_total"",""finger_count"",""has_lidar"",""height_m"",""ip_rating"",""max_speed_ms"",""payload_kg"",""payload_kg:rated"",""payload_kg:rated_dual"",""runtime_h:unstated"",""structural_material"",""weight_kg""]","[""battery_pack"",""charge_time_h"",""compute_module"",""dof_arms"",""dof_body"",""dof_legs"",""dof_total"",""height_m"",""max_speed_ms"",""payload_kg:rated"",""runtime_h:unstated"",""weight_kg""]","0","0","[""conflicting_specs""]","[""conflicting_specs""]","[""https://humanoid.guide/product/luna/"",""https://www.limxdynamics.com/en/products/luna"",""https://www.limxdynamics.com/en/products/luna/spec"",""https://www.robothub.app/en/robots/limx-luna""]","[""https://www.limxdynamics.com/en/products/luna/spec""]","[""GLOBAL""]","false","0","[{""region"":""GLOBAL"",""status"":""for_sale"",""sourceTier"":1,""sourceKind"":""manufacturer"",""sourceUrl"":""https://www.limxdynamics.com/en/products/luna"",""observedAt"":""2026-09-12T12:30:18.084Z"",""recordedInStock"":null,""recordedLeadTimeText"":""Luna is available through the manufacturer order-consultation route. Confirm configuration, quotation and delivery country with LimX sales; stock and German delivery are not stated.""}]","[""Review recorded integrity/conflict issues against original evidence: conflicting_specs."",""Recheck recorded manufacturer facts for this exact configuration, units, qualifiers and operating conditions."",""Check German purchasing channels, published business contacts, buyer restrictions, authorization evidence and service coverage."",""Find task-specific deployment evidence including configuration, operating conditions, supervision and measured outcomes.""]"
"P0","unreviewed","e80f082f-90ed-4b73-bbe4-814f47d78b0e","limx-dynamics/oli","LimX Dynamics","oli","base","LimX Oli","humanoid","shipping","public","2026-10-01","https://www.limxdynamics.com/","29","0","11","2026-09-13T20:55:37.316Z","[""availability_note"",""battery_pack"",""collaborative"",""compute_module"",""connectivity"",""dof_arms"",""dof_body"",""dof_hands"",""dof_legs"",""dof_total"",""finger_count"",""height_m"",""max_speed_ms"",""payload_kg"",""payload_kg:rated"",""runtime_h:unstated"",""walk_speed_ms"",""weight_kg""]","[""battery_pack"",""compute_module"",""dof_arms"",""dof_body"",""dof_legs"",""dof_total"",""height_m"",""max_speed_ms"",""payload_kg:rated"",""runtime_h:unstated"",""weight_kg""]","0","0","[""conflicting_specs"",""missing_core_specs""]","[""conflicting_specs""]","[""https://humanoid.guide/product/limx-oli/"",""https://www.limxdynamics.com/en/products/oli/spec"",""https://www.robothub.app/en/robots/limx-oli""]","[""https://www.limxdynamics.com/en/products/oli/spec""]","[]","false","0","[]","[""Review recorded integrity/conflict issues against original evidence: conflicting_specs."",""Recheck recorded manufacturer facts for this exact configuration, units, qualifiers and operating conditions."",""Check German purchasing channels, published business contacts, buyer restrictions, authorization evidence and service coverage."",""Find task-specific deployment evidence including configuration, operating conditions, supervision and measured outcomes.""]"
"P0","unreviewed","ac87a08d-302a-4290-8d15-57e4c507a8a2","limx-dynamics/tron-1","LimX Dynamics","tron-1","base","TRON 1","humanoid","shipping","public","2026-10-01","https://www.limxdynamics.com/","16","0","10","2026-09-13T20:55:39.986Z","[""battery_pack"",""compute_module"",""footprint"",""height_m"",""max_slope_deg"",""payload_kg:rated"",""runtime_h:unstated"",""step_height_m"",""terrain_notes"",""weight_kg""]","[""battery_pack"",""compute_module"",""footprint"",""height_m"",""max_slope_deg"",""payload_kg:rated"",""runtime_h:unstated"",""step_height_m"",""terrain_notes"",""weight_kg""]","0","0","[""conflicting_specs"",""missing_core_specs""]","[""conflicting_specs""]","[""https://robotpriceindex.com/robots/limx-tron-1"",""https://www.limxdynamics.com/en/products/tron1"",""https://www.limxdynamics.com/en/products/tron1/spec"",""https://www.robothub.app/en/robots/tron-1""]","[""https://www.limxdynamics.com/en/products/tron1/spec""]","[""GLOBAL""]","false","0","[{""region"":""GLOBAL"",""status"":""for_sale"",""sourceTier"":1,""sourceKind"":""manufacturer"",""sourceUrl"":""https://www.limxdynamics.com/en/products/tron1"",""observedAt"":""2026-09-13T21:08:22.835Z"",""recordedInStock"":null,""recordedLeadTimeText"":""The exact TRON 1 official page offers Buy Now and links to LimX ordering.""}]","[""Review recorded integrity/conflict issues against original evidence: conflicting_specs."",""Recheck recorded manufacturer facts for this exact configuration, units, qualifiers and operating conditions."",""Check German purchasing channels, published business contacts, buyer restrictions, authorization evidence and service coverage."",""Find task-specific deployment evidence including configuration, operating conditions, supervision and measured outcomes.""]"
"P0","unreviewed","1a94908f-8333-452c-94a6-0c7094621b88","limx-dynamics/tron-2","LimX Dynamics","tron-2","base","TRON 2","humanoid","shipping","public","2026-10-01","https://www.limxdynamics.com/","8","0","0","","[""cameras"",""compute_module"",""dof_total"",""has_lidar"",""height_m"",""max_speed_ms"",""payload_kg:sustained""]","[]","0","0","[""conflicting_specs"",""missing_3d"",""missing_core_specs"",""no_manufacturer_facts""]","[""conflicting_specs""]","[""https://robotpriceindex.com/robots/limx-tron-2"",""https://www.limxdynamics.com/en/products/tron2"",""https://www.robothub.app/en/robots/tron-2""]","[]","[""GLOBAL""]","false","0","[{""region"":""GLOBAL"",""status"":""for_sale"",""sourceTier"":1,""sourceKind"":""manufacturer"",""sourceUrl"":""https://www.limxdynamics.com/en/products/tron2"",""observedAt"":""2026-09-13T20:30:28.671Z"",""recordedInStock"":null,""recordedLeadTimeText"":""Available to order through LimX sales. Confirm configuration, price and delivery with the manufacturer.""}]","[""Review recorded integrity/conflict issues against original evidence: conflicting_specs."",""Collect exact manufacturer product-page, manual or datasheet evidence; leave unpublished values unknown."",""Check German purchasing channels, published business contacts, buyer restrictions, authorization evidence and service coverage."",""Find task-specific deployment evidence including configuration, operating conditions, supervision and measured outcomes.""]"
"P0","unreviewed","ea58c86c-58d1-48cd-bca5-a5379e4ad4b4","lumos/lus-2","Lumos Robotics","lus-2","base","LUS 2","humanoid","unknown","public","2026-10-01","https://www.lumosbot.tech/","1","0","0","","[""height_m""]","[]","0","0","[""missing_3d"",""missing_core_specs"",""no_manufacturer_facts"",""possible_duplicate_name""]","[""possible_duplicate_name""]","[""https://www.humanoidhub.ai/robots/lumos-lus-2""]","[]","[]","false","0","[]","[""Resolve model and configuration identity against exact manufacturer product pages; do not merge base and EDU by name."",""Review recorded integrity/conflict issues against original evidence: possible_duplicate_name."",""Collect exact manufacturer product-page, manual or datasheet evidence; leave unpublished values unknown."",""Check German purchasing channels, published business contacts, buyer restrictions, authorization evidence and service coverage."",""Find task-specific deployment evidence including configuration, operating conditions, supervision and measured outcomes.""]"
"P0","unreviewed","a2ed94a6-0f48-4eb1-a3d4-73fd50fc0ea8","lumos/lus2","Lumos Robotics","lus2","base","LUS2","humanoid","shipping","public","2026-10-01","https://www.lumosbot.tech/","21","0","0","","[""availability_note"",""cameras"",""collaborative"",""compute_module"",""connectivity"",""dof_hands"",""dof_total"",""finger_count"",""has_lidar"",""height_m"",""max_speed_ms"",""payload_kg"",""runtime_h:unstated"",""structural_material"",""walk_speed_ms"",""weight_kg""]","[]","0","0","[""conflicting_specs"",""missing_3d"",""missing_core_specs"",""no_manufacturer_facts"",""possible_duplicate_name""]","[""conflicting_specs"",""possible_duplicate_name""]","[""https://humanoid.guide/product/lus2/"",""https://www.robothub.app/en/robots/lus2""]","[]","[]","false","0","[]","[""Resolve model and configuration identity against exact manufacturer product pages; do not merge base and EDU by name."",""Review recorded integrity/conflict issues against original evidence: conflicting_specs, possible_duplicate_name."",""Collect exact manufacturer product-page, manual or datasheet evidence; leave unpublished values unknown."",""Check German purchasing channels, published business contacts, buyer restrictions, authorization evidence and service coverage."",""Find task-specific deployment evidence including configuration, operating conditions, supervision and measured outcomes.""]"
"P0","unreviewed","993dbced-3e9e-4bcf-b8f7-85782e1c5c78","magiclab/magicbot-z1","MagicLab","magicbot-z1","base","MagicBot Z1","humanoid","shipping","public","2026-10-01","https://www.magiclab.top/","19","0","0","","[""availability_note"",""compute_module"",""dof_total"",""finger_count"",""height_m"",""max_speed_ms"",""payload_kg"",""payload_kg:rated_dual"",""runtime_h:unstated"",""structural_material"",""walk_speed_ms"",""weight_kg""]","[]","0","0","[""conflicting_specs"",""missing_3d"",""missing_core_specs"",""no_manufacturer_facts""]","[""conflicting_specs""]","[""https://humanoid.guide/product/magicbot-z1/"",""https://robotpriceindex.com/robots/magicbot-z1"",""https://www.magiclab.top/en/z1"",""https://www.robothub.app/en/robots/magicbot-z1""]","[]","[""GLOBAL""]","false","0","[{""region"":""GLOBAL"",""status"":""for_sale"",""sourceTier"":1,""sourceKind"":""manufacturer"",""sourceUrl"":""https://www.magiclab.top/en/z1"",""observedAt"":""2026-09-13T21:34:14.178Z"",""recordedInStock"":null,""recordedLeadTimeText"":""Available through MagicLab purchase consultation. Request a quotation and confirm configuration, lead time and delivery to Germany with the manufacturer; no stock or German delivery promise is published here.""}]","[""Review recorded integrity/conflict issues against original evidence: conflicting_specs."",""Collect exact manufacturer product-page, manual or datasheet evidence; leave unpublished values unknown."",""Check German purchasing channels, published business contacts, buyer restrictions, authorization evidence and service coverage."",""Find task-specific deployment evidence including configuration, operating conditions, supervision and measured outcomes.""]"
"P0","unreviewed","3417f5d1-97ae-4a30-b613-7d3cc9db3c45","mentee/menteebot","Mentee Robotics","menteebot","base","MenteeBot","humanoid","prototype","public","2026-10-01","https://www.menteebot.com/","9","0","0","","[""availability_note"",""dof_total"",""height_m"",""max_speed_ms"",""payload_kg"",""runtime_h:unstated"",""walk_speed_ms"",""weight_kg""]","[]","0","0","[""conflicting_specs"",""missing_3d"",""missing_core_specs"",""no_manufacturer_facts""]","[""conflicting_specs""]","[""https://humanoid.guide/product/menteebot/"",""https://www.humanoidhub.ai/robots/menteebot""]","[]","[]","false","0","[]","[""Review recorded integrity/conflict issues against original evidence: conflicting_specs."",""Collect exact manufacturer product-page, manual or datasheet evidence; leave unpublished values unknown."",""Check German purchasing channels, published business contacts, buyer restrictions, authorization evidence and service coverage."",""Find task-specific deployment evidence including configuration, operating conditions, supervision and measured outcomes.""]"
"P0","unreviewed","e63b41a2-27f8-49d4-8ede-eccff745c752","neura/4ne-1","NEURA Robotics","4ne-1","base","4NE-1","humanoid","prototype","public","2026-10-01","https://neura-robotics.com/","8","0","0","","[""availability_note"",""dof_total"",""height_m"",""max_speed_ms"",""payload_kg"",""runtime_h:unstated"",""walk_speed_ms"",""weight_kg""]","[]","0","0","[""missing_3d"",""missing_core_specs"",""no_manufacturer_facts"",""possible_duplicate_name""]","[""possible_duplicate_name""]","[""https://humanoid.guide/product/4ne-1/""]","[]","[]","false","0","[]","[""Resolve model and configuration identity against exact manufacturer product pages; do not merge base and EDU by name."",""Review recorded integrity/conflict issues against original evidence: possible_duplicate_name."",""Collect exact manufacturer product-page, manual or datasheet evidence; leave unpublished values unknown."",""Check German purchasing channels, published business contacts, buyer restrictions, authorization evidence and service coverage."",""Find task-specific deployment evidence including configuration, operating conditions, supervision and measured outcomes.""]"
"P0","unreviewed","fea7fcbf-7e67-4312-b439-3ebdfad2e604","neura/4ne1","NEURA Robotics","4ne1","base","4NE1","humanoid","shipping","public","2026-10-01","https://neura-robotics.com/","16","0","0","","[""availability_note"",""collaborative"",""compute_module"",""connectivity"",""finger_count"",""height_m"",""max_speed_ms"",""payload_kg"",""payload_kg:rated_dual"",""runtime_h:unstated"",""structural_material"",""walk_speed_ms"",""weight_kg""]","[]","0","0","[""missing_3d"",""missing_core_specs"",""no_manufacturer_facts"",""possible_duplicate_name""]","[""possible_duplicate_name""]","[""https://humanoid.guide/product/4ne1/"",""https://www.robothub.app/en/robots/4ne-1""]","[]","[]","false","0","[]","[""Resolve model and configuration identity against exact manufacturer product pages; do not merge base and EDU by name."",""Review recorded integrity/conflict issues against original evidence: possible_duplicate_name."",""Collect exact manufacturer product-page, manual or datasheet evidence; leave unpublished values unknown."",""Check German purchasing channels, published business contacts, buyer restrictions, authorization evidence and service coverage."",""Find task-specific deployment evidence including configuration, operating conditions, supervision and measured outcomes.""]"
"P0","unreviewed","1c4f8f6f-0d27-4e7d-8a95-e891243c7dd4","noetix/dora","Noetix Robotics","dora","base","Dora","humanoid","prototype","public","2026-10-01","https://en.noetixrobotics.com/","12","0","0","","[""availability_note"",""collaborative"",""compute_module"",""dof_total"",""height_m"",""max_speed_ms"",""payload_kg"",""payload_kg:rated_dual"",""structural_material"",""weight_kg""]","[]","0","0","[""conflicting_specs"",""missing_3d"",""missing_core_specs"",""missing_image"",""no_manufacturer_facts""]","[""conflicting_specs""]","[""https://humanoid.guide/product/dora/"",""https://www.robothub.app/en/robots/noetix-dora""]","[]","[]","false","0","[]","[""Review recorded integrity/conflict issues against original evidence: conflicting_specs."",""Collect exact manufacturer product-page, manual or datasheet evidence; leave unpublished values unknown."",""Check German purchasing channels, published business contacts, buyer restrictions, authorization evidence and service coverage."",""Find task-specific deployment evidence including configuration, operating conditions, supervision and measured outcomes.""]"
"P0","unreviewed","5573bd4c-916a-418e-85ef-77b060a42977","pal/kangaroo","PAL Robotics","kangaroo","base","Kangaroo","humanoid","prototype","public","2026-10-01","https://pal-robotics.com/","14","0","7","2026-09-12T12:02:24.808Z","[""availability_note"",""battery_pack"",""battery_wh"",""connectivity"",""dof_legs"",""dof_total"",""height_m"",""max_speed_ms"",""payload_kg"",""runtime_h:unstated"",""weight_kg""]","[""battery_pack"",""battery_wh"",""connectivity"",""dof_legs"",""dof_total"",""height_m"",""weight_kg""]","0","0","[""conflicting_specs"",""missing_3d"",""missing_core_specs""]","[""conflicting_specs""]","[""https://humanoid.guide/product/kangaroo/"",""https://pal-robotics.com/robot/kangaroo/""]","[""https://pal-robotics.com/robot/kangaroo/""]","[]","false","0","[]","[""Review recorded integrity/conflict issues against original evidence: conflicting_specs."",""Recheck recorded manufacturer facts for this exact configuration, units, qualifiers and operating conditions."",""Check German purchasing channels, published business contacts, buyer restrictions, authorization evidence and service coverage."",""Find task-specific deployment evidence including configuration, operating conditions, supervision and measured outcomes.""]"
"P0","unreviewed","a0bf14cd-0172-4164-b185-b63cbcc28e29","paxini/tora-double-one","PaXini","tora-double-one","base","TORA DOUBLE ONE","mobile_manipulator","shipping","public","2026-10-01","https://paxini.com/robot/doubleOne","6","0","0","","[""dof_total"",""height_m"",""max_speed_ms"",""payload_kg:sustained"",""runtime_h:unstated"",""weight_kg""]","[]","0","0","[""missing_3d"",""missing_core_specs"",""missing_image"",""no_manufacturer_facts"",""possible_duplicate_name""]","[""possible_duplicate_name""]","[""https://www.robothub.app/en/robots/paxini-tora-double-one""]","[]","[]","false","0","[]","[""Resolve model and configuration identity against exact manufacturer product pages; do not merge base and EDU by name."",""Review recorded integrity/conflict issues against original evidence: possible_duplicate_name."",""Collect exact manufacturer product-page, manual or datasheet evidence; leave unpublished values unknown."",""Check German purchasing channels, published business contacts, buyer restrictions, authorization evidence and service coverage."",""Find task-specific deployment evidence including configuration, operating conditions, supervision and measured outcomes.""]"
"P0","unreviewed","3cc34de2-c70a-4c72-87aa-f4c004a75e7e","paxini/tora-doubleone","PaXini","tora-doubleone","base","Tora DoubleOne","humanoid","pre_order","public","2026-10-01","https://paxini.com/robot/doubleOne","12","0","0","","[""availability_note"",""collaborative"",""compute_module"",""connectivity"",""dof_hands"",""dof_total"",""finger_count"",""height_m"",""max_speed_ms"",""payload_kg"",""runtime_h:unstated"",""weight_kg""]","[]","0","0","[""missing_3d"",""missing_core_specs"",""missing_image"",""no_manufacturer_facts"",""possible_duplicate_name""]","[""possible_duplicate_name""]","[""https://humanoid.guide/product/tora-doubleone/""]","[]","[]","false","0","[]","[""Resolve model and configuration identity against exact manufacturer product pages; do not merge base and EDU by name."",""Review recorded integrity/conflict issues against original evidence: possible_duplicate_name."",""Collect exact manufacturer product-page, manual or datasheet evidence; leave unpublished values unknown."",""Check German purchasing channels, published business contacts, buyer restrictions, authorization evidence and service coverage."",""Find task-specific deployment evidence including configuration, operating conditions, supervision and measured outcomes.""]"
"P0","unreviewed","852c7f65-4abd-4743-80c5-28e3e293ee05","paxini/tora-one","PaXini","tora-one","base","TORA ONE","mobile_manipulator","unknown","public","2026-10-01","https://paxini.com/robot/doubleOne","6","0","0","","[""dof_hands"",""dof_total"",""height_m"",""max_speed_ms"",""payload_kg:sustained"",""runtime_h:unstated""]","[]","0","0","[""missing_3d"",""missing_core_specs"",""missing_image"",""no_manufacturer_facts"",""possible_duplicate_name""]","[""possible_duplicate_name""]","[""https://www.robothub.app/en/robots/paxini-tora-one""]","[]","[]","false","0","[]","[""Resolve model and configuration identity against exact manufacturer product pages; do not merge base and EDU by name."",""Review recorded integrity/conflict issues against original evidence: possible_duplicate_name."",""Collect exact manufacturer product-page, manual or datasheet evidence; leave unpublished values unknown."",""Check German purchasing channels, published business contacts, buyer restrictions, authorization evidence and service coverage."",""Find task-specific deployment evidence including configuration, operating conditions, supervision and measured outcomes.""]"
"P0","unreviewed","a435e50e-8a8b-4d07-8f22-71a9c97659c0","paxini/toraone","PaXini","toraone","base","ToraOne","humanoid","prototype","public","2026-10-01","https://paxini.com/robot/doubleOne","6","0","0","","[""availability_note"",""dof_total"",""height_m"",""max_speed_ms"",""payload_kg"",""runtime_h:unstated""]","[]","0","0","[""missing_3d"",""missing_core_specs"",""missing_image"",""no_manufacturer_facts"",""possible_duplicate_name""]","[""possible_duplicate_name""]","[""https://humanoid.guide/product/toraone/""]","[]","[]","false","0","[]","[""Resolve model and configuration identity against exact manufacturer product pages; do not merge base and EDU by name."",""Review recorded integrity/conflict issues against original evidence: possible_duplicate_name."",""Collect exact manufacturer product-page, manual or datasheet evidence; leave unpublished values unknown."",""Check German purchasing channels, published business contacts, buyer restrictions, authorization evidence and service coverage."",""Find task-specific deployment evidence including configuration, operating conditions, supervision and measured outcomes.""]"
"P0","unreviewed","35d1ae3b-11c0-445b-a72b-f5f3fd3b2c4e","pl-universe/prowhite","PL-Universe","prowhite","base","ProWhite","humanoid","shipping","public","2026-10-01","https://en.pl-universe.com/","13","0","0","","[""availability_note"",""charge_time_h"",""collaborative"",""compute_module"",""connectivity"",""dof_hands"",""dof_total"",""height_m"",""payload_kg"",""runtime_h:unstated"",""structural_material"",""weight_kg""]","[]","0","0","[""conflicting_specs"",""missing_3d"",""missing_core_specs"",""no_manufacturer_facts""]","[""conflicting_specs""]","[""https://en.pl-universe.com/prowhite/12"",""https://humanoid.guide/product/prowhite/""]","[]","[]","false","0","[]","[""Review recorded integrity/conflict issues against original evidence: conflicting_specs."",""Collect exact manufacturer product-page, manual or datasheet evidence; leave unpublished values unknown."",""Check German purchasing channels, published business contacts, buyer restrictions, authorization evidence and service coverage."",""Find task-specific deployment evidence including configuration, operating conditions, supervision and measured outcomes.""]"
"P0","unreviewed","3f7798d4-d302-481a-bbc4-093903d7746b","pudu/d9","Pudu Robotics","d9","base","Pudu D9","humanoid","prototype","public","2026-10-01","https://www.pudurobotics.com/","19","0","0","","[""availability_note"",""cameras"",""compute_module"",""dof_hands"",""dof_total"",""has_lidar"",""height_m"",""max_speed_ms"",""payload_kg"",""payload_kg:rated_dual"",""runtime_h:unstated"",""weight_kg""]","[]","0","0","[""conflicting_specs"",""missing_3d"",""missing_core_specs"",""missing_image"",""no_manufacturer_facts"",""reported_availability""]","[""conflicting_specs""]","[""https://humanoid.guide/product/pudu-d9/"",""https://robotpriceindex.com/robots/pudu-d9"",""https://www.robothub.app/en/robots/pudu-d9""]","[]","[]","false","1","[]","[""Review recorded integrity/conflict issues against original evidence: conflicting_specs."",""Collect exact manufacturer product-page, manual or datasheet evidence; leave unpublished values unknown."",""Check German purchasing channels, published business contacts, buyer restrictions, authorization evidence and service coverage."",""Find task-specific deployment evidence including configuration, operating conditions, supervision and measured outcomes.""]"
"P0","unreviewed","95a74b01-2fc3-45c8-8716-e84c8d89378c","pudu/flashbot-arm","Pudu Robotics","flashbot-arm","base","FlashBot Arm","mobile_manipulator","shipping","public","2026-10-01","https://www.pudurobotics.com/","15","0","0","","[""availability_note"",""cameras"",""collaborative"",""connectivity"",""dof_hands"",""finger_count"",""has_lidar"",""height_m"",""max_speed_ms"",""payload_kg"",""runtime_h:unstated"",""weight_kg""]","[]","0","0","[""conflicting_specs"",""missing_3d"",""missing_core_specs"",""missing_image"",""no_manufacturer_facts""]","[""conflicting_specs""]","[""https://humanoid.guide/product/flashbot-arm/"",""https://www.robothub.app/en/robots/flashbot-arm""]","[]","[]","false","0","[]","[""Review recorded integrity/conflict issues against original evidence: conflicting_specs."",""Collect exact manufacturer product-page, manual or datasheet evidence; leave unpublished values unknown."",""Check German purchasing channels, published business contacts, buyer restrictions, authorization evidence and service coverage."",""Find task-specific deployment evidence including configuration, operating conditions, supervision and measured outcomes.""]"
"P0","unreviewed","907f6578-f462-4c5e-8768-691472dcd94b","rainbow/rb-y1","Rainbow Robotics","rb-y1","base","RB-Y1","humanoid","shipping","public","2026-10-01","https://www.rainbow-robotics.com/en_main","12","0","0","","[""availability_note"",""dof_total"",""height_m"",""max_speed_ms"",""payload_kg"",""runtime_h:unstated"",""walk_speed_ms"",""weight_kg""]","[]","0","0","[""conflicting_specs"",""missing_core_specs"",""no_manufacturer_facts"",""reported_availability""]","[""conflicting_specs""]","[""https://humanoid.guide/product/rb-y1/"",""https://robotpriceindex.com/robots/rainbow-robotics-rb-y1"",""https://www.humanoidhub.ai/robots/rb-y1""]","[]","[]","false","1","[]","[""Review recorded integrity/conflict issues against original evidence: conflicting_specs."",""Collect exact manufacturer product-page, manual or datasheet evidence; leave unpublished values unknown."",""Check German purchasing channels, published business contacts, buyer restrictions, authorization evidence and service coverage."",""Find task-specific deployment evidence including configuration, operating conditions, supervision and measured outcomes.""]"
"P0","unreviewed","2bfdb319-8745-410e-a2d6-a17ca5b8724b","roboparty/roboto-origin","Shanghai RoboParty Technology Co., Ltd.","roboto-origin","base","Roboto Origin","humanoid","prototype","public","2026-10-01","https://www.roboparty.com/","18","0","0","","[""availability_note"",""cameras"",""collaborative"",""compute_module"",""connectivity"",""dof_total"",""has_lidar"",""height_m"",""max_speed_ms"",""payload_kg"",""runtime_h:unstated"",""structural_material"",""weight_kg""]","[]","0","0","[""conflicting_specs"",""missing_3d"",""missing_core_specs"",""no_manufacturer_facts""]","[""conflicting_specs""]","[""https://humanoid.guide/product/roboto-origin/"",""https://www.robothub.app/en/robots/roboto-origin""]","[]","[]","false","0","[]","[""Review recorded integrity/conflict issues against original evidence: conflicting_specs."",""Collect exact manufacturer product-page, manual or datasheet evidence; leave unpublished values unknown."",""Check German purchasing channels, published business contacts, buyer restrictions, authorization evidence and service coverage."",""Find task-specific deployment evidence including configuration, operating conditions, supervision and measured outcomes.""]"
"P0","unreviewed","fc39fc11-4995-467b-bbd0-8af1a96d131a","robotera/l7","Robotera","l7","base","Robotera L7","humanoid","prototype","public","2026-10-01","https://www.robotera.com/","20","0","0","","[""actuators"",""availability_note"",""cameras"",""compute_module"",""dof_hands"",""dof_total"",""finger_count"",""has_lidar"",""height_m"",""max_speed_ms"",""payload_kg"",""payload_kg:rated_dual"",""structural_material"",""weight_kg""]","[]","0","0","[""conflicting_specs"",""missing_core_specs"",""no_manufacturer_facts""]","[""conflicting_specs""]","[""https://github.com/roboterax/humanoid-lab/blob/b5b1092051564b9d1cc87fd089a2baf9bc4493a1/source/era_okcc_humanoid_lab/era_okcc_humanoid_lab/assets/xbot_description/urdf/l7_29dof_neck_fixed.urdf"",""https://humanoid.guide/product/robotera-l7/"",""https://www.robothub.app/en/robots/robotera-l7""]","[]","[]","false","0","[]","[""Review recorded integrity/conflict issues against original evidence: conflicting_specs."",""Collect exact manufacturer product-page, manual or datasheet evidence; leave unpublished values unknown."",""Check German purchasing channels, published business contacts, buyer restrictions, authorization evidence and service coverage."",""Find task-specific deployment evidence including configuration, operating conditions, supervision and measured outcomes.""]"
"P0","unreviewed","546eb860-392f-422e-8548-a7cb891ca49e","robotera/m7","Robotera","m7","base","Robotera M7","mobile_manipulator","shipping","public","2026-10-01","https://www.robotera.com/","17","0","0","","[""availability_note"",""cameras"",""collaborative"",""compute_module"",""connectivity"",""dof_hands"",""dof_total"",""finger_count"",""has_lidar"",""height_m"",""payload_kg"",""structural_material"",""weight_kg""]","[]","0","0","[""conflicting_specs"",""missing_3d"",""missing_core_specs"",""missing_image"",""no_manufacturer_facts""]","[""conflicting_specs""]","[""https://humanoid.guide/product/robotera-m7/"",""https://www.robothub.app/en/robots/robotera-m7""]","[]","[]","false","0","[]","[""Review recorded integrity/conflict issues against original evidence: conflicting_specs."",""Collect exact manufacturer product-page, manual or datasheet evidence; leave unpublished values unknown."",""Check German purchasing channels, published business contacts, buyer restrictions, authorization evidence and service coverage."",""Find task-specific deployment evidence including configuration, operating conditions, supervision and measured outcomes.""]"
"P0","unreviewed","aeea27a2-a2a5-484d-94f2-52609bf8a8fd","robotera/q5","Robotera","q5","base","ROBOTERA Q5","mobile_manipulator","shipping","public","2026-10-01","https://www.robotera.com/","21","0","0","","[""availability_note"",""cameras"",""collaborative"",""compute_module"",""connectivity"",""dof_hands"",""dof_total"",""finger_count"",""has_lidar"",""height_m"",""max_speed_ms"",""payload_kg"",""payload_kg:sustained"",""runtime_h:unstated"",""structural_material"",""weight_kg""]","[]","0","0","[""conflicting_specs"",""missing_3d"",""missing_core_specs"",""missing_image"",""no_manufacturer_facts""]","[""conflicting_specs""]","[""https://humanoid.guide/product/robotera-q5/"",""https://www.robothub.app/en/robots/robotera-q5""]","[]","[]","false","0","[]","[""Review recorded integrity/conflict issues against original evidence: conflicting_specs."",""Collect exact manufacturer product-page, manual or datasheet evidence; leave unpublished values unknown."",""Check German purchasing channels, published business contacts, buyer restrictions, authorization evidence and service coverage."",""Find task-specific deployment evidence including configuration, operating conditions, supervision and measured outcomes.""]"
"P0","unreviewed","2c756003-53f1-4884-a282-b982c7879927","robotera/star1","Robotera","star1","base","Star1","humanoid","prototype","public","2026-10-01","https://www.robotera.com/","14","0","0","","[""availability_note"",""dof_total"",""height_m"",""max_speed_ms"",""payload_kg"",""runtime_h:unstated"",""weight_kg""]","[]","0","0","[""conflicting_specs"",""missing_3d"",""missing_core_specs"",""missing_image"",""no_manufacturer_facts"",""reported_availability""]","[""conflicting_specs""]","[""https://humanoid.guide/product/star1/"",""https://robotpriceindex.com/robots/robot-era-star1"",""https://www.humanoidhub.ai/robots/star1""]","[]","[]","false","0","[]","[""Review recorded integrity/conflict issues against original evidence: conflicting_specs."",""Collect exact manufacturer product-page, manual or datasheet evidence; leave unpublished values unknown."",""Check German purchasing channels, published business contacts, buyer restrictions, authorization evidence and service coverage."",""Find task-specific deployment evidence including configuration, operating conditions, supervision and measured outcomes.""]"
"P0","unreviewed","a137c30e-1b46-4036-8417-4e6423bf3b15","robotis/ai-sapiens","Robotis","ai-sapiens","base","AI Sapiens","humanoid","prototype","public","2026-10-01","https://ai.robotis.com/","8","0","4","2026-09-08T23:30:02.272Z","[""battery_pack"",""compute_module"",""dof_total"",""height_m"",""payload_kg:peak"",""weight_kg""]","[""battery_pack"",""height_m"",""payload_kg:peak"",""weight_kg""]","0","0","[""conflicting_specs"",""missing_3d"",""missing_core_specs""]","[""conflicting_specs""]","[""https://ai.robotis.com/ai_sapiens/introduction_ai_sapiens.html"",""https://www.robothub.app/en/robots/ai-sapiens""]","[""https://ai.robotis.com/ai_sapiens/introduction_ai_sapiens.html""]","[]","false","0","[]","[""Review recorded integrity/conflict issues against original evidence: conflicting_specs."",""Recheck recorded manufacturer facts for this exact configuration, units, qualifiers and operating conditions."",""Check German purchasing channels, published business contacts, buyer restrictions, authorization evidence and service coverage."",""Find task-specific deployment evidence including configuration, operating conditions, supervision and measured outcomes.""]"
"P0","unreviewed","8d4912d2-0a83-4346-9b1c-5b91b0d44106","robotis/ai-worker","Robotis","ai-worker","base","AI Worker","humanoid","shipping","public","2026-10-01","https://ai.robotis.com/","17","0","4","2026-09-08T23:15:47.515Z","[""availability_note"",""collaborative"",""compute_module"",""connectivity"",""dof_hands"",""dof_total"",""finger_count"",""height_m"",""max_speed_ms"",""payload_kg"",""payload_kg:rated"",""runtime_h:unstated"",""structural_material"",""weight_kg""]","[""compute_module"",""connectivity"",""payload_kg:rated"",""weight_kg""]","0","0","[""conflicting_specs"",""missing_3d"",""missing_core_specs""]","[""conflicting_specs""]","[""https://ai.robotis.com/ai_worker/hardware_ai_worker.html"",""https://humanoid.guide/product/ai-worker/""]","[""https://ai.robotis.com/ai_worker/hardware_ai_worker.html""]","[]","false","0","[]","[""Review recorded integrity/conflict issues against original evidence: conflicting_specs."",""Recheck recorded manufacturer facts for this exact configuration, units, qualifiers and operating conditions."",""Check German purchasing channels, published business contacts, buyer restrictions, authorization evidence and service coverage."",""Find task-specific deployment evidence including configuration, operating conditions, supervision and measured outcomes.""]"
"P0","unreviewed","914b7fcc-1819-44f1-a32d-c26bf96808b1","sanctuary/phoenix","Sanctuary AI","phoenix","base","Phoenix","humanoid","prototype","public","2026-10-01","https://sanctuary.ai/product/","13","0","0","","[""availability_note"",""dof_total"",""height_m"",""max_speed_ms"",""payload_kg"",""payload_kg:rated_dual"",""runtime_h:unstated"",""walk_speed_ms"",""weight_kg""]","[]","0","0","[""conflicting_specs"",""missing_3d"",""missing_core_specs"",""no_manufacturer_facts""]","[""conflicting_specs""]","[""https://humanoid.guide/product/phoenix/"",""https://www.robothub.app/en/robots/phoenix""]","[]","[]","false","0","[]","[""Review recorded integrity/conflict issues against original evidence: conflicting_specs."",""Collect exact manufacturer product-page, manual or datasheet evidence; leave unpublished values unknown."",""Check German purchasing channels, published business contacts, buyer restrictions, authorization evidence and service coverage."",""Find task-specific deployment evidence including configuration, operating conditions, supervision and measured outcomes.""]"
"P0","unreviewed","ec409276-c904-4364-92af-fc8d0006008b","spirit/moz1","Spirit AI","moz1","base","Moz1","humanoid","prototype","public","2026-10-01","https://spirit-ai.com/","20","0","0","","[""availability_note"",""cameras"",""collaborative"",""connectivity"",""dof_total"",""finger_count"",""has_lidar"",""height_m"",""max_speed_ms"",""payload_kg"",""payload_kg:rated_dual"",""runtime_h:unstated"",""structural_material"",""walk_speed_ms"",""weight_kg""]","[]","0","0","[""conflicting_specs"",""missing_3d"",""missing_core_specs"",""missing_image"",""no_manufacturer_facts""]","[""conflicting_specs""]","[""https://humanoid.guide/product/moz1/"",""https://www.robothub.app/en/robots/moz1""]","[]","[]","false","0","[]","[""Review recorded integrity/conflict issues against original evidence: conflicting_specs."",""Collect exact manufacturer product-page, manual or datasheet evidence; leave unpublished values unknown."",""Check German purchasing channels, published business contacts, buyer restrictions, authorization evidence and service coverage."",""Find task-specific deployment evidence including configuration, operating conditions, supervision and measured outcomes.""]"
"P0","unreviewed","d76c7e51-3da3-4055-8970-8f2b34b24d93","tesla/optimus","Tesla","optimus","base","Optimus","humanoid","prototype","public","2026-10-01","https://www.tesla.com/en_th/AI","11","0","0","","[""availability_note"",""dof_total"",""height_m"",""max_speed_ms"",""payload_kg"",""runtime_h:unstated"",""walk_speed_ms"",""weight_kg""]","[]","0","0","[""conflicting_specs"",""missing_3d"",""missing_core_specs"",""no_manufacturer_facts"",""reported_availability""]","[""conflicting_specs""]","[""https://humanoid.guide/product/optimus/"",""https://robotpriceindex.com/robots/tesla-optimus"",""https://www.humanoidhub.ai/robots/optimus""]","[]","[]","false","0","[]","[""Review recorded integrity/conflict issues against original evidence: conflicting_specs."",""Collect exact manufacturer product-page, manual or datasheet evidence; leave unpublished values unknown."",""Check German purchasing channels, published business contacts, buyer restrictions, authorization evidence and service coverage."",""Find task-specific deployment evidence including configuration, operating conditions, supervision and measured outcomes.""]"
"P0","unreviewed","d7c7ee80-8d8a-4978-9b2a-dd61fdecfbdb","tesla/optimus-gen-2","Tesla","optimus-gen-2","base","Optimus Gen 2","humanoid","unknown","public","2026-10-01","https://www.tesla.com/en_th/AI","10","0","0","","[""cameras"",""compute_module"",""dof_hands"",""dof_total"",""has_lidar"",""height_m"",""max_speed_ms"",""payload_kg:rated_dual"",""runtime_h:unstated"",""weight_kg""]","[]","0","0","[""missing_3d"",""missing_core_specs"",""missing_image"",""no_manufacturer_facts"",""possible_duplicate_name""]","[""possible_duplicate_name""]","[""https://www.robothub.app/en/robots/optimus-gen2""]","[]","[]","false","0","[]","[""Resolve model and configuration identity against exact manufacturer product pages; do not merge base and EDU by name."",""Review recorded integrity/conflict issues against original evidence: possible_duplicate_name."",""Collect exact manufacturer product-page, manual or datasheet evidence; leave unpublished values unknown."",""Check German purchasing channels, published business contacts, buyer restrictions, authorization evidence and service coverage."",""Find task-specific deployment evidence including configuration, operating conditions, supervision and measured outcomes.""]"
"P0","unreviewed","e8d38a52-9d45-4003-af7e-4dd05ba16d8e","tesla/optimus-gen-3","Tesla","optimus-gen-3","base","OPTIMUS GEN 3","humanoid","shipping","public","2026-10-01","https://www.tesla.com/en_th/AI","24","0","0","","[""availability_note"",""cameras"",""collaborative"",""compute_module"",""connectivity"",""dof_hands"",""dof_total"",""finger_count"",""has_lidar"",""height_m"",""max_speed_ms"",""payload_kg"",""payload_kg:rated_dual"",""runtime_h:unstated"",""structural_material"",""walk_speed_ms"",""weight_kg""]","[]","0","0","[""conflicting_specs"",""missing_3d"",""missing_core_specs"",""missing_image"",""no_manufacturer_facts""]","[""conflicting_specs""]","[""https://humanoid.guide/product/optimus-gen-3/"",""https://www.robothub.app/en/robots/optimus-gen-3""]","[]","[]","false","0","[]","[""Review recorded integrity/conflict issues against original evidence: conflicting_specs."",""Collect exact manufacturer product-page, manual or datasheet evidence; leave unpublished values unknown."",""Check German purchasing channels, published business contacts, buyer restrictions, authorization evidence and service coverage."",""Find task-specific deployment evidence including configuration, operating conditions, supervision and measured outcomes.""]"
"P0","unreviewed","47c89745-5c1b-41e3-bd2b-2aff878e8341","tesla/optimus-gen2","Tesla","optimus-gen2","base","Optimus Gen2","humanoid","prototype","public","2026-10-01","https://www.tesla.com/en_th/AI","8","0","0","","[""availability_note"",""dof_total"",""height_m"",""max_speed_ms"",""payload_kg"",""runtime_h:unstated"",""walk_speed_ms"",""weight_kg""]","[]","0","0","[""missing_3d"",""missing_core_specs"",""missing_image"",""no_manufacturer_facts"",""possible_duplicate_name""]","[""possible_duplicate_name""]","[""https://humanoid.guide/product/optimus-gen2/""]","[]","[]","false","0","[]","[""Resolve model and configuration identity against exact manufacturer product pages; do not merge base and EDU by name."",""Review recorded integrity/conflict issues against original evidence: possible_duplicate_name."",""Collect exact manufacturer product-page, manual or datasheet evidence; leave unpublished values unknown."",""Check German purchasing channels, published business contacts, buyer restrictions, authorization evidence and service coverage."",""Find task-specific deployment evidence including configuration, operating conditions, supervision and measured outcomes.""]"
"P0","unreviewed","b184d472-730a-428f-ad7e-75a3605f18f9","ubtech/cruzr-s2","UBTECH Robotics","cruzr-s2","base","Cruzr S2","humanoid","shipping","public","2026-10-01","https://www.ubtrobot.com/","17","0","0","","[""availability_note"",""collaborative"",""connectivity"",""dof_total"",""finger_count"",""height_m"",""ip_rating"",""max_speed_ms"",""payload_kg"",""payload_kg:sustained"",""runtime_h:unstated"",""structural_material"",""walk_speed_ms"",""weight_kg""]","[]","0","0","[""conflicting_specs"",""missing_3d"",""no_manufacturer_facts""]","[""conflicting_specs""]","[""https://humanoid.guide/product/cruzr-s2/"",""https://www.humanoidhub.ai/robots/ubtech-cruzr-s2"",""https://www.robothub.app/en/robots/cruzr""]","[]","[]","false","0","[]","[""Review recorded integrity/conflict issues against original evidence: conflicting_specs."",""Collect exact manufacturer product-page, manual or datasheet evidence; leave unpublished values unknown."",""Check German purchasing channels, published business contacts, buyer restrictions, authorization evidence and service coverage."",""Find task-specific deployment evidence including configuration, operating conditions, supervision and measured outcomes.""]"
"P0","unreviewed","79307254-26ab-48be-97dd-a21ffdd52360","ubtech/u1-pro","UBTECH Robotics","u1-pro","base","U1 Pro","humanoid","pre_order","public","2026-10-01","https://www.ubtrobot.com/","20","0","0","","[""availability_note"",""cameras"",""collaborative"",""compute_module"",""connectivity"",""dof_hands"",""dof_total"",""finger_count"",""has_lidar"",""height_m"",""max_speed_ms"",""payload_kg"",""runtime_h:unstated"",""walk_speed_ms"",""weight_kg""]","[]","0","0","[""conflicting_specs"",""missing_3d"",""missing_core_specs"",""missing_image"",""no_manufacturer_facts""]","[""conflicting_specs""]","[""https://humanoid.guide/product/u1-pro/"",""https://www.robothub.app/en/robots/ubtech-u1-pro""]","[]","[]","false","0","[]","[""Review recorded integrity/conflict issues against original evidence: conflicting_specs."",""Collect exact manufacturer product-page, manual or datasheet evidence; leave unpublished values unknown."",""Check German purchasing channels, published business contacts, buyer restrictions, authorization evidence and service coverage."",""Find task-specific deployment evidence including configuration, operating conditions, supervision and measured outcomes.""]"
"P0","unreviewed","96f1e237-5a0a-4060-8394-05e5a3455606","ubtech/walker-c","UBTECH Robotics","walker-c","base","Walker C","humanoid","prototype","public","2026-10-01","https://www.ubtrobot.com/","16","0","0","","[""availability_note"",""connectivity"",""dof_total"",""finger_count"",""height_m"",""max_speed_ms"",""payload_kg"",""runtime_h:unstated"",""walk_speed_ms"",""weight_kg""]","[]","0","0","[""conflicting_specs"",""missing_3d"",""missing_core_specs"",""no_manufacturer_facts""]","[""conflicting_specs""]","[""https://humanoid.guide/product/walker-c/"",""https://www.humanoidhub.ai/robots/ubtech-walker-c"",""https://www.robothub.app/en/robots/walker-c""]","[]","[]","false","0","[]","[""Review recorded integrity/conflict issues against original evidence: conflicting_specs."",""Collect exact manufacturer product-page, manual or datasheet evidence; leave unpublished values unknown."",""Check German purchasing channels, published business contacts, buyer restrictions, authorization evidence and service coverage."",""Find task-specific deployment evidence including configuration, operating conditions, supervision and measured outcomes.""]"
"P0","unreviewed","6083a39d-2ef5-4e77-af9d-0162c7bfe2da","ubtech/walker-s1","UBTECH Robotics","walker-s1","base","Walker S1","humanoid","prototype","public","2026-10-01","https://www.ubtrobot.com/","12","0","0","","[""availability_note"",""dof_total"",""height_m"",""max_speed_ms"",""payload_kg"",""payload_kg:rated_dual"",""runtime_h:unstated"",""walk_speed_ms"",""weight_kg""]","[]","0","0","[""conflicting_specs"",""missing_3d"",""missing_core_specs"",""no_manufacturer_facts""]","[""conflicting_specs""]","[""https://humanoid.guide/product/walker-s1/"",""https://www.humanoidhub.ai/robots/ubtech-walker-s1"",""https://www.robothub.app/en/robots/walker-s1""]","[]","[]","false","0","[]","[""Review recorded integrity/conflict issues against original evidence: conflicting_specs."",""Collect exact manufacturer product-page, manual or datasheet evidence; leave unpublished values unknown."",""Check German purchasing channels, published business contacts, buyer restrictions, authorization evidence and service coverage."",""Find task-specific deployment evidence including configuration, operating conditions, supervision and measured outcomes.""]"
"P0","unreviewed","ce0a264a-ccbc-4540-aa85-6cab925e5015","ubtech/walker-s2","UBTECH Robotics","walker-s2","base","Walker S2","humanoid","shipping","public","2026-10-01","https://www.ubtrobot.com/","20","0","0","","[""availability_note"",""connectivity"",""dof_hands"",""dof_total"",""finger_count"",""height_m"",""max_speed_ms"",""payload_kg"",""payload_kg:rated_dual"",""runtime_h:unstated"",""walk_speed_ms"",""weight_kg""]","[]","0","0","[""conflicting_specs"",""missing_3d"",""missing_core_specs"",""missing_image"",""no_manufacturer_facts""]","[""conflicting_specs""]","[""https://humanoid.guide/product/walker-s2/"",""https://robotpriceindex.com/robots/ubtech-walker-s2"",""https://www.humanoidhub.ai/robots/ubtech-walker-s2"",""https://www.robothub.app/en/robots/walker-s2"",""https://www.ubtrobot.com/en/humanoid/products/walker-s2""]","[]","[""GLOBAL""]","false","0","[{""region"":""GLOBAL"",""status"":""enterprise_only"",""sourceTier"":1,""sourceKind"":""manufacturer"",""sourceUrl"":""https://www.ubtrobot.com/en/humanoid/products/walker-s2"",""observedAt"":""2026-09-13T21:08:22.835Z"",""recordedInStock"":null,""recordedLeadTimeText"":""Enterprise supply through UBTECH; obtain a project quotation and confirm German delivery/support.""}]","[""Review recorded integrity/conflict issues against original evidence: conflicting_specs."",""Collect exact manufacturer product-page, manual or datasheet evidence; leave unpublished values unknown."",""Check German purchasing channels, published business contacts, buyer restrictions, authorization evidence and service coverage."",""Find task-specific deployment evidence including configuration, operating conditions, supervision and measured outcomes.""]"
"P0","unreviewed","be2b72e9-30a8-44e9-82e2-b46b506db85d","unitree/g1","Unitree Robotics","g1","base","Unitree G1","humanoid","shipping","public","2026-10-01","https://www.unitree.com/","51","3","19","2026-09-13T20:55:33.647Z","[""availability_note"",""cameras"",""certifications"",""collaborative"",""compute_module"",""connectivity"",""dof_arms"",""dof_body"",""dof_hands"",""dof_legs"",""dof_total"",""equipment_options"",""finger_count"",""footprint"",""hand_type"",""has_lidar"",""height_m"",""max_speed_ms"",""outdoor_rated"",""payload_kg"",""payload_kg:peak"",""payload_kg:rated_dual"",""requires_operator"",""runtime_h:unstated"",""stair_capable"",""task_capabilities"",""trl"",""walk_speed_ms"",""warranty_months"",""weight_kg""]","[""cameras"",""compute_module"",""connectivity"",""dof_arms"",""dof_body"",""dof_legs"",""dof_total"",""equipment_options"",""footprint"",""hand_type"",""has_lidar"",""height_m"",""payload_kg:peak"",""runtime_h:unstated"",""warranty_months"",""weight_kg""]","1","0","[""conflicting_specs"",""missing_core_specs""]","[""conflicting_specs""]","[""curated://unitree/g1.yaml#certifications"",""curated://unitree/g1.yaml#outdoor_rated"",""curated://unitree/g1.yaml#requires_operator"",""curated://unitree/g1.yaml#task_capabilities"",""curated://unitree/g1.yaml#trl"",""https://humanoid.guide/product/g1/"",""https://openelab.io/products/unitree-g1-humanoid-robot"",""https://robotpriceindex.com/robots/unitree-g1"",""https://shop.unitree.com/products.json"",""https://shop.unitree.com/products/unitree-g1"",""https://www.quadruped.de/Unitree-G1_1"",""https://www.robothub.app/en/robots/unitree-g1"",""https://www.unitree.com/G1-D"",""https://www.unitree.com/g1""]","[""https://shop.unitree.com/products.json"",""https://www.unitree.com/g1""]","[""DE"",""GLOBAL"",""US""]","true","0","[{""region"":""DE"",""status"":""for_sale"",""sourceTier"":2,""sourceKind"":""distributor"",""sourceUrl"":""https://www.quadruped.de/Unitree-G1_1"",""observedAt"":""2026-09-12T12:04:23.201Z"",""recordedInStock"":null,""recordedLeadTimeText"":""Listed by a German distributor; lead time not shown""},{""region"":""GLOBAL"",""status"":""for_sale"",""sourceTier"":2,""sourceKind"":""distributor"",""sourceUrl"":""https://openelab.io/products/unitree-g1-humanoid-robot"",""observedAt"":""2026-09-12T12:04:23.850Z"",""recordedInStock"":null,""recordedLeadTimeText"":""Delivery time: two months""},{""region"":""US"",""status"":""for_sale"",""sourceTier"":1,""sourceKind"":""manufacturer"",""sourceUrl"":""https://shop.unitree.com/products/unitree-g1"",""observedAt"":""2026-09-13T20:55:33.647Z"",""recordedInStock"":null,""recordedLeadTimeText"":""Available to order from the manufacturer store; confirm stock and delivery""}]","[""Review recorded integrity/conflict issues against original evidence: conflicting_specs."",""Recheck recorded manufacturer facts for this exact configuration, units, qualifiers and operating conditions."",""Check German purchasing channels, published business contacts, buyer restrictions, authorization evidence and service coverage."",""Find task-specific deployment evidence including configuration, operating conditions, supervision and measured outcomes.""]"
"P0","unreviewed","803e3394-d1ac-43f7-bec6-9e82fb20efef","unitree/g1#edu","Unitree Robotics","g1","edu","Unitree G1 EDU","humanoid","shipping","public","2026-10-01","https://www.unitree.com/","26","2","20","2026-09-13T20:55:27.038Z","[""cameras"",""certifications"",""compute_module"",""connectivity"",""dof_arms"",""dof_body"",""dof_hands"",""dof_legs"",""dof_total"",""footprint"",""hand_model"",""hand_type"",""has_lidar"",""height_m"",""outdoor_rated"",""payload_kg:peak"",""requires_operator"",""runtime_h:unstated"",""stair_capable"",""task_capabilities"",""trl"",""warranty_months"",""weight_kg""]","[""cameras"",""compute_module"",""connectivity"",""dof_arms"",""dof_body"",""dof_hands"",""dof_legs"",""dof_total"",""footprint"",""hand_model"",""hand_type"",""has_lidar"",""height_m"",""payload_kg:peak"",""runtime_h:unstated"",""warranty_months"",""weight_kg""]","1","0","[""conflicting_specs"",""missing_core_specs""]","[""conflicting_specs""]","[""curated://unitree/g1.yaml#certifications"",""curated://unitree/g1.yaml#outdoor_rated"",""curated://unitree/g1.yaml#requires_operator"",""curated://unitree/g1.yaml#task_capabilities"",""curated://unitree/g1.yaml#trl"",""https://www.quadruped.de/Unitree-G1_1"",""https://www.unitree.com/g1""]","[""https://www.unitree.com/g1""]","[""DE"",""US""]","true","0","[{""region"":""DE"",""status"":""for_sale"",""sourceTier"":2,""sourceKind"":""distributor"",""sourceUrl"":""https://www.quadruped.de/Unitree-G1_1"",""observedAt"":""2026-09-12T12:04:23.201Z"",""recordedInStock"":null,""recordedLeadTimeText"":""Listed by a German distributor; lead time not shown""},{""region"":""US"",""status"":""enterprise_only"",""sourceTier"":1,""sourceKind"":""manufacturer"",""sourceUrl"":""https://www.unitree.com/g1"",""observedAt"":""2026-09-13T20:55:27.038Z"",""recordedInStock"":null,""recordedLeadTimeText"":""Contact sales""}]","[""Review recorded integrity/conflict issues against original evidence: conflicting_specs."",""Recheck recorded manufacturer facts for this exact configuration, units, qualifiers and operating conditions."",""Check German purchasing channels, published business contacts, buyer restrictions, authorization evidence and service coverage."",""Find task-specific deployment evidence including configuration, operating conditions, supervision and measured outcomes.""]"
"P0","unreviewed","b78d9b0f-0d84-488d-8c1e-9b0475f21fff","unitree/go2#edu","Unitree Robotics","go2","edu","Unitree Go2 EDU","quadruped","shipping","public","2026-10-01","https://www.unitree.com/","16","1","15","2026-09-13T20:55:28.793Z","[""actuators"",""compute_module"",""connectivity"",""footprint"",""height_m"",""max_slope_deg"",""max_speed_ms"",""payload_kg:instant"",""payload_kg:sustained"",""runtime_h:unstated"",""stair_capable"",""step_height_m"",""structural_material"",""warranty_months"",""weight_kg""]","[""compute_module"",""connectivity"",""footprint"",""height_m"",""max_slope_deg"",""max_speed_ms"",""payload_kg:instant"",""payload_kg:sustained"",""runtime_h:unstated"",""stair_capable"",""step_height_m"",""structural_material"",""warranty_months"",""weight_kg""]","0","0","[""conflicting_specs"",""missing_core_specs""]","[""conflicting_specs""]","[""https://github.com/unitreerobotics/unitree_ros/blob/7d6075f7f58588b189b940130e3edab3c839b2df/robots/go2_description/urdf/go2_description.urdf"",""https://www.unitree.com/go2""]","[""https://www.unitree.com/go2""]","[""US""]","false","0","[{""region"":""US"",""status"":""enterprise_only"",""sourceTier"":1,""sourceKind"":""manufacturer"",""sourceUrl"":""https://www.unitree.com/go2"",""observedAt"":""2026-09-13T20:55:28.793Z"",""recordedInStock"":null,""recordedLeadTimeText"":""Contact sales""}]","[""Review recorded integrity/conflict issues against original evidence: conflicting_specs."",""Recheck recorded manufacturer facts for this exact configuration, units, qualifiers and operating conditions."",""Check German purchasing channels, published business contacts, buyer restrictions, authorization evidence and service coverage."",""Find task-specific deployment evidence including configuration, operating conditions, supervision and measured outcomes.""]"
"P0","unreviewed","06d7e64e-ff90-40d9-bb8b-b3135df96bcc","unitree/h1","Unitree Robotics","h1","base","Unitree H1","humanoid","shipping","public","2026-10-01","https://www.unitree.com/","26","4","13","2026-09-13T20:55:32.820Z","[""actuators"",""battery_pack"",""battery_wh"",""cameras"",""compute_module"",""dof_arms"",""dof_hands"",""dof_legs"",""dof_total"",""has_lidar"",""height_m"",""max_speed_ms"",""payload_kg:rated_dual"",""weight_kg""]","[""battery_pack"",""battery_wh"",""cameras"",""compute_module"",""dof_arms"",""dof_legs"",""dof_total"",""has_lidar"",""height_m"",""max_speed_ms"",""weight_kg""]","0","0","[""conflicting_specs"",""missing_core_specs"",""reported_availability""]","[""conflicting_specs""]","[""https://github.com/unitreerobotics/unitree_ros/blob/7d6075f7f58588b189b940130e3edab3c839b2df/robots/h1_description/urdf/h1.urdf"",""https://robotpriceindex.com/robots/unitree-h1"",""https://shop.unitree.com/products/unitree-h1"",""https://www.robothub.app/en/robots/unitree-h1"",""https://www.unitree.com/h1""]","[""https://www.unitree.com/h1""]","[""US""]","false","1","[{""region"":""US"",""status"":""enterprise_only"",""sourceTier"":1,""sourceKind"":""manufacturer"",""sourceUrl"":""https://shop.unitree.com/products/unitree-h1"",""observedAt"":""2026-09-13T20:55:33.647Z"",""recordedInStock"":null,""recordedLeadTimeText"":""Quote only — the store lists a placeholder price""}]","[""Review recorded integrity/conflict issues against original evidence: conflicting_specs."",""Recheck recorded manufacturer facts for this exact configuration, units, qualifiers and operating conditions."",""Check German purchasing channels, published business contacts, buyer restrictions, authorization evidence and service coverage."",""Find task-specific deployment evidence including configuration, operating conditions, supervision and measured outcomes.""]"
"P0","unreviewed","e10d0654-031c-40a1-8601-ff7b7838292d","unitree/h1-2","Unitree Robotics","h1-2","base","Unitree H1-2","humanoid","shipping","public","2026-10-01","https://www.unitree.com/","39","2","15","2026-09-13T20:55:32.820Z","[""actuators"",""availability_note"",""battery_pack"",""battery_wh"",""cameras"",""collaborative"",""compute_module"",""connectivity"",""dof_arms"",""dof_hands"",""dof_legs"",""dof_total"",""finger_count"",""has_lidar"",""height_m"",""max_speed_ms"",""payload_kg"",""payload_kg:peak"",""payload_kg:rated"",""payload_kg:rated_dual"",""runtime_h:unstated"",""structural_material"",""walk_speed_ms"",""weight_kg""]","[""battery_pack"",""battery_wh"",""cameras"",""compute_module"",""dof_arms"",""dof_legs"",""dof_total"",""has_lidar"",""height_m"",""max_speed_ms"",""payload_kg:peak"",""payload_kg:rated"",""weight_kg""]","0","0","[""conflicting_specs"",""missing_core_specs""]","[""conflicting_specs""]","[""https://github.com/unitreerobotics/unitree_ros/blob/7d6075f7f58588b189b940130e3edab3c839b2df/robots/h1_2_description/h1_2.urdf"",""https://humanoid.guide/product/h1-2/"",""https://www.robothub.app/en/robots/unitree-h1-2"",""https://www.unitree.com/h1""]","[""https://www.unitree.com/h1""]","[]","false","0","[]","[""Review recorded integrity/conflict issues against original evidence: conflicting_specs."",""Recheck recorded manufacturer facts for this exact configuration, units, qualifiers and operating conditions."",""Check German purchasing channels, published business contacts, buyer restrictions, authorization evidence and service coverage."",""Find task-specific deployment evidence including configuration, operating conditions, supervision and measured outcomes.""]"
"P0","unreviewed","d5efc1b0-376b-467e-9767-8b5d5884a6bd","unitree/h2","Unitree Robotics","h2","base","Unitree H2","humanoid","pre_order","public","2026-10-01","https://www.unitree.com/","30","1","4","2026-09-12T12:00:13.879Z","[""availability_note"",""cameras"",""certifications"",""collaborative"",""compute_module"",""compute_tops"",""dof_hands"",""dof_total"",""finger_count"",""has_lidar"",""height_m"",""max_speed_ms"",""outdoor_rated"",""payload_kg"",""payload_kg:rated_dual"",""requires_operator"",""runtime_h:unstated"",""task_capabilities"",""trl"",""walk_speed_ms"",""weight_kg""]","[""compute_module"",""compute_tops"",""dof_total"",""height_m""]","1","0","[""conflicting_specs"",""missing_core_specs"",""reported_availability""]","[""conflicting_specs""]","[""curated://unitree/h2.yaml#certifications"",""curated://unitree/h2.yaml#outdoor_rated"",""curated://unitree/h2.yaml#requires_operator"",""curated://unitree/h2.yaml#task_capabilities"",""curated://unitree/h2.yaml#trl"",""https://humanoid.guide/product/h2/"",""https://robotpriceindex.com/robots/unitree-h2"",""https://shop.unitree.com/products/unitree-h2"",""https://www.robothub.app/en/robots/unitree-h2"",""https://www.unitree.com/H2"",""https://www.unitree.com/H2plus""]","[""https://shop.unitree.com/products/unitree-h2"",""https://www.unitree.com/H2""]","[]","false","1","[]","[""Review recorded integrity/conflict issues against original evidence: conflicting_specs."",""Recheck recorded manufacturer facts for this exact configuration, units, qualifiers and operating conditions."",""Check German purchasing channels, published business contacts, buyer restrictions, authorization evidence and service coverage."",""Find task-specific deployment evidence including configuration, operating conditions, supervision and measured outcomes.""]"
"P0","unreviewed","2c055abc-7580-4e06-9fc9-4e41171bcfd4","unitree/h2#plus","Unitree Robotics","h2","plus","Unitree H2 Plus","humanoid","shipping","public","2026-10-01","https://www.unitree.com/","35","0","7","2026-09-08T00:00:00.000Z","[""availability_note"",""cameras"",""certifications"",""collaborative"",""compute_module"",""connectivity"",""dof_hands"",""dof_total"",""finger_count"",""has_lidar"",""height_m"",""max_speed_ms"",""outdoor_rated"",""payload_kg"",""payload_kg:peak"",""payload_kg:rated"",""payload_kg:rated_dual"",""requires_operator"",""runtime_h:unstated"",""structural_material"",""task_capabilities"",""trl"",""walk_speed_ms"",""weight_kg""]","[""cameras"",""compute_module"",""dof_hands"",""dof_total"",""height_m"",""payload_kg:peak"",""payload_kg:rated""]","1","0","[""conflicting_specs"",""missing_core_specs""]","[""conflicting_specs""]","[""curated://unitree/h2.yaml#certifications"",""curated://unitree/h2.yaml#outdoor_rated"",""curated://unitree/h2.yaml#requires_operator"",""curated://unitree/h2.yaml#task_capabilities"",""curated://unitree/h2.yaml#trl"",""https://humanoid.guide/product/h2-plus/"",""https://shop.unitree.com/products/unitree-h2"",""https://shop.unitree.com/products/unitree-h2-plus"",""https://www.robothub.app/en/robots/unitree-h2-plus""]","[""https://shop.unitree.com/products/unitree-h2"",""https://shop.unitree.com/products/unitree-h2-plus""]","[""US""]","false","0","[{""region"":""US"",""status"":""enterprise_only"",""sourceTier"":1,""sourceKind"":""manufacturer"",""sourceUrl"":""https://shop.unitree.com/products/unitree-h2-plus"",""observedAt"":""2026-09-13T20:55:33.647Z"",""recordedInStock"":null,""recordedLeadTimeText"":""Quote only — the store lists a placeholder price""}]","[""Review recorded integrity/conflict issues against original evidence: conflicting_specs."",""Recheck recorded manufacturer facts for this exact configuration, units, qualifiers and operating conditions."",""Check German purchasing channels, published business contacts, buyer restrictions, authorization evidence and service coverage."",""Find task-specific deployment evidence including configuration, operating conditions, supervision and measured outcomes.""]"
"P0","unreviewed","ed2e85e3-a6fd-42e9-a4f7-407eb32954ef","unitree/r1","Unitree Robotics","r1","base","Unitree R1","humanoid","shipping","public","2026-10-01","https://www.unitree.com/","43","1","1","2026-09-13T20:55:33.647Z","[""actuators"",""availability_note"",""cameras"",""compute_module"",""connectivity"",""dof_hands"",""dof_total"",""equipment_options"",""finger_count"",""has_lidar"",""height_m"",""max_speed_ms"",""payload_kg"",""payload_kg:rated_dual"",""payload_kg:sustained"",""runtime_h:unstated"",""structural_material"",""walk_speed_ms"",""weight_kg""]","[""equipment_options""]","0","0","[""conflicting_specs"",""missing_core_specs"",""reported_availability""]","[""conflicting_specs""]","[""https://github.com/unitreerobotics/unitree_ros/blob/7d6075f7f58588b189b940130e3edab3c839b2df/robots/r1_description/R1.urdf"",""https://humanoid.guide/product/unitree-r1/"",""https://robotpriceindex.com/robots/unitree-r1"",""https://shop.unitree.com/products.json"",""https://shop.unitree.com/products/unitree-r1"",""https://www.robothub.app/en/robots/r1-a5"",""https://www.robothub.app/en/robots/r1-a7"",""https://www.robothub.app/en/robots/unitree-r1"",""https://www.unitree.com/R1-D""]","[""https://shop.unitree.com/products.json""]","[""US""]","false","1","[{""region"":""US"",""status"":""for_sale"",""sourceTier"":1,""sourceKind"":""manufacturer"",""sourceUrl"":""https://shop.unitree.com/products/unitree-r1"",""observedAt"":""2026-09-13T20:55:33.647Z"",""recordedInStock"":null,""recordedLeadTimeText"":""Available to order from the manufacturer store; confirm stock and delivery""}]","[""Review recorded integrity/conflict issues against original evidence: conflicting_specs."",""Recheck recorded manufacturer facts for this exact configuration, units, qualifiers and operating conditions."",""Check German purchasing channels, published business contacts, buyer restrictions, authorization evidence and service coverage."",""Find task-specific deployment evidence including configuration, operating conditions, supervision and measured outcomes.""]"
"P0","unreviewed","33d142fd-c11f-4424-ba66-36414f2183e8","unitree/r1#d","Unitree Robotics","r1","d","Unitree R1-D","humanoid","shipping","public","2026-10-01","https://www.unitree.com/","18","0","0","","[""cameras"",""compute_module"",""dof_hands"",""dof_total"",""has_lidar"",""height_m"",""payload_kg:sustained"",""runtime_h:unstated"",""weight_kg""]","[]","0","0","[""conflicting_specs"",""missing_3d"",""missing_core_specs"",""no_manufacturer_facts""]","[""conflicting_specs""]","[""https://shop.unitree.com/products/unitree-r1-d"",""https://www.robothub.app/en/robots/r1-a5-d"",""https://www.robothub.app/en/robots/r1-a7-d""]","[]","[""US""]","false","0","[{""region"":""US"",""status"":""enterprise_only"",""sourceTier"":1,""sourceKind"":""manufacturer"",""sourceUrl"":""https://shop.unitree.com/products/unitree-r1-d"",""observedAt"":""2026-09-13T20:55:33.647Z"",""recordedInStock"":null,""recordedLeadTimeText"":""Quote only — the store lists a placeholder price""}]","[""Review recorded integrity/conflict issues against original evidence: conflicting_specs."",""Collect exact manufacturer product-page, manual or datasheet evidence; leave unpublished values unknown."",""Check German purchasing channels, published business contacts, buyer restrictions, authorization evidence and service coverage."",""Find task-specific deployment evidence including configuration, operating conditions, supervision and measured outcomes.""]"
"P0","unreviewed","fda585ea-74a9-4c2e-bf9e-4ed39951bd2b","unix/martian","Unix Group","martian","base","Martian","humanoid","prototype","public","2026-10-01","https://www.unix-group.ai/","19","0","0","","[""availability_note"",""collaborative"",""compute_module"",""connectivity"",""dof_hands"",""dof_total"",""finger_count"",""height_m"",""max_speed_ms"",""payload_kg"",""payload_kg:rated_dual"",""runtime_h:unstated"",""walk_speed_ms"",""weight_kg""]","[]","0","0","[""conflicting_specs"",""missing_3d"",""missing_core_specs"",""no_manufacturer_facts""]","[""conflicting_specs""]","[""https://humanoid.guide/product/martian/"",""https://www.robothub.app/en/robots/martian""]","[]","[]","false","0","[]","[""Review recorded integrity/conflict issues against original evidence: conflicting_specs."",""Collect exact manufacturer product-page, manual or datasheet evidence; leave unpublished values unknown."",""Check German purchasing channels, published business contacts, buyer restrictions, authorization evidence and service coverage."",""Find task-specific deployment evidence including configuration, operating conditions, supervision and measured outcomes.""]"
"P0","unreviewed","dacc0d58-8a5b-4bbb-a4b4-5672fd759bbd","unix/panther","Unix Group","panther","base","Panther","mobile_manipulator","prototype","public","2026-10-01","https://www.unix-group.ai/","17","0","2","2026-09-12T12:01:09.904Z","[""availability_note"",""collaborative"",""compute_module"",""connectivity"",""dof_hands"",""dof_total"",""height_m"",""max_speed_ms"",""payload_kg"",""payload_kg:rated"",""payload_kg:sustained"",""runtime_h:unstated"",""structural_material""]","[""payload_kg:rated"",""runtime_h:unstated""]","0","0","[""conflicting_specs"",""missing_3d"",""missing_core_specs""]","[""conflicting_specs""]","[""https://humanoid.guide/product/panther/"",""https://unix-group.ai/Panther"",""https://www.robothub.app/en/robots/panther""]","[""https://unix-group.ai/Panther""]","[]","false","0","[]","[""Review recorded integrity/conflict issues against original evidence: conflicting_specs."",""Recheck recorded manufacturer facts for this exact configuration, units, qualifiers and operating conditions."",""Check German purchasing channels, published business contacts, buyer restrictions, authorization evidence and service coverage."",""Find task-specific deployment evidence including configuration, operating conditions, supervision and measured outcomes.""]"
"P0","unreviewed","6bf7f838-be14-414b-8fcd-37bc83a89679","unix/wanda-2-0","Unix Group","wanda-2-0","base","Wanda 2.0","mobile_manipulator","shipping","public","2026-10-01","https://www.unix-group.ai/","19","0","2","2026-09-12T12:06:40.566Z","[""availability_note"",""collaborative"",""compute_module"",""connectivity"",""dof_hands"",""dof_total"",""finger_count"",""height_m"",""max_speed_ms"",""payload_kg"",""payload_kg:rated"",""payload_kg:sustained"",""runtime_h:unstated"",""structural_material""]","[""payload_kg:rated"",""runtime_h:unstated""]","0","0","[""conflicting_specs"",""missing_3d"",""missing_core_specs""]","[""conflicting_specs""]","[""https://humanoid.guide/product/wanda-2-0/"",""https://www.robothub.app/en/robots/wanda-20"",""https://www.unix-group.ai/Wanda""]","[""https://www.unix-group.ai/Wanda""]","[]","false","0","[]","[""Review recorded integrity/conflict issues against original evidence: conflicting_specs."",""Recheck recorded manufacturer facts for this exact configuration, units, qualifiers and operating conditions."",""Check German purchasing channels, published business contacts, buyer restrictions, authorization evidence and service coverage."",""Find task-specific deployment evidence including configuration, operating conditions, supervision and measured outcomes.""]"
"P0","unreviewed","b9384bd1-95ed-4e72-a8cf-e0b0603231b2","westwood/bruce","Westwood Robotics","bruce","base","BRUCE","humanoid","concept","public","2026-10-01","https://www.westwoodrobotics.io/","6","0","3","2026-09-12T12:36:04.184Z","[""dof_total"",""height_m"",""weight_kg""]","[""dof_total"",""height_m"",""weight_kg""]","0","0","[""conflicting_specs"",""missing_3d"",""missing_core_specs""]","[""conflicting_specs""]","[""https://store.westwoodrobotics.io/product/bruce-humanoid-open-platform-16-dof-kid-size-biped-robot/"",""https://www.robothub.app/en/robots/bruce""]","[""https://store.westwoodrobotics.io/product/bruce-humanoid-open-platform-16-dof-kid-size-biped-robot/""]","[]","false","0","[]","[""Review recorded integrity/conflict issues against original evidence: conflicting_specs."",""Recheck recorded manufacturer facts for this exact configuration, units, qualifiers and operating conditions."",""Check German purchasing channels, published business contacts, buyer restrictions, authorization evidence and service coverage."",""Find task-specific deployment evidence including configuration, operating conditions, supervision and measured outcomes.""]"
"P0","unreviewed","e3719fd9-0721-441c-a839-599d5927fa1c","workfar/syntro","WorkFar Technologies (USA)","syntro","base","Syntro","humanoid","shipping","public","2026-10-01","https://www.workfar.com/","14","3","4","2026-09-12T12:03:25.281Z","[""availability_note"",""collaborative"",""compute_module"",""connectivity"",""dof_total"",""finger_count"",""height_m"",""max_speed_ms"",""payload_kg"",""payload_kg:rated"",""structural_material"",""weight_kg""]","[""height_m"",""payload_kg:rated"",""structural_material"",""weight_kg""]","0","0","[""conflicting_specs"",""missing_3d"",""missing_core_specs""]","[""conflicting_specs""]","[""https://humanoid.guide/product/syntro/"",""https://www.workfar.com/product/syntro""]","[""https://www.workfar.com/product/syntro""]","[]","false","0","[]","[""Review recorded integrity/conflict issues against original evidence: conflicting_specs."",""Recheck recorded manufacturer facts for this exact configuration, units, qualifiers and operating conditions."",""Check German purchasing channels, published business contacts, buyer restrictions, authorization evidence and service coverage."",""Find task-specific deployment evidence including configuration, operating conditions, supervision and measured outcomes.""]"
"P0","unreviewed","2a296284-1a65-40c9-a78c-221ceb7e0d3c","xiaomi/cyberone","Xiaomi","cyberone","base","CyberOne","humanoid","prototype","public","2026-10-01","https://www.mi.com/cyberdog2","16","0","0","","[""availability_note"",""dof_total"",""height_m"",""max_speed_ms"",""payload_kg"",""runtime_h:unstated"",""walk_speed_ms"",""weight_kg""]","[]","0","0","[""conflicting_specs"",""missing_3d"",""missing_core_specs"",""missing_image"",""no_manufacturer_facts""]","[""conflicting_specs""]","[""https://humanoid.guide/product/cyberone/"",""https://www.humanoidhub.ai/robots/cyberone"",""https://www.robothub.app/en/robots/cyberone""]","[]","[]","false","0","[]","[""Review recorded integrity/conflict issues against original evidence: conflicting_specs."",""Collect exact manufacturer product-page, manual or datasheet evidence; leave unpublished values unknown."",""Check German purchasing channels, published business contacts, buyer restrictions, authorization evidence and service coverage."",""Find task-specific deployment evidence including configuration, operating conditions, supervision and measured outcomes.""]"
"P0","unreviewed","7b1b4127-739d-487b-b353-33eee04c41ad","xpeng/iron","Xpeng","iron","base","IRON","humanoid","prototype","public","2026-10-01","https://www.xpeng.com/pressroom/news/01a080371029a057bc8e8a02a2c6012b","32","0","0","","[""availability_note"",""compute_module"",""connectivity"",""dof_hands"",""dof_total"",""finger_count"",""height_m"",""max_speed_ms"",""payload_kg"",""runtime_h:unstated"",""walk_speed_ms"",""weight_kg""]","[]","0","0","[""conflicting_specs"",""missing_3d"",""missing_core_specs"",""no_manufacturer_facts"",""reported_availability""]","[""conflicting_specs""]","[""https://humanoid.guide/product/iron/"",""https://humanoid.guide/product/iron_prototype/"",""https://robotpriceindex.com/robots/xpeng-iron"",""https://www.humanoidhub.ai/robots/iron-humanoid"",""https://www.robothub.app/en/robots/iron""]","[]","[]","false","0","[]","[""Review recorded integrity/conflict issues against original evidence: conflicting_specs."",""Collect exact manufacturer product-page, manual or datasheet evidence; leave unpublished values unknown."",""Check German purchasing channels, published business contacts, buyer restrictions, authorization evidence and service coverage."",""Find task-specific deployment evidence including configuration, operating conditions, supervision and measured outcomes.""]"
"P0","unreviewed","092663f3-f3b6-4802-8659-5ded91a13481","xyz/deux","XYZ","deux","base","DEUX","humanoid","shipping","public","2026-10-01","https://xyzcorp.imweb.me/","16","0","4","2026-09-08T23:18:42.800Z","[""availability_note"",""battery_pack"",""battery_wh"",""collaborative"",""compute_module"",""connectivity"",""dof_hands"",""dof_total"",""finger_count"",""height_m"",""max_speed_ms"",""payload_kg"",""payload_kg:peak"",""structural_material"",""weight_kg""]","[""battery_pack"",""battery_wh"",""payload_kg:peak"",""weight_kg""]","0","0","[""conflicting_specs"",""missing_3d"",""missing_core_specs""]","[""conflicting_specs""]","[""https://humanoid.guide/product/deux/"",""https://xyzcorp.imweb.me/DEUX""]","[""https://xyzcorp.imweb.me/DEUX""]","[]","false","0","[]","[""Review recorded integrity/conflict issues against original evidence: conflicting_specs."",""Recheck recorded manufacturer facts for this exact configuration, units, qualifiers and operating conditions."",""Check German purchasing channels, published business contacts, buyer restrictions, authorization evidence and service coverage."",""Find task-specific deployment evidence including configuration, operating conditions, supervision and measured outcomes.""]"
"P1","unreviewed","11df874b-09b9-4b1b-a044-1e56305f7709","1x/eve","1X Technologies","eve","base","1X EVE","mobile_manipulator","prototype","public","2026-10-01","https://www.1x.tech/","2","0","0","","[""dof_total"",""height_m""]","[]","0","0","[""missing_3d"",""missing_core_specs"",""missing_image"",""no_manufacturer_facts""]","[""public_record_needs_source_review""]","[""https://www.robothub.app/en/robots/eve""]","[]","[]","false","0","[]","[""Collect exact manufacturer product-page, manual or datasheet evidence; leave unpublished values unknown."",""Check German purchasing channels, published business contacts, buyer restrictions, authorization evidence and service coverage."",""Find task-specific deployment evidence including configuration, operating conditions, supervision and measured outcomes.""]"
"P1","unreviewed","9b7a2e04-31df-44a8-84d7-4d17e9fd1923","1x/gamma-series","1X Technologies","gamma-series","base","Gamma Series","humanoid","unknown","public","2026-10-01","https://www.1x.tech/","1","0","0","","[""availability_note""]","[]","0","0","[""missing_3d"",""missing_core_specs"",""missing_image"",""no_manufacturer_facts""]","[""public_record_needs_source_review""]","[""https://www.humanoidhub.ai/robots/neo-gamma""]","[]","[]","false","0","[]","[""Collect exact manufacturer product-page, manual or datasheet evidence; leave unpublished values unknown."",""Check German purchasing channels, published business contacts, buyer restrictions, authorization evidence and service coverage."",""Find task-specific deployment evidence including configuration, operating conditions, supervision and measured outcomes.""]"
"P1","unreviewed","943b8e8d-b650-4be6-8b19-ff1c8c8258f6","aei/alice","AEI Robot","alice","base","Alice","humanoid","prototype","public","2026-10-01","https://arobot4all.com/","15","2","0","","[""availability_note"",""collaborative"",""compute_module"",""connectivity"",""dof_hands"",""dof_total"",""finger_count"",""height_m"",""ip_rating"",""max_speed_ms"",""payload_kg"",""runtime_h:unstated"",""structural_material"",""walk_speed_ms"",""weight_kg""]","[]","0","0","[""missing_3d"",""no_manufacturer_facts""]","[""public_record_needs_source_review""]","[""http://www.arobot4all.com/ALICE3"",""http://www.arobot4all.com/ALICE_M1"",""https://humanoid.guide/product/alice/""]","[]","[]","false","0","[]","[""Collect exact manufacturer product-page, manual or datasheet evidence; leave unpublished values unknown."",""Check German purchasing channels, published business contacts, buyer restrictions, authorization evidence and service coverage."",""Find task-specific deployment evidence including configuration, operating conditions, supervision and measured outcomes.""]"
"P1","unreviewed","a8175315-c8c7-4879-88fa-46094275a76b","aei/alice-m1","AEI Robot","alice-m1","base","Alice M1","humanoid","shipping","public","2026-10-01","https://arobot4all.com/","12","0","0","","[""availability_note"",""collaborative"",""compute_module"",""connectivity"",""dof_hands"",""dof_total"",""finger_count"",""height_m"",""max_speed_ms"",""payload_kg"",""structural_material"",""weight_kg""]","[]","0","0","[""missing_3d"",""missing_core_specs"",""no_manufacturer_facts""]","[""public_record_needs_source_review""]","[""https://humanoid.guide/product/alice-m1/""]","[]","[]","false","0","[]","[""Collect exact manufacturer product-page, manual or datasheet evidence; leave unpublished values unknown."",""Check German purchasing channels, published business contacts, buyer restrictions, authorization evidence and service coverage."",""Find task-specific deployment evidence including configuration, operating conditions, supervision and measured outcomes.""]"
"P1","unreviewed","c11bf3d7-101c-4311-903d-1d287ef1773b","agibot/a2-lite","AgiBot","a2-lite","base","AgiBot A2 Lite","humanoid","shipping","public","2026-10-01","https://www.agibot.com/","3","0","0","","[""dof_total"",""height_m"",""weight_kg""]","[]","0","0","[""missing_3d"",""missing_core_specs"",""no_manufacturer_facts""]","[""public_record_needs_source_review""]","[""https://robotpriceindex.com/robots/agibot-a2-lite"",""https://store.agibot.com/products/a2-lite""]","[]","[""GLOBAL""]","false","0","[{""region"":""GLOBAL"",""status"":""for_sale"",""sourceTier"":1,""sourceKind"":""manufacturer"",""sourceUrl"":""https://store.agibot.com/products/a2-lite"",""observedAt"":""2026-09-13T20:59:21.825Z"",""recordedInStock"":null,""recordedLeadTimeText"":""Manufacturer store order or quotation. Confirm configuration, destination, taxes and delivery; shipping charges are extra.""}]","[""Collect exact manufacturer product-page, manual or datasheet evidence; leave unpublished values unknown."",""Check German purchasing channels, published business contacts, buyer restrictions, authorization evidence and service coverage."",""Find task-specific deployment evidence including configuration, operating conditions, supervision and measured outcomes.""]"
"P1","unreviewed","b932eef9-7e37-48b3-9580-17b378751ccc","agibot/a2-max","AgiBot","a2-max","base","A2 Max","humanoid","prototype","public","2026-10-01","https://www.agibot.com/","8","0","0","","[""availability_note"",""dof_total"",""height_m"",""max_speed_ms"",""payload_kg"",""runtime_h:unstated"",""walk_speed_ms"",""weight_kg""]","[]","0","0","[""missing_3d"",""missing_core_specs"",""missing_image"",""no_manufacturer_facts""]","[""public_record_needs_source_review""]","[""https://humanoid.guide/product/a2-max/""]","[]","[]","false","0","[]","[""Collect exact manufacturer product-page, manual or datasheet evidence; leave unpublished values unknown."",""Check German purchasing channels, published business contacts, buyer restrictions, authorization evidence and service coverage."",""Find task-specific deployment evidence including configuration, operating conditions, supervision and measured outcomes.""]"
"P1","unreviewed","1f730728-b8c8-45b0-878d-64a2c118d33c","agibot/a2-ultra","AgiBot","a2-ultra","base","AgiBot A2 Ultra","humanoid","shipping","public","2026-10-01","https://www.agibot.com/","3","0","0","","[""dof_total"",""height_m"",""weight_kg""]","[]","0","0","[""missing_3d"",""missing_core_specs"",""no_manufacturer_facts""]","[""public_record_needs_source_review""]","[""https://robotpriceindex.com/robots/agibot-a2-ultra"",""https://store.agibot.com/products/a2-ultra""]","[]","[""GLOBAL""]","false","0","[{""region"":""GLOBAL"",""status"":""enterprise_only"",""sourceTier"":1,""sourceKind"":""manufacturer"",""sourceUrl"":""https://store.agibot.com/products/a2-ultra"",""observedAt"":""2026-09-13T20:59:24.118Z"",""recordedInStock"":null,""recordedLeadTimeText"":""Manufacturer store order or quotation. Confirm configuration, destination, taxes and delivery; shipping charges are extra.""}]","[""Collect exact manufacturer product-page, manual or datasheet evidence; leave unpublished values unknown."",""Check German purchasing channels, published business contacts, buyer restrictions, authorization evidence and service coverage."",""Find task-specific deployment evidence including configuration, operating conditions, supervision and measured outcomes.""]"
"P1","unreviewed","4fee8283-688d-4033-be1b-518fc6274c59","agibot/a2-w","AgiBot","a2-w","base","AGIBOT A2-W","humanoid","shipping","public","2026-10-01","https://www.agibot.com/","12","0","0","","[""availability_note"",""collaborative"",""connectivity"",""dof_hands"",""dof_total"",""finger_count"",""height_m"",""ip_rating"",""payload_kg"",""runtime_h:unstated"",""structural_material"",""weight_kg""]","[]","0","0","[""missing_3d"",""missing_image"",""no_manufacturer_facts""]","[""public_record_needs_source_review""]","[""https://humanoid.guide/product/agibot-a2-w/""]","[]","[]","false","0","[]","[""Collect exact manufacturer product-page, manual or datasheet evidence; leave unpublished values unknown."",""Check German purchasing channels, published business contacts, buyer restrictions, authorization evidence and service coverage."",""Find task-specific deployment evidence including configuration, operating conditions, supervision and measured outcomes.""]"
"P1","unreviewed","f125724e-1087-4672-b46e-bb720411c1e3","agibot/d1-ultra","AgiBot","d1-ultra","base","AgiBot D1 Ultra","quadruped","shipping","public","2026-10-01","https://www.agibot.com/","1","0","0","","[""payload_kg:sustained""]","[]","0","0","[""missing_3d"",""missing_core_specs"",""no_manufacturer_facts""]","[""public_record_needs_source_review""]","[""https://robotpriceindex.com/robots/agibot-d1-ultra"",""https://store.agibot.com/products/d1-ultra""]","[]","[""GLOBAL""]","false","0","[{""region"":""GLOBAL"",""status"":""for_sale"",""sourceTier"":1,""sourceKind"":""manufacturer"",""sourceUrl"":""https://store.agibot.com/products/d1-ultra"",""observedAt"":""2026-09-13T20:59:37.925Z"",""recordedInStock"":null,""recordedLeadTimeText"":""Manufacturer store order or quotation. Confirm configuration, destination, taxes and delivery; shipping charges are extra.""}]","[""Collect exact manufacturer product-page, manual or datasheet evidence; leave unpublished values unknown."",""Check German purchasing channels, published business contacts, buyer restrictions, authorization evidence and service coverage."",""Find task-specific deployment evidence including configuration, operating conditions, supervision and measured outcomes.""]"
"P1","unreviewed","c2b15ff9-25ad-4b39-ad27-c1ad43fde00d","agibot/expedition-a2-lite","AgiBot","expedition-a2-lite","base","Expedition A2 Lite","humanoid","shipping","public","2026-10-01","https://www.agibot.com/","9","0","0","","[""cameras"",""compute_module"",""dof_total"",""has_lidar"",""height_m"",""max_speed_ms"",""payload_kg:rated_dual"",""runtime_h:unstated"",""weight_kg""]","[]","0","0","[""missing_3d"",""missing_core_specs"",""no_manufacturer_facts""]","[""public_record_needs_source_review""]","[""https://store.agibot.com/products/a2-lite"",""https://www.robothub.app/en/robots/expedition-a2-lite""]","[]","[""GLOBAL""]","false","0","[{""region"":""GLOBAL"",""status"":""for_sale"",""sourceTier"":1,""sourceKind"":""manufacturer"",""sourceUrl"":""https://store.agibot.com/products/a2-lite"",""observedAt"":""2026-09-13T20:59:21.825Z"",""recordedInStock"":null,""recordedLeadTimeText"":""Manufacturer store order or quotation. Confirm configuration, destination, taxes and delivery; shipping charges are extra.""}]","[""Collect exact manufacturer product-page, manual or datasheet evidence; leave unpublished values unknown."",""Check German purchasing channels, published business contacts, buyer restrictions, authorization evidence and service coverage."",""Find task-specific deployment evidence including configuration, operating conditions, supervision and measured outcomes.""]"
"P1","unreviewed","4258d3f2-2385-45f7-b525-eade3a514197","agibot/expedition-a2-ultra","AgiBot","expedition-a2-ultra","base","Expedition A2 Ultra","humanoid","shipping","public","2026-10-01","https://www.agibot.com/","10","0","0","","[""cameras"",""compute_module"",""dof_hands"",""dof_total"",""has_lidar"",""height_m"",""max_speed_ms"",""payload_kg:rated_dual"",""runtime_h:unstated"",""weight_kg""]","[]","0","0","[""missing_3d"",""missing_core_specs"",""no_manufacturer_facts""]","[""public_record_needs_source_review""]","[""https://store.agibot.com/products/a2-ultra"",""https://www.robothub.app/en/robots/expedition-a2-ultra""]","[]","[""GLOBAL""]","false","0","[{""region"":""GLOBAL"",""status"":""enterprise_only"",""sourceTier"":1,""sourceKind"":""manufacturer"",""sourceUrl"":""https://store.agibot.com/products/a2-ultra"",""observedAt"":""2026-09-13T20:59:24.118Z"",""recordedInStock"":null,""recordedLeadTimeText"":""Manufacturer store order or quotation. Confirm configuration, destination, taxes and delivery; shipping charges are extra.""}]","[""Collect exact manufacturer product-page, manual or datasheet evidence; leave unpublished values unknown."",""Check German purchasing channels, published business contacts, buyer restrictions, authorization evidence and service coverage."",""Find task-specific deployment evidence including configuration, operating conditions, supervision and measured outcomes.""]"
"P1","unreviewed","de9352b2-99e3-45fd-9657-caa3132c2b87","agibot/expedition-a3","AgiBot","expedition-a3","base","Expedition A3","humanoid","shipping","public","2026-10-01","https://www.agibot.com/","1","0","0","","[""weight_kg""]","[]","0","0","[""missing_3d"",""missing_core_specs"",""no_manufacturer_facts""]","[""public_record_needs_source_review""]","[""https://robotpriceindex.com/robots/agibot-expedition-a3"",""https://store.agibot.com/products/a3""]","[]","[""GLOBAL""]","false","0","[{""region"":""GLOBAL"",""status"":""enterprise_only"",""sourceTier"":1,""sourceKind"":""manufacturer"",""sourceUrl"":""https://store.agibot.com/products/a3"",""observedAt"":""2026-09-13T20:59:25.697Z"",""recordedInStock"":null,""recordedLeadTimeText"":""Manufacturer store order or quotation. Confirm configuration, destination, taxes and delivery; shipping charges are extra.""}]","[""Collect exact manufacturer product-page, manual or datasheet evidence; leave unpublished values unknown."",""Check German purchasing channels, published business contacts, buyer restrictions, authorization evidence and service coverage."",""Find task-specific deployment evidence including configuration, operating conditions, supervision and measured outcomes.""]"
"P1","unreviewed","5b32913c-e8d3-4a86-9403-7da6772512cc","agibot/g1-max","AgiBot","g1-max","base","AGIBOT G1 MAX","mobile_manipulator","shipping","public","2026-10-01","https://www.agibot.com/","9","0","0","","[""cameras"",""compute_module"",""dof_hands"",""dof_total"",""has_lidar"",""height_m"",""payload_kg:sustained"",""runtime_h:unstated"",""weight_kg""]","[]","0","0","[""missing_3d"",""missing_core_specs"",""missing_image"",""no_manufacturer_facts""]","[""public_record_needs_source_review""]","[""https://www.robothub.app/en/robots/agibot-g1-max""]","[]","[]","false","0","[]","[""Collect exact manufacturer product-page, manual or datasheet evidence; leave unpublished values unknown."",""Check German purchasing channels, published business contacts, buyer restrictions, authorization evidence and service coverage."",""Find task-specific deployment evidence including configuration, operating conditions, supervision and measured outcomes.""]"
"P1","unreviewed","b1db9082-9b30-4d44-9772-bc2824780811","agibot/g2","AgiBot","g2","base","AGIBOT G2","mobile_manipulator","shipping","public","2026-10-01","https://www.agibot.com/","9","0","0","","[""cameras"",""compute_module"",""dof_total"",""has_lidar"",""height_m"",""max_speed_ms"",""payload_kg:sustained"",""runtime_h:unstated"",""weight_kg""]","[]","0","0","[""missing_3d"",""missing_core_specs"",""missing_image"",""no_manufacturer_facts""]","[""public_record_needs_source_review""]","[""https://www.robothub.app/en/robots/agibot-g2""]","[]","[]","false","0","[]","[""Collect exact manufacturer product-page, manual or datasheet evidence; leave unpublished values unknown."",""Check German purchasing channels, published business contacts, buyer restrictions, authorization evidence and service coverage."",""Find task-specific deployment evidence including configuration, operating conditions, supervision and measured outcomes.""]"
"P1","unreviewed","3a43d114-c0d7-4cd9-bf2c-e2ce3e9e3ed4","agibot/g2-genie","AgiBot","g2-genie","base","G2 Genie","humanoid","prototype","public","2026-10-01","https://www.agibot.com/","10","0","0","","[""availability_note"",""collaborative"",""compute_module"",""dof_hands"",""finger_count"",""height_m"",""max_speed_ms"",""payload_kg"",""walk_speed_ms"",""weight_kg""]","[]","0","0","[""missing_3d"",""missing_core_specs"",""missing_image"",""no_manufacturer_facts""]","[""public_record_needs_source_review""]","[""https://humanoid.guide/product/g2-genie/""]","[]","[]","false","0","[]","[""Collect exact manufacturer product-page, manual or datasheet evidence; leave unpublished values unknown."",""Check German purchasing channels, published business contacts, buyer restrictions, authorization evidence and service coverage."",""Find task-specific deployment evidence including configuration, operating conditions, supervision and measured outcomes.""]"
"P1","unreviewed","0f0102b0-32a9-445a-abc8-1ee7f82f0df6","agibot/g2-max","AgiBot","g2-max","base","G2 Max","mobile_manipulator","shipping","public","2026-10-01","https://www.agibot.com/","14","0","0","","[""availability_note"",""collaborative"",""compute_module"",""connectivity"",""dof_hands"",""dof_total"",""finger_count"",""height_m"",""ip_rating"",""max_speed_ms"",""payload_kg"",""runtime_h:unstated"",""structural_material"",""weight_kg""]","[]","0","0","[""missing_3d"",""missing_image"",""no_manufacturer_facts""]","[""public_record_needs_source_review""]","[""https://humanoid.guide/product/g2-max/""]","[]","[]","false","0","[]","[""Collect exact manufacturer product-page, manual or datasheet evidence; leave unpublished values unknown."",""Check German purchasing channels, published business contacts, buyer restrictions, authorization evidence and service coverage."",""Find task-specific deployment evidence including configuration, operating conditions, supervision and measured outcomes.""]"
"P1","unreviewed","cf2ee190-ffb8-4c31-8384-073baaaed578","agibot/quester1-q1","AgiBot","quester1-q1","base","QUESTER1 (Q1)","humanoid","prototype","public","2026-10-01","https://www.agibot.com/","14","0","0","","[""availability_note"",""collaborative"",""compute_module"",""connectivity"",""dof_hands"",""dof_total"",""finger_count"",""ip_rating"",""max_speed_ms"",""payload_kg"",""runtime_h:unstated"",""structural_material"",""walk_speed_ms"",""weight_kg""]","[]","0","0","[""missing_3d"",""missing_core_specs"",""missing_image"",""no_manufacturer_facts""]","[""public_record_needs_source_review""]","[""https://humanoid.guide/product/quester1-q1/""]","[]","[]","false","0","[]","[""Collect exact manufacturer product-page, manual or datasheet evidence; leave unpublished values unknown."",""Check German purchasing channels, published business contacts, buyer restrictions, authorization evidence and service coverage."",""Find task-specific deployment evidence including configuration, operating conditions, supervision and measured outcomes.""]"
"P1","unreviewed","94aaf6c0-5535-4b65-a1ff-bd4add7c7067","agibot/raise-a1","AgiBot","raise-a1","base","RAISE A1","humanoid","prototype","public","2026-10-01","https://www.agibot.com/","10","0","0","","[""availability_note"",""dof_hands"",""dof_total"",""finger_count"",""height_m"",""max_speed_ms"",""payload_kg"",""runtime_h:unstated"",""walk_speed_ms"",""weight_kg""]","[]","0","0","[""missing_3d"",""missing_core_specs"",""missing_image"",""no_manufacturer_facts""]","[""public_record_needs_source_review""]","[""https://humanoid.guide/product/raise-a1/""]","[]","[]","false","0","[]","[""Collect exact manufacturer product-page, manual or datasheet evidence; leave unpublished values unknown."",""Check German purchasing channels, published business contacts, buyer restrictions, authorization evidence and service coverage."",""Find task-specific deployment evidence including configuration, operating conditions, supervision and measured outcomes.""]"
"P1","unreviewed","7cf21cdd-dafb-4c2a-83a8-246362063131","agibot/x2-ultra","AgiBot","x2-ultra","base","AgiBot X2 Ultra","humanoid","shipping","public","2026-10-01","https://www.agibot.com/","3","0","0","","[""dof_total"",""height_m"",""weight_kg""]","[]","0","0","[""missing_3d"",""missing_core_specs"",""no_manufacturer_facts""]","[""public_record_needs_source_review""]","[""https://robotpriceindex.com/robots/agibot-x2-ultra"",""https://store.agibot.com/products/x2-ultra""]","[]","[""GLOBAL""]","false","0","[{""region"":""GLOBAL"",""status"":""enterprise_only"",""sourceTier"":1,""sourceKind"":""manufacturer"",""sourceUrl"":""https://store.agibot.com/products/x2-ultra"",""observedAt"":""2026-09-13T20:59:31.735Z"",""recordedInStock"":null,""recordedLeadTimeText"":""Manufacturer store order or quotation. Confirm configuration, destination, taxes and delivery; shipping charges are extra.""}]","[""Collect exact manufacturer product-page, manual or datasheet evidence; leave unpublished values unknown."",""Check German purchasing channels, published business contacts, buyer restrictions, authorization evidence and service coverage."",""Find task-specific deployment evidence including configuration, operating conditions, supervision and measured outcomes.""]"
"P1","unreviewed","d3066ca8-993a-42d7-8986-16b06575d538","agility/cassie","Agility Robotics","cassie","base","Cassie","humanoid","concept","public","2026-10-01","https://agilityrobotics.com/","0","0","0","","[]","[]","0","0","[""missing_3d"",""missing_core_specs"",""missing_image"",""no_facts"",""no_manufacturer_facts""]","[""public_record_needs_source_review""]","[]","[]","[]","false","0","[]","[""Collect exact manufacturer product-page, manual or datasheet evidence; leave unpublished values unknown."",""Check German purchasing channels, published business contacts, buyer restrictions, authorization evidence and service coverage."",""Find task-specific deployment evidence including configuration, operating conditions, supervision and measured outcomes.""]"
"P1","unreviewed","e2ab9cd5-4b6d-4086-b38e-b8fdca7c608c","aidol/aidol","AIDOL","aidol","base","AIDOL","humanoid","unknown","public","2026-10-01","https://aidoltech.ru/","6","0","0","","[""dof_total"",""height_m"",""max_speed_ms"",""payload_kg:rated_dual"",""runtime_h:unstated"",""weight_kg""]","[]","0","0","[""missing_3d"",""missing_core_specs"",""no_manufacturer_facts""]","[""public_record_needs_source_review""]","[""https://www.robothub.app/en/robots/aidol""]","[]","[]","false","0","[]","[""Collect exact manufacturer product-page, manual or datasheet evidence; leave unpublished values unknown."",""Check German purchasing channels, published business contacts, buyer restrictions, authorization evidence and service coverage."",""Find task-specific deployment evidence including configuration, operating conditions, supervision and measured outcomes.""]"
"P1","unreviewed","ffb1b493-3948-438f-8d87-9f4fcda464f8","aimoga/mornine","AiMOGA","mornine","base","Mornine","humanoid","prototype","public","2026-10-01","https://www.aimoga-robot.com/mornine/","8","0","0","","[""cameras"",""compute_module"",""dof_hands"",""dof_total"",""has_lidar"",""height_m"",""max_speed_ms"",""weight_kg""]","[]","0","0","[""missing_3d"",""missing_core_specs"",""no_manufacturer_facts""]","[""public_record_needs_source_review""]","[""https://www.robothub.app/en/robots/mornine""]","[]","[]","false","0","[]","[""Collect exact manufacturer product-page, manual or datasheet evidence; leave unpublished values unknown."",""Check German purchasing channels, published business contacts, buyer restrictions, authorization evidence and service coverage."",""Find task-specific deployment evidence including configuration, operating conditions, supervision and measured outcomes.""]"
"P1","unreviewed","77f29079-4c7f-4697-a5d1-3e5290316f01","akinrobotics/akinci-5","AKINROBOTICS","akinci-5","base","AKINCI-5","humanoid","prototype","public","2026-10-01","https://www.akinrobotics.com/en/","13","0","0","","[""availability_note"",""collaborative"",""compute_module"",""connectivity"",""dof_hands"",""dof_total"",""height_m"",""max_speed_ms"",""payload_kg"",""runtime_h:unstated"",""structural_material"",""walk_speed_ms"",""weight_kg""]","[]","0","0","[""missing_3d"",""missing_core_specs"",""missing_image"",""no_manufacturer_facts""]","[""public_record_needs_source_review""]","[""https://humanoid.guide/product/akinci-5/""]","[]","[]","false","0","[]","[""Collect exact manufacturer product-page, manual or datasheet evidence; leave unpublished values unknown."",""Check German purchasing channels, published business contacts, buyer restrictions, authorization evidence and service coverage."",""Find task-specific deployment evidence including configuration, operating conditions, supervision and measured outcomes.""]"
"P1","unreviewed","9b82c102-3640-47f8-a82f-c6a641b8e5f6","amigos/ami-01","Amigos Robot","ami-01","base","AMI-01","mobile_manipulator","prototype","public","2026-10-01","https://amigos-robot.com/products","4","0","0","","[""cameras"",""compute_module"",""has_lidar"",""payload_kg:sustained""]","[]","0","0","[""missing_3d"",""missing_core_specs"",""missing_image"",""no_manufacturer_facts""]","[""public_record_needs_source_review""]","[""https://www.robothub.app/en/robots/ami-01""]","[]","[]","false","0","[]","[""Collect exact manufacturer product-page, manual or datasheet evidence; leave unpublished values unknown."",""Check German purchasing channels, published business contacts, buyer restrictions, authorization evidence and service coverage."",""Find task-specific deployment evidence including configuration, operating conditions, supervision and measured outcomes.""]"
"P1","unreviewed","30a7cd93-96ea-4257-acf5-5ee8a4ac4a6c","amigos/ami-02","Amigos Robot","ami-02","base","AMI-02","mobile_manipulator","prototype","public","2026-10-01","https://amigos-robot.com/products","3","0","0","","[""cameras"",""compute_module"",""has_lidar""]","[]","0","0","[""missing_3d"",""missing_core_specs"",""missing_image"",""no_manufacturer_facts""]","[""public_record_needs_source_review""]","[""https://www.robothub.app/en/robots/ami-02""]","[]","[]","false","0","[]","[""Collect exact manufacturer product-page, manual or datasheet evidence; leave unpublished values unknown."",""Check German purchasing channels, published business contacts, buyer restrictions, authorization evidence and service coverage."",""Find task-specific deployment evidence including configuration, operating conditions, supervision and measured outcomes.""]"
"P1","unreviewed","5c387cb5-a7e5-4228-8ce7-df7c24548c47","andromeda/abi","Andromeda Robotics","abi","base","Abi","humanoid","shipping","public","2026-10-01","https://andromedarobotics.ai/","12","0","0","","[""availability_note"",""collaborative"",""connectivity"",""dof_hands"",""dof_total"",""finger_count"",""height_m"",""max_speed_ms"",""payload_kg"",""runtime_h:unstated"",""structural_material"",""weight_kg""]","[]","0","0","[""missing_3d"",""missing_core_specs"",""missing_image"",""no_manufacturer_facts""]","[""public_record_needs_source_review""]","[""https://humanoid.guide/product/abi/""]","[]","[]","false","0","[]","[""Collect exact manufacturer product-page, manual or datasheet evidence; leave unpublished values unknown."",""Check German purchasing channels, published business contacts, buyer restrictions, authorization evidence and service coverage."",""Find task-specific deployment evidence including configuration, operating conditions, supervision and measured outcomes.""]"
"P1","unreviewed","6d95c27e-07b1-453c-b63c-787f3197f0fc","anhui-heli/embodied-industrial-robot","Anhui Heli","embodied-industrial-robot","base","Embodied Industrial Robot","mobile_manipulator","unknown","public","2026-10-01","https://en.helichina.com/","0","0","0","","[]","[]","0","0","[""missing_3d"",""missing_core_specs"",""missing_image"",""no_facts"",""no_manufacturer_facts""]","[""public_record_needs_source_review""]","[]","[]","[]","false","0","[]","[""Collect exact manufacturer product-page, manual or datasheet evidence; leave unpublished values unknown."",""Check German purchasing channels, published business contacts, buyer restrictions, authorization evidence and service coverage."",""Find task-specific deployment evidence including configuration, operating conditions, supervision and measured outcomes.""]"
"P1","unreviewed","89fb84c1-4239-430a-8d9c-12bd6fb8220c","anybotics/anymal-d","ANYbotics","anymal-d","base","ANYmal D","quadruped","shipping","public","2026-10-01","https://www.anybotics.com/","18","1","11","2026-09-12T14:05:48.138Z","[""cameras"",""certifications"",""charge_time_h"",""compute_module"",""connectivity"",""has_lidar"",""height_m"",""ip_rating"",""outdoor_rated"",""payload_kg:sustained"",""requires_operator"",""runtime_h:unstated"",""stair_capable"",""task_capabilities"",""trl"",""walk_speed_ms"",""weight_kg""]","[""cameras"",""certifications"",""charge_time_h"",""compute_module"",""connectivity"",""has_lidar"",""ip_rating"",""outdoor_rated"",""payload_kg:sustained"",""runtime_h:unstated"",""walk_speed_ms""]","1","0","[""missing_3d"",""missing_core_specs"",""missing_image""]","[""public_record_needs_source_review""]","[""curated://anybotics/anymal-d.yaml#hot_swap"",""curated://anybotics/anymal-d.yaml#requires_operator"",""curated://anybotics/anymal-d.yaml#stair_capable"",""curated://anybotics/anymal-d.yaml#task_capabilities"",""https://robotpriceindex.com/robots/anybotics-anymal"",""https://www.anybotics.com/anymal/""]","[""https://www.anybotics.com/anymal/""]","[""GLOBAL""]","false","0","[{""region"":""GLOBAL"",""status"":""enterprise_only"",""sourceTier"":1,""sourceKind"":""manufacturer"",""sourceUrl"":""https://www.anybotics.com/anymal/"",""observedAt"":""2026-09-08T00:00:00.000Z"",""recordedInStock"":null,""recordedLeadTimeText"":""Quote only""}]","[""Recheck recorded manufacturer facts for this exact configuration, units, qualifiers and operating conditions."",""Check German purchasing channels, published business contacts, buyer restrictions, authorization evidence and service coverage."",""Find task-specific deployment evidence including configuration, operating conditions, supervision and measured outcomes.""]"
"P1","unreviewed","01116020-4ece-4b84-9f51-59afe87113ba","anybotics/anymal-x","ANYbotics","anymal-x","base","ANYmal X","quadruped","shipping","public","2026-10-01","https://www.anybotics.com/","0","0","0","","[]","[]","0","0","[""missing_3d"",""missing_core_specs"",""missing_image"",""no_facts"",""no_manufacturer_facts""]","[""public_record_needs_source_review""]","[""https://www.anybotics.com/robotics/anymal-x/""]","[]","[""GLOBAL""]","false","0","[{""region"":""GLOBAL"",""status"":""enterprise_only"",""sourceTier"":1,""sourceKind"":""manufacturer"",""sourceUrl"":""https://www.anybotics.com/robotics/anymal-x/"",""observedAt"":""2026-09-13T21:08:22.835Z"",""recordedInStock"":null,""recordedLeadTimeText"":""The current exact-model product page describes a ready-to-use industrial platform. The official commercial launch opened orders beyond early adopters.""}]","[""Collect exact manufacturer product-page, manual or datasheet evidence; leave unpublished values unknown."",""Check German purchasing channels, published business contacts, buyer restrictions, authorization evidence and service coverage."",""Find task-specific deployment evidence including configuration, operating conditions, supervision and measured outcomes.""]"
"P1","unreviewed","6caf1001-4c00-42d2-8e85-ba9074fe2a31","anyverse/k15","Anyverse","k15","base","K15","mobile_manipulator","prototype","public","2026-10-01","https://anyverse.com/","6","0","0","","[""cameras"",""compute_module"",""dof_total"",""has_lidar"",""payload_kg:sustained"",""runtime_h:unstated""]","[]","0","0","[""missing_3d"",""missing_core_specs"",""missing_image"",""no_manufacturer_facts""]","[""public_record_needs_source_review""]","[""https://www.robothub.app/en/robots/k15""]","[]","[]","false","0","[]","[""Collect exact manufacturer product-page, manual or datasheet evidence; leave unpublished values unknown."",""Check German purchasing channels, published business contacts, buyer restrictions, authorization evidence and service coverage."",""Find task-specific deployment evidence including configuration, operating conditions, supervision and measured outcomes.""]"
"P1","unreviewed","1b1f8b28-52c7-4c33-8b83-17a4991e068c","apptronik/apollo-2","Apptronik","apollo-2","base","Apollo 2","humanoid","prototype","public","2026-10-01","https://apptronik.com/","12","0","0","","[""availability_note"",""collaborative"",""connectivity"",""dof_hands"",""dof_total"",""finger_count"",""height_m"",""max_speed_ms"",""payload_kg"",""runtime_h:unstated"",""structural_material"",""weight_kg""]","[]","0","0","[""missing_3d"",""missing_core_specs"",""no_manufacturer_facts""]","[""public_record_needs_source_review""]","[""https://humanoid.guide/product/apollo-2/""]","[]","[]","false","0","[]","[""Collect exact manufacturer product-page, manual or datasheet evidence; leave unpublished values unknown."",""Check German purchasing channels, published business contacts, buyer restrictions, authorization evidence and service coverage."",""Find task-specific deployment evidence including configuration, operating conditions, supervision and measured outcomes.""]"
"P1","unreviewed","cbbfb7d6-c492-445e-9a0a-7e77c55521af","apptronik/astra","Apptronik","astra","base","Astra","humanoid","prototype","public","2026-10-01","https://apptronik.com/","10","0","0","","[""availability_note"",""collaborative"",""connectivity"",""dof_hands"",""dof_total"",""finger_count"",""payload_kg"",""runtime_h:unstated"",""structural_material"",""weight_kg""]","[]","0","0","[""missing_3d"",""missing_core_specs"",""missing_image"",""no_manufacturer_facts""]","[""public_record_needs_source_review""]","[""https://humanoid.guide/product/astra/""]","[]","[]","false","0","[]","[""Collect exact manufacturer product-page, manual or datasheet evidence; leave unpublished values unknown."",""Check German purchasing channels, published business contacts, buyer restrictions, authorization evidence and service coverage."",""Find task-specific deployment evidence including configuration, operating conditions, supervision and measured outcomes.""]"
"P1","unreviewed","2d3494da-5635-4475-9ba0-0d06f007f55c","apptronik/qdh","Apptronik","qdh","base","QDH","humanoid","prototype","public","2026-10-01","https://apptronik.com/","11","0","0","","[""availability_note"",""collaborative"",""connectivity"",""dof_total"",""height_m"",""max_speed_ms"",""payload_kg"",""runtime_h:unstated"",""structural_material"",""walk_speed_ms"",""weight_kg""]","[]","0","0","[""missing_3d"",""missing_core_specs"",""missing_image"",""no_manufacturer_facts""]","[""public_record_needs_source_review""]","[""https://humanoid.guide/product/qdh/""]","[]","[]","false","0","[]","[""Collect exact manufacturer product-page, manual or datasheet evidence; leave unpublished values unknown."",""Check German purchasing channels, published business contacts, buyer restrictions, authorization evidence and service coverage."",""Find task-specific deployment evidence including configuration, operating conditions, supervision and measured outcomes.""]"
"P1","unreviewed","50a648f5-ed40-491a-8bfb-b365fd3fecce","artificial-dynamic-organism/aidol","AIDOL","aidol","base","AIDOL","humanoid","prototype","public","2026-10-01","https://aidoltech.ru/","11","0","0","","[""availability_note"",""compute_module"",""dof_total"",""finger_count"",""height_m"",""max_speed_ms"",""payload_kg"",""runtime_h:unstated"",""structural_material"",""walk_speed_ms"",""weight_kg""]","[]","0","0","[""missing_3d"",""missing_core_specs"",""no_manufacturer_facts""]","[""public_record_needs_source_review""]","[""https://humanoid.guide/product/aidol/""]","[]","[]","false","0","[]","[""Collect exact manufacturer product-page, manual or datasheet evidence; leave unpublished values unknown."",""Check German purchasing channels, published business contacts, buyer restrictions, authorization evidence and service coverage."",""Find task-specific deployment evidence including configuration, operating conditions, supervision and measured outcomes.""]"
"P1","unreviewed","42640e20-d565-4222-ba69-4bb5a8246c39","astribot/t1","Astribot","t1","base","Astribot T1","humanoid","shipping","public","2026-10-01","https://www.astribot.com/en/product","12","0","0","","[""availability_note"",""collaborative"",""connectivity"",""dof_hands"",""dof_total"",""finger_count"",""height_m"",""max_speed_ms"",""payload_kg"",""runtime_h:unstated"",""structural_material"",""weight_kg""]","[]","0","0","[""missing_3d"",""missing_core_specs"",""missing_image"",""no_manufacturer_facts""]","[""public_record_needs_source_review""]","[""https://humanoid.guide/product/astribot-t1/""]","[]","[]","false","0","[]","[""Collect exact manufacturer product-page, manual or datasheet evidence; leave unpublished values unknown."",""Check German purchasing channels, published business contacts, buyer restrictions, authorization evidence and service coverage."",""Find task-specific deployment evidence including configuration, operating conditions, supervision and measured outcomes.""]"
"P1","unreviewed","c66cadbe-4d77-47b0-861a-2ea57c249a95","ati-motors/sherpa-mecha","Ati Robotics","sherpa-mecha","base","Sherpa Mecha","mobile_manipulator","unknown","public","2026-10-01","https://www.atirobotics.ai/products/humanoid/sherpa-mecha/","3","0","3","2026-09-12T13:07:26.527Z","[""height_m"",""max_speed_ms"",""payload_kg:rated""]","[""height_m"",""max_speed_ms"",""payload_kg:rated""]","0","0","[""missing_3d"",""missing_core_specs""]","[""public_record_needs_source_review""]","[""https://www.atirobotics.ai/products/humanoid/sherpa-mecha/""]","[""https://www.atirobotics.ai/products/humanoid/sherpa-mecha/""]","[]","false","0","[]","[""Recheck recorded manufacturer facts for this exact configuration, units, qualifiers and operating conditions."",""Check German purchasing channels, published business contacts, buyer restrictions, authorization evidence and service coverage."",""Find task-specific deployment evidence including configuration, operating conditions, supervision and measured outcomes.""]"
"P1","unreviewed","fdc39e92-16a3-4140-b919-4c600faeff38","atom/atom01","ATOMROBOT","atom01","base","ATOM01","mobile_manipulator","unknown","public","2026-10-01","https://www.atomrobot.ai/","9","0","0","","[""cameras"",""compute_module"",""dof_total"",""has_lidar"",""height_m"",""max_speed_ms"",""payload_kg:sustained"",""runtime_h:unstated"",""weight_kg""]","[]","0","0","[""missing_3d"",""missing_core_specs"",""missing_image"",""no_manufacturer_facts""]","[""public_record_needs_source_review""]","[""https://www.robothub.app/en/robots/atom01""]","[]","[]","false","0","[]","[""Collect exact manufacturer product-page, manual or datasheet evidence; leave unpublished values unknown."",""Check German purchasing channels, published business contacts, buyer restrictions, authorization evidence and service coverage."",""Find task-specific deployment evidence including configuration, operating conditions, supervision and measured outcomes.""]"
"P1","unreviewed","7c32e624-2332-4261-a197-7d48a2ecfa3d","autolife/s1","AutoLife Robotics","s1","base","AutoLife S1","mobile_manipulator","unknown","public","2026-10-01","https://autolife.ai/products","6","0","0","","[""compute_module"",""dof_total"",""height_m"",""payload_kg:sustained"",""runtime_h:unstated"",""weight_kg""]","[]","0","0","[""missing_3d"",""missing_core_specs"",""missing_image"",""no_manufacturer_facts""]","[""public_record_needs_source_review""]","[""https://www.robothub.app/en/robots/autolife-service-robot""]","[]","[]","false","0","[]","[""Collect exact manufacturer product-page, manual or datasheet evidence; leave unpublished values unknown."",""Check German purchasing channels, published business contacts, buyer restrictions, authorization evidence and service coverage."",""Find task-specific deployment evidence including configuration, operating conditions, supervision and measured outcomes.""]"
"P1","unreviewed","95ab1997-a3a5-43eb-a422-cc5aa92d8941","autolife/s2","AutoLife Robotics","s2","base","AutoLife S2","mobile_manipulator","concept","public","2026-10-01","https://autolife.ai/products","7","0","0","","[""cameras"",""compute_module"",""dof_hands"",""dof_total"",""has_lidar"",""payload_kg:sustained"",""runtime_h:unstated""]","[]","0","0","[""missing_3d"",""missing_core_specs"",""missing_image"",""no_manufacturer_facts""]","[""public_record_needs_source_review""]","[""https://www.robothub.app/en/robots/autolife-s2""]","[]","[]","false","0","[]","[""Collect exact manufacturer product-page, manual or datasheet evidence; leave unpublished values unknown."",""Check German purchasing channels, published business contacts, buyer restrictions, authorization evidence and service coverage."",""Find task-specific deployment evidence including configuration, operating conditions, supervision and measured outcomes.""]"
"P1","unreviewed","7de890eb-9ccc-403f-b089-2e8ede9a757d","blinx/standard","Blinx Technology","standard","base","Blinx Standard","mobile_manipulator","unknown","public","2026-10-01","https://www.blinx.cn/","4","0","0","","[""dof_total"",""height_m"",""payload_kg:sustained"",""weight_kg""]","[]","0","0","[""missing_3d"",""missing_core_specs"",""missing_image"",""no_manufacturer_facts""]","[""public_record_needs_source_review""]","[""https://www.robothub.app/en/robots/blinx-b1""]","[]","[]","false","0","[]","[""Collect exact manufacturer product-page, manual or datasheet evidence; leave unpublished values unknown."",""Check German purchasing channels, published business contacts, buyer restrictions, authorization evidence and service coverage."",""Find task-specific deployment evidence including configuration, operating conditions, supervision and measured outcomes.""]"
"P1","unreviewed","4a8adf2b-8b52-469f-ae73-773ff91ec619","borg/01","Borg Robotics","01","base","Borg 01","humanoid","prototype","public","2026-10-01","https://www.borgrobotic.com/","7","0","0","","[""availability_note"",""dof_total"",""height_m"",""max_speed_ms"",""payload_kg"",""runtime_h:unstated"",""weight_kg""]","[]","0","0","[""missing_3d"",""missing_core_specs"",""missing_image"",""no_manufacturer_facts""]","[""public_record_needs_source_review""]","[""https://humanoid.guide/product/borg-01/""]","[]","[]","false","0","[]","[""Collect exact manufacturer product-page, manual or datasheet evidence; leave unpublished values unknown."",""Check German purchasing channels, published business contacts, buyer restrictions, authorization evidence and service coverage."",""Find task-specific deployment evidence including configuration, operating conditions, supervision and measured outcomes.""]"
"P1","unreviewed","dd41312d-d1b3-4bd1-b8eb-afae377b7cb5","boshi/humanoid","Harbin Boshi Automation","humanoid","base","Boshi Humanoid","humanoid","concept","public","2026-10-01","https://www.boshi.cn/","2","0","0","","[""dof_total"",""payload_kg:rated_dual""]","[]","0","0","[""missing_3d"",""missing_core_specs"",""missing_image"",""no_manufacturer_facts""]","[""public_record_needs_source_review""]","[""https://www.robothub.app/en/robots/boshi-humanoid""]","[]","[]","false","0","[]","[""Collect exact manufacturer product-page, manual or datasheet evidence; leave unpublished values unknown."",""Check German purchasing channels, published business contacts, buyer restrictions, authorization evidence and service coverage."",""Find task-specific deployment evidence including configuration, operating conditions, supervision and measured outcomes.""]"
"P1","unreviewed","94b6fedd-ef91-4486-b96f-33b59b6ecd3c","boshiac/dexbot","Harbin Boshi Automation","dexbot","base","DexBot","humanoid","prototype","public","2026-10-01","https://www.boshi.cn/","12","0","0","","[""availability_note"",""collaborative"",""connectivity"",""finger_count"",""height_m"",""ip_rating"",""max_speed_ms"",""payload_kg"",""runtime_h:unstated"",""structural_material"",""walk_speed_ms"",""weight_kg""]","[]","0","0","[""missing_3d"",""missing_core_specs"",""missing_image"",""no_manufacturer_facts""]","[""public_record_needs_source_review""]","[""https://humanoid.guide/product/dexbot/""]","[]","[]","false","0","[]","[""Collect exact manufacturer product-page, manual or datasheet evidence; leave unpublished values unknown."",""Check German purchasing channels, published business contacts, buyer restrictions, authorization evidence and service coverage."",""Find task-specific deployment evidence including configuration, operating conditions, supervision and measured outcomes.""]"
"P1","unreviewed","b3dfef11-1272-4497-8e3f-027d91dd9bc1","boston-dynamics/spot","Boston Dynamics","spot","base","Spot","quadruped","shipping","public","2026-10-01","https://bostondynamics.com/","28","1","18","2026-09-13T20:55:34.436Z","[""battery_pack"",""battery_wh"",""certifications"",""charge_time_h"",""connectivity"",""deployment_evidence"",""equipment_options"",""footprint"",""height_m"",""ip_rating"",""max_slope_deg"",""max_speed_ms"",""operating_temp_c"",""outdoor_rated"",""payload_kg:sustained"",""requires_operator"",""runtime_h:idle"",""runtime_h:unstated"",""stair_capable"",""step_height_m"",""task_capabilities"",""trl"",""weight_kg""]","[""battery_wh"",""charge_time_h"",""connectivity"",""footprint"",""height_m"",""ip_rating"",""max_slope_deg"",""max_speed_ms"",""operating_temp_c"",""outdoor_rated"",""payload_kg:sustained"",""runtime_h:idle"",""runtime_h:unstated"",""stair_capable"",""step_height_m"",""weight_kg""]","1","1","[""missing_core_specs""]","[""public_record_needs_source_review""]","[""curated://boston-dynamics/spot.yaml#certifications"",""curated://boston-dynamics/spot.yaml#deployment_evidence"",""curated://boston-dynamics/spot.yaml#hot_swap"",""curated://boston-dynamics/spot.yaml#requires_operator"",""curated://boston-dynamics/spot.yaml#task_capabilities"",""https://bostondynamics.com/products/spot/"",""https://bostondynamics.com/products/spot/payloads/"",""https://robotpriceindex.com/robots/boston-dynamics-spot""]","[""https://bostondynamics.com/products/spot/""]","[""GLOBAL""]","false","0","[{""region"":""GLOBAL"",""status"":""enterprise_only"",""sourceTier"":1,""sourceKind"":""manufacturer"",""sourceUrl"":""https://bostondynamics.com/products/spot/"",""observedAt"":""2026-09-13T20:55:34.436Z"",""recordedInStock"":null,""recordedLeadTimeText"":""Quote only""}]","[""Recheck recorded manufacturer facts for this exact configuration, units, qualifiers and operating conditions."",""Check German purchasing channels, published business contacts, buyer restrictions, authorization evidence and service coverage."",""Find task-specific deployment evidence including configuration, operating conditions, supervision and measured outcomes.""]"
"P1","unreviewed","ee3661e1-eb26-4d3c-a72f-a642c0b156f2","casbot/02-lite","CASBOT","02-lite","base","CASBOT 02 Lite","humanoid","unknown","public","2026-10-01","https://casbot.tech/","6","0","0","","[""compute_module"",""dof_total"",""height_m"",""max_speed_ms"",""runtime_h:unstated"",""weight_kg""]","[]","0","0","[""missing_3d"",""missing_core_specs"",""missing_image"",""no_manufacturer_facts""]","[""public_record_needs_source_review""]","[""https://www.robothub.app/en/robots/casbot-02-lite""]","[]","[]","false","0","[]","[""Collect exact manufacturer product-page, manual or datasheet evidence; leave unpublished values unknown."",""Check German purchasing channels, published business contacts, buyer restrictions, authorization evidence and service coverage."",""Find task-specific deployment evidence including configuration, operating conditions, supervision and measured outcomes.""]"
"P1","unreviewed","54bccc6d-e434-49af-a995-eba95e41e3f4","casbot/mini","CASBOT","mini","base","CASBOT Mini","humanoid","prototype","public","2026-10-01","https://casbot.tech/","7","0","0","","[""compute_module"",""dof_total"",""height_m"",""max_speed_ms"",""payload_kg:rated_dual"",""runtime_h:unstated"",""weight_kg""]","[]","0","0","[""missing_3d"",""missing_core_specs"",""missing_image"",""no_manufacturer_facts""]","[""public_record_needs_source_review""]","[""https://www.robothub.app/en/robots/casbot-mini""]","[]","[]","false","0","[]","[""Collect exact manufacturer product-page, manual or datasheet evidence; leave unpublished values unknown."",""Check German purchasing channels, published business contacts, buyer restrictions, authorization evidence and service coverage."",""Find task-specific deployment evidence including configuration, operating conditions, supervision and measured outcomes.""]"
"P1","unreviewed","026db2fd-47bc-44f3-bc36-6bba515471d5","casivision/casivibot","CasiVision","casivibot","base","CASIVIBOT","humanoid","shipping","public","2026-10-01","https://en.zhongkehuiyuan.com/","12","0","0","","[""availability_note"",""collaborative"",""connectivity"",""dof_total"",""finger_count"",""height_m"",""ip_rating"",""max_speed_ms"",""payload_kg"",""runtime_h:unstated"",""structural_material"",""weight_kg""]","[]","0","0","[""missing_3d"",""missing_image"",""no_manufacturer_facts""]","[""public_record_needs_source_review""]","[""https://humanoid.guide/product/casivibot/""]","[]","[]","false","0","[]","[""Collect exact manufacturer product-page, manual or datasheet evidence; leave unpublished values unknown."",""Check German purchasing channels, published business contacts, buyer restrictions, authorization evidence and service coverage."",""Find task-specific deployment evidence including configuration, operating conditions, supervision and measured outcomes.""]"
"P1","unreviewed","a3e10fa0-0dc9-463c-a19e-c8931c093a73","cetc-21st-institute/explorer-d1","CETC Robotics","explorer-d1","base","Explorer D1","humanoid","unknown","public","2026-10-01","https://www.cetc.com.cn/","4","0","0","","[""height_m"",""max_speed_ms"",""runtime_h:unstated"",""weight_kg""]","[]","0","0","[""missing_3d"",""missing_core_specs"",""missing_image"",""no_manufacturer_facts""]","[""public_record_needs_source_review""]","[""https://www.robothub.app/en/robots/explorer-d1""]","[]","[]","false","0","[]","[""Collect exact manufacturer product-page, manual or datasheet evidence; leave unpublished values unknown."",""Check German purchasing channels, published business contacts, buyer restrictions, authorization evidence and service coverage."",""Find task-specific deployment evidence including configuration, operating conditions, supervision and measured outcomes.""]"
"P1","unreviewed","eb337e4a-0a07-4785-b2d2-bec8769d45fb","chaoneng/xiangjiang-1","Chaoneng Robotics","xiangjiang-1","base","xiangjiang 1","humanoid","unknown","public","2026-10-01","https://www.hncnbot.com/","6","0","0","","[""dof_total"",""height_m"",""max_speed_ms"",""payload_kg:rated_dual"",""runtime_h:unstated"",""weight_kg""]","[]","0","0","[""missing_3d"",""missing_core_specs"",""missing_image"",""no_manufacturer_facts""]","[""public_record_needs_source_review""]","[""https://www.robothub.app/en/robots/xiangjiang-1""]","[]","[]","false","0","[]","[""Collect exact manufacturer product-page, manual or datasheet evidence; leave unpublished values unknown."",""Check German purchasing channels, published business contacts, buyer restrictions, authorization evidence and service coverage."",""Find task-specific deployment evidence including configuration, operating conditions, supervision and measured outcomes.""]"
"P1","unreviewed","e84b4f58-19a2-4faf-8dc9-86ff8c164375","clone/alpha","Clone Robotics","alpha","base","Clone Alpha","humanoid","prototype","public","2026-10-01","https://www.clonerobotics.com/","7","0","0","","[""availability_note"",""dof_total"",""height_m"",""max_speed_ms"",""payload_kg"",""runtime_h:unstated"",""weight_kg""]","[]","0","0","[""missing_3d"",""missing_core_specs"",""missing_image"",""no_manufacturer_facts""]","[""public_record_needs_source_review""]","[""https://humanoid.guide/product/clone-alpha/""]","[]","[]","false","0","[]","[""Collect exact manufacturer product-page, manual or datasheet evidence; leave unpublished values unknown."",""Check German purchasing channels, published business contacts, buyer restrictions, authorization evidence and service coverage."",""Find task-specific deployment evidence including configuration, operating conditions, supervision and measured outcomes.""]"
"P1","unreviewed","7493069e-d00d-4992-b44c-a8f9e0c3ba13","clone/alpha-protoclone","Clone Robotics","alpha-protoclone","base","Clone Alpha (Protoclone)","humanoid","unknown","public","2026-10-01","https://www.clonerobotics.com/","2","0","0","","[""dof_total"",""height_m""]","[]","0","0","[""missing_3d"",""missing_core_specs"",""missing_image"",""no_manufacturer_facts"",""reported_availability""]","[""public_record_needs_source_review""]","[""https://robotpriceindex.com/robots/clone-alpha""]","[]","[]","false","0","[]","[""Collect exact manufacturer product-page, manual or datasheet evidence; leave unpublished values unknown."",""Check German purchasing channels, published business contacts, buyer restrictions, authorization evidence and service coverage."",""Find task-specific deployment evidence including configuration, operating conditions, supervision and measured outcomes.""]"
"P1","unreviewed","35448e5d-5cba-408a-b2f6-feec9894f248","cloudminds/cloud-ginger-xr-1","CloudMinds / Dataa Robotics","cloud-ginger-xr-1","base","Cloud Ginger XR-1","mobile_manipulator","prototype","public","2026-10-01","https://www.dataarobotics.com/","3","0","0","","[""dof_total"",""height_m"",""max_speed_ms""]","[]","0","0","[""missing_3d"",""missing_core_specs"",""no_manufacturer_facts""]","[""public_record_needs_source_review""]","[""https://www.robothub.app/en/robots/xr-1""]","[]","[]","false","0","[]","[""Collect exact manufacturer product-page, manual or datasheet evidence; leave unpublished values unknown."",""Check German purchasing channels, published business contacts, buyer restrictions, authorization evidence and service coverage."",""Find task-specific deployment evidence including configuration, operating conditions, supervision and measured outcomes.""]"
"P1","unreviewed","f5cb0eb8-78a9-40b9-a392-c24ff66641c9","cloudminds/ginger","CloudMinds / Dataa Robotics","ginger","base","Ginger","mobile_manipulator","prototype","public","2026-10-01","https://www.dataarobotics.com/","4","0","0","","[""dof_total"",""height_m"",""runtime_h:unstated"",""weight_kg""]","[]","0","0","[""missing_3d"",""missing_core_specs"",""no_manufacturer_facts""]","[""public_record_needs_source_review""]","[""https://www.robothub.app/en/robots/ginger""]","[]","[]","false","0","[]","[""Collect exact manufacturer product-page, manual or datasheet evidence; leave unpublished values unknown."",""Check German purchasing channels, published business contacts, buyer restrictions, authorization evidence and service coverage."",""Find task-specific deployment evidence including configuration, operating conditions, supervision and measured outcomes.""]"
"P1","unreviewed","f2e0a02b-1ba5-4c36-adee-25c6659aef1e","cloudminds/xr-4","CloudMinds / Dataa Robotics","xr-4","base","XR-4","humanoid","prototype","public","2026-10-01","https://www.dataarobotics.com/","0","0","0","","[]","[]","0","0","[""missing_3d"",""missing_core_specs"",""no_facts"",""no_manufacturer_facts""]","[""public_record_needs_source_review""]","[]","[]","[]","false","0","[]","[""Collect exact manufacturer product-page, manual or datasheet evidence; leave unpublished values unknown."",""Check German purchasing channels, published business contacts, buyer restrictions, authorization evidence and service coverage."",""Find task-specific deployment evidence including configuration, operating conditions, supervision and measured outcomes.""]"
"P1","unreviewed","ef5aef91-e7cb-4dd7-b99f-67d96459a1e8","cloudminds/xr4-xiaozi","CloudMinds / Dataa Robotics","xr4-xiaozi","base","XR4 Xiaozi","humanoid","prototype","public","2026-10-01","https://www.dataarobotics.com/","2","0","0","","[""dof_total"",""height_m""]","[]","0","0","[""missing_3d"",""missing_core_specs"",""missing_image"",""no_manufacturer_facts""]","[""public_record_needs_source_review""]","[""https://www.robothub.app/en/robots/xr4""]","[]","[]","false","0","[]","[""Collect exact manufacturer product-page, manual or datasheet evidence; leave unpublished values unknown."",""Check German purchasing channels, published business contacts, buyer restrictions, authorization evidence and service coverage."",""Find task-specific deployment evidence including configuration, operating conditions, supervision and measured outcomes.""]"
"P1","unreviewed","c5b69676-6477-436c-a1be-3ceeb66746ba","corenetic/monte02","Corenetic AI","monte02","base","Monte02","humanoid","unknown","public","2026-10-01","https://www.corenetic.ai/about-us","0","0","0","","[]","[]","0","0","[""missing_3d"",""missing_core_specs"",""missing_image"",""no_facts"",""no_manufacturer_facts""]","[""public_record_needs_source_review""]","[]","[]","[]","false","0","[]","[""Collect exact manufacturer product-page, manual or datasheet evidence; leave unpublished values unknown."",""Check German purchasing channels, published business contacts, buyer restrictions, authorization evidence and service coverage."",""Find task-specific deployment evidence including configuration, operating conditions, supervision and measured outcomes.""]"
"P1","unreviewed","d233ba30-4929-4e50-b3b6-b59e70e57266","cyborg/r01","Cyborg Robotics","r01","base","Cyborg R01","humanoid","unknown","public","2026-10-01","https://www.cyb-org.cn/","0","0","0","","[]","[]","0","0","[""missing_3d"",""missing_core_specs"",""missing_image"",""no_facts"",""no_manufacturer_facts""]","[""public_record_needs_source_review""]","[]","[]","[]","false","0","[]","[""Collect exact manufacturer product-page, manual or datasheet evidence; leave unpublished values unknown."",""Check German purchasing channels, published business contacts, buyer restrictions, authorization evidence and service coverage."",""Find task-specific deployment evidence including configuration, operating conditions, supervision and measured outcomes.""]"
"P1","unreviewed","a52fc5d8-91da-4e76-983d-717870809666","cyborg/w01","Cyborg Robotics","w01","base","Cyborg-W01","mobile_manipulator","concept","public","2026-10-01","https://www.cyb-org.cn/","0","0","0","","[]","[]","0","0","[""missing_3d"",""missing_core_specs"",""missing_image"",""no_facts"",""no_manufacturer_facts""]","[""public_record_needs_source_review""]","[]","[]","[]","false","0","[]","[""Collect exact manufacturer product-page, manual or datasheet evidence; leave unpublished values unknown."",""Check German purchasing channels, published business contacts, buyer restrictions, authorization evidence and service coverage."",""Find task-specific deployment evidence including configuration, operating conditions, supervision and measured outcomes.""]"
"P1","unreviewed","76e10573-d69a-421a-afee-ed73d3e390cf","dax/x7-pro","DAX Robotics","x7-pro","base","X7 Pro","mobile_manipulator","prototype","public","2026-10-01","https://daxrobotics.cn/","7","0","0","","[""cameras"",""compute_module"",""dof_total"",""has_lidar"",""height_m"",""max_speed_ms"",""payload_kg:sustained""]","[]","0","0","[""missing_3d"",""missing_core_specs"",""missing_image"",""no_manufacturer_facts""]","[""public_record_needs_source_review""]","[""https://www.robothub.app/en/robots/x7-pro""]","[]","[]","false","0","[]","[""Collect exact manufacturer product-page, manual or datasheet evidence; leave unpublished values unknown."",""Check German purchasing channels, published business contacts, buyer restrictions, authorization evidence and service coverage."",""Find task-specific deployment evidence including configuration, operating conditions, supervision and measured outcomes.""]"
"P1","unreviewed","f2203cb3-7990-4497-977a-5568412c7781","deep-robotics/dr01","Deep Robotics","dr01","base","DR01","humanoid","prototype","public","2026-10-01","https://www.deeprobotics.cn/en/","14","0","0","","[""availability_note"",""dof_total"",""height_m"",""max_speed_ms"",""payload_kg"",""payload_kg:rated_dual"",""runtime_h:unstated"",""walk_speed_ms"",""weight_kg""]","[]","0","0","[""missing_3d"",""missing_core_specs"",""no_manufacturer_facts""]","[""public_record_needs_source_review""]","[""https://humanoid.guide/product/dr01/"",""https://www.robothub.app/en/robots/deep-robotics-dr01""]","[]","[]","false","0","[]","[""Collect exact manufacturer product-page, manual or datasheet evidence; leave unpublished values unknown."",""Check German purchasing channels, published business contacts, buyer restrictions, authorization evidence and service coverage."",""Find task-specific deployment evidence including configuration, operating conditions, supervision and measured outcomes.""]"
"P1","unreviewed","438d2772-8454-498b-8695-1d296082cc6f","deep-robotics/lite3","Deep Robotics","lite3","base","Lite3","quadruped","shipping","public","2026-10-01","https://www.deeprobotics.cn/en/","4","0","0","","[""actuators"",""height_m"",""payload_kg:sustained"",""weight_kg""]","[]","0","0","[""missing_core_specs"",""no_manufacturer_facts""]","[""public_record_needs_source_review""]","[""https://github.com/DeepRoboticsLab/deep_robotics_model/blob/549eb9ac08ab0674ad388202f0a276a1b140833b/Lite3/urdf/Lite3.urdf"",""https://robotpriceindex.com/robots/deep-robotics-lite3"",""https://www.deeprobotics.cn/en/index/lite3.html""]","[]","[""GLOBAL""]","false","0","[{""region"":""GLOBAL"",""status"":""for_sale"",""sourceTier"":1,""sourceKind"":""manufacturer"",""sourceUrl"":""https://www.deeprobotics.cn/en/index/lite3.html"",""observedAt"":""2026-09-13T21:08:22.835Z"",""recordedInStock"":null,""recordedLeadTimeText"":""Contact before purchase. Manufacturer states delivery within 30 working days after order; transportation is extra.""}]","[""Collect exact manufacturer product-page, manual or datasheet evidence; leave unpublished values unknown."",""Check German purchasing channels, published business contacts, buyer restrictions, authorization evidence and service coverage."",""Find task-specific deployment evidence including configuration, operating conditions, supervision and measured outcomes.""]"
"P1","unreviewed","fcf44dfd-4d53-4192-b888-ec15dfcb7225","deep-robotics/lynx-m20","Deep Robotics","lynx-m20","base","Lynx M20","quadruped","unknown","public","2026-10-01","https://www.deeprobotics.cn/en/","2","0","0","","[""payload_kg:sustained"",""weight_kg""]","[]","0","0","[""missing_3d"",""missing_core_specs"",""no_manufacturer_facts"",""reported_availability""]","[""public_record_needs_source_review""]","[""https://robotpriceindex.com/robots/deep-robotics-lynx-m20""]","[]","[]","false","1","[]","[""Collect exact manufacturer product-page, manual or datasheet evidence; leave unpublished values unknown."",""Check German purchasing channels, published business contacts, buyer restrictions, authorization evidence and service coverage."",""Find task-specific deployment evidence including configuration, operating conditions, supervision and measured outcomes.""]"
"P1","unreviewed","1d9f78f8-ed81-4529-8881-12f16936e788","deep-robotics/lynx-s10","Deep Robotics","lynx-s10","base","Lynx S10","quadruped","unknown","public","2026-10-01","https://www.deeprobotics.cn/en/","2","0","0","","[""payload_kg:sustained"",""weight_kg""]","[]","0","0","[""missing_3d"",""missing_core_specs"",""no_manufacturer_facts"",""reported_availability""]","[""public_record_needs_source_review""]","[""https://robotpriceindex.com/robots/deep-robotics-lynx-s10""]","[]","[]","false","0","[]","[""Collect exact manufacturer product-page, manual or datasheet evidence; leave unpublished values unknown."",""Check German purchasing channels, published business contacts, buyer restrictions, authorization evidence and service coverage."",""Find task-specific deployment evidence including configuration, operating conditions, supervision and measured outcomes.""]"
"P1","unreviewed","8270f0e0-1e8f-48df-a9e6-dbc517a1ef15","deep-robotics/x20","Deep Robotics","x20","base","Jueying X20","quadruped","unknown","public","2026-10-01","https://www.deeprobotics.cn/en/","3","0","0","","[""height_m"",""payload_kg:sustained"",""weight_kg""]","[]","0","0","[""missing_3d"",""missing_core_specs"",""missing_image"",""no_manufacturer_facts"",""reported_availability""]","[""public_record_needs_source_review""]","[""https://robotpriceindex.com/robots/deep-robotics-x20""]","[]","[]","false","1","[]","[""Collect exact manufacturer product-page, manual or datasheet evidence; leave unpublished values unknown."",""Check German purchasing channels, published business contacts, buyer restrictions, authorization evidence and service coverage."",""Find task-specific deployment evidence including configuration, operating conditions, supervision and measured outcomes.""]"
"P1","unreviewed","eac7ce0e-225c-4f9a-bdba-56aa33bd504f","deep-robotics/x30","Deep Robotics","x30","base","X30","quadruped","shipping","public","2026-10-01","https://www.deeprobotics.cn/en/","21","0","14","2026-09-13T20:55:35.544Z","[""certifications"",""connectivity"",""footprint"",""height_m"",""ip_rating"",""max_slope_deg"",""max_speed_ms"",""operating_temp_c"",""outdoor_rated"",""payload_kg:sustained"",""requires_operator"",""runtime_h:unstated"",""stair_capable"",""step_height_m"",""task_capabilities"",""trl"",""weight_kg""]","[""connectivity"",""footprint"",""height_m"",""ip_rating"",""max_slope_deg"",""max_speed_ms"",""operating_temp_c"",""outdoor_rated"",""runtime_h:unstated"",""stair_capable"",""step_height_m"",""weight_kg""]","1","0","[""missing_core_specs"",""reported_availability""]","[""public_record_needs_source_review""]","[""curated://deep-robotics/x30.yaml#certifications"",""curated://deep-robotics/x30.yaml#requires_operator"",""curated://deep-robotics/x30.yaml#stair_capable"",""curated://deep-robotics/x30.yaml#task_capabilities"",""curated://deep-robotics/x30.yaml#trl"",""https://robotpriceindex.com/robots/deep-robotics-x30"",""https://www.deeprobotics.cn/en/index/product3.html""]","[""https://www.deeprobotics.cn/en/index/product3.html""]","[]","false","1","[]","[""Recheck recorded manufacturer facts for this exact configuration, units, qualifiers and operating conditions."",""Check German purchasing channels, published business contacts, buyer restrictions, authorization evidence and service coverage."",""Find task-specific deployment evidence including configuration, operating conditions, supervision and measured outcomes.""]"
"P1","unreviewed","b076efed-270b-4443-87e1-46918ce62855","deep-robotics/x30#pro","Deep Robotics","x30","pro","X30 Pro","quadruped","shipping","public","2026-10-01","https://www.deeprobotics.cn/en/","18","0","12","2026-09-13T20:55:35.544Z","[""certifications"",""connectivity"",""footprint"",""height_m"",""ip_rating"",""max_slope_deg"",""max_speed_ms"",""operating_temp_c"",""outdoor_rated"",""requires_operator"",""runtime_h:unstated"",""stair_capable"",""step_height_m"",""task_capabilities"",""trl"",""weight_kg""]","[""connectivity"",""footprint"",""height_m"",""ip_rating"",""max_slope_deg"",""max_speed_ms"",""operating_temp_c"",""runtime_h:unstated"",""stair_capable"",""step_height_m"",""weight_kg""]","1","0","[""missing_core_specs""]","[""public_record_needs_source_review""]","[""curated://deep-robotics/x30.yaml#certifications"",""curated://deep-robotics/x30.yaml#requires_operator"",""curated://deep-robotics/x30.yaml#stair_capable"",""curated://deep-robotics/x30.yaml#task_capabilities"",""curated://deep-robotics/x30.yaml#trl"",""https://www.deeprobotics.cn/en/index/product3.html""]","[""https://www.deeprobotics.cn/en/index/product3.html""]","[]","false","0","[]","[""Recheck recorded manufacturer facts for this exact configuration, units, qualifiers and operating conditions."",""Check German purchasing channels, published business contacts, buyer restrictions, authorization evidence and service coverage."",""Find task-specific deployment evidence including configuration, operating conditions, supervision and measured outcomes.""]"
"P1","unreviewed","fa11f1b4-b5b4-492b-a585-1acb27313c98","dexmate/vega-u","Dexmate","vega-u","base","Vega U","humanoid","shipping","public","2026-10-01","https://dexmate.ai/","6","0","0","","[""cameras"",""compute_module"",""dof_hands"",""dof_total"",""has_lidar"",""payload_kg:sustained""]","[]","0","0","[""missing_3d"",""missing_core_specs"",""missing_image"",""no_manufacturer_facts""]","[""public_record_needs_source_review""]","[""https://www.robothub.app/en/robots/vega-u""]","[]","[]","false","0","[]","[""Collect exact manufacturer product-page, manual or datasheet evidence; leave unpublished values unknown."",""Check German purchasing channels, published business contacts, buyer restrictions, authorization evidence and service coverage."",""Find task-specific deployment evidence including configuration, operating conditions, supervision and measured outcomes.""]"
"P1","unreviewed","6615992c-9493-48a2-9ced-1fff2facea5d","dexteleop/teleavatar-lite","Dexteleop Intelligence","teleavatar-lite","base","TeleAvatar Lite","humanoid","unknown","public","2026-10-01","https://www.dexteleop.com/products","5","0","0","","[""compute_module"",""dof_hands"",""dof_total"",""height_m"",""weight_kg""]","[]","0","0","[""missing_3d"",""missing_core_specs"",""missing_image"",""no_manufacturer_facts""]","[""public_record_needs_source_review""]","[""https://www.robothub.app/en/robots/teleavatar-lite""]","[]","[]","false","0","[]","[""Collect exact manufacturer product-page, manual or datasheet evidence; leave unpublished values unknown."",""Check German purchasing channels, published business contacts, buyer restrictions, authorization evidence and service coverage."",""Find task-specific deployment evidence including configuration, operating conditions, supervision and measured outcomes.""]"
"P1","unreviewed","0e5eea40-1afa-4553-a3c6-8de64c490823","dexteleop/teleavatar-pro","Dexteleop Intelligence","teleavatar-pro","base","TeleAvatar Pro","mobile_manipulator","unknown","public","2026-10-01","https://www.dexteleop.com/products","9","0","0","","[""cameras"",""compute_module"",""dof_hands"",""dof_total"",""has_lidar"",""height_m"",""max_speed_ms"",""runtime_h:unstated"",""weight_kg""]","[]","0","0","[""missing_3d"",""missing_core_specs"",""missing_image"",""no_manufacturer_facts""]","[""public_record_needs_source_review""]","[""https://www.robothub.app/en/robots/teleavatar-pro""]","[]","[]","false","0","[]","[""Collect exact manufacturer product-page, manual or datasheet evidence; leave unpublished values unknown."",""Check German purchasing channels, published business contacts, buyer restrictions, authorization evidence and service coverage."",""Find task-specific deployment evidence including configuration, operating conditions, supervision and measured outcomes.""]"
"P1","unreviewed","b0b0cd9a-86a6-4667-a158-27ac8601182c","dexteleop/teleavatar-standard","Dexteleop Intelligence","teleavatar-standard","base","TeleAvatar Standard","mobile_manipulator","unknown","public","2026-10-01","https://www.dexteleop.com/products","9","0","0","","[""cameras"",""compute_module"",""dof_hands"",""dof_total"",""has_lidar"",""height_m"",""max_speed_ms"",""runtime_h:unstated"",""weight_kg""]","[]","0","0","[""missing_3d"",""missing_core_specs"",""missing_image"",""no_manufacturer_facts""]","[""public_record_needs_source_review""]","[""https://www.robothub.app/en/robots/teleavatar-standard""]","[]","[]","false","0","[]","[""Collect exact manufacturer product-page, manual or datasheet evidence; leave unpublished values unknown."",""Check German purchasing channels, published business contacts, buyer restrictions, authorization evidence and service coverage."",""Find task-specific deployment evidence including configuration, operating conditions, supervision and measured outcomes.""]"
"P1","unreviewed","dc67263c-5098-498f-87df-4decb570f703","digit/nezha-p01","Digit Robotics","nezha-p01","base","Nezha P01","humanoid","prototype","public","2026-10-01","https://www.digit.com.cn/","13","0","0","","[""availability_note"",""collaborative"",""connectivity"",""dof_hands"",""dof_total"",""finger_count"",""height_m"",""max_speed_ms"",""payload_kg"",""runtime_h:unstated"",""structural_material"",""walk_speed_ms"",""weight_kg""]","[]","0","0","[""missing_3d"",""missing_core_specs"",""missing_image"",""no_manufacturer_facts""]","[""public_record_needs_source_review""]","[""https://humanoid.guide/product/nezha-p01/""]","[]","[]","false","0","[]","[""Collect exact manufacturer product-page, manual or datasheet evidence; leave unpublished values unknown."",""Check German purchasing channels, published business contacts, buyer restrictions, authorization evidence and service coverage."",""Find task-specific deployment evidence including configuration, operating conditions, supervision and measured outcomes.""]"
"P1","unreviewed","40f9bca5-2157-456b-95ab-78a83c1839a5","digit/p01","Digit Robotics","p01","base","P01","humanoid","unknown","public","2026-10-01","https://www.digit.com.cn/","7","0","0","","[""dof_hands"",""dof_total"",""height_m"",""max_speed_ms"",""payload_kg:rated_dual"",""runtime_h:unstated"",""weight_kg""]","[]","0","0","[""missing_3d"",""missing_core_specs"",""no_manufacturer_facts""]","[""public_record_needs_source_review""]","[""https://www.robothub.app/en/robots/p01""]","[]","[]","false","0","[]","[""Collect exact manufacturer product-page, manual or datasheet evidence; leave unpublished values unknown."",""Check German purchasing channels, published business contacts, buyer restrictions, authorization evidence and service coverage."",""Find task-specific deployment evidence including configuration, operating conditions, supervision and measured outcomes.""]"
"P1","unreviewed","b2b7d710-ec94-4001-9ca0-3a325db6e12c","digit/x02","Digit Robotics","x02","base","X02","humanoid","concept","public","2026-10-01","https://www.digit.com.cn/","6","0","0","","[""dof_total"",""height_m"",""max_speed_ms"",""payload_kg:rated_dual"",""runtime_h:unstated"",""weight_kg""]","[]","0","0","[""missing_3d"",""missing_core_specs"",""no_manufacturer_facts""]","[""public_record_needs_source_review""]","[""https://www.robothub.app/en/robots/x02""]","[]","[]","false","0","[]","[""Collect exact manufacturer product-page, manual or datasheet evidence; leave unpublished values unknown."",""Check German purchasing channels, published business contacts, buyer restrictions, authorization evidence and service coverage."",""Find task-specific deployment evidence including configuration, operating conditions, supervision and measured outcomes.""]"
"P1","unreviewed","0604d560-6da7-470f-b5ab-9c656e3b1610","digit/xialan-s0","Digit Robotics","xialan-s0","base","Xialan S0","humanoid","prototype","public","2026-10-01","https://www.digit.com.cn/","12","0","0","","[""availability_note"",""collaborative"",""connectivity"",""dof_hands"",""dof_total"",""finger_count"",""height_m"",""max_speed_ms"",""payload_kg"",""runtime_h:unstated"",""structural_material"",""walk_speed_ms""]","[]","0","0","[""missing_3d"",""missing_core_specs"",""missing_image"",""no_manufacturer_facts""]","[""public_record_needs_source_review""]","[""https://humanoid.guide/product/xialan-s0/""]","[]","[]","false","0","[]","[""Collect exact manufacturer product-page, manual or datasheet evidence; leave unpublished values unknown."",""Check German purchasing channels, published business contacts, buyer restrictions, authorization evidence and service coverage."",""Find task-specific deployment evidence including configuration, operating conditions, supervision and measured outcomes.""]"
"P1","unreviewed","b46c4839-424d-4aed-ab8d-d9ffb7beb274","digit/xiaqi","Digit Robotics","xiaqi","base","XiaQi","humanoid","shipping","public","2026-10-01","https://www.digit.com.cn/","14","0","0","","[""availability_note"",""collaborative"",""compute_module"",""connectivity"",""dof_hands"",""dof_total"",""finger_count"",""height_m"",""max_speed_ms"",""payload_kg"",""runtime_h:unstated"",""structural_material"",""walk_speed_ms"",""weight_kg""]","[]","0","0","[""missing_3d"",""missing_core_specs"",""missing_image"",""no_manufacturer_facts""]","[""public_record_needs_source_review""]","[""https://humanoid.guide/product/xiaqi/""]","[]","[]","false","0","[]","[""Collect exact manufacturer product-page, manual or datasheet evidence; leave unpublished values unknown."",""Check German purchasing channels, published business contacts, buyer restrictions, authorization evidence and service coverage."",""Find task-specific deployment evidence including configuration, operating conditions, supervision and measured outcomes.""]"
"P1","unreviewed","39b33eb8-56cb-4478-9b01-25c96e0bf3b7","discover/airbot-mmk2","DISCOVER Robotics","airbot-mmk2","base","AIRBOT MMK2","mobile_manipulator","shipping","public","2026-10-01","https://www.discover-robotics.com/products/mmk2","8","0","0","","[""cameras"",""compute_module"",""has_lidar"",""height_m"",""max_speed_ms"",""payload_kg:sustained"",""runtime_h:unstated"",""weight_kg""]","[]","0","0","[""missing_3d"",""missing_core_specs"",""missing_image"",""no_manufacturer_facts""]","[""public_record_needs_source_review""]","[""https://www.robothub.app/en/robots/airbot-mmk2""]","[]","[]","false","0","[]","[""Collect exact manufacturer product-page, manual or datasheet evidence; leave unpublished values unknown."",""Check German purchasing channels, published business contacts, buyer restrictions, authorization evidence and service coverage."",""Find task-specific deployment evidence including configuration, operating conditions, supervision and measured outcomes.""]"
"P1","unreviewed","ee6a6357-1879-4cd5-8c73-0e3cf8720385","dobot/atom-ii","Dobot","atom-ii","base","Atom II","humanoid","unknown","public","2026-10-01","https://www.dobot-robots.com/","0","0","0","","[]","[]","0","0","[""missing_3d"",""missing_core_specs"",""missing_image"",""no_facts"",""no_manufacturer_facts""]","[""public_record_needs_source_review""]","[]","[]","[]","false","0","[]","[""Collect exact manufacturer product-page, manual or datasheet evidence; leave unpublished values unknown."",""Check German purchasing channels, published business contacts, buyer restrictions, authorization evidence and service coverage."",""Find task-specific deployment evidence including configuration, operating conditions, supervision and measured outcomes.""]"
"P1","unreviewed","d10ff3e1-67f6-4267-9657-5fa670569966","dobot/atom-max","Dobot","atom-max","base","Atom Max","humanoid","prototype","public","2026-10-01","https://www.dobot-robots.com/","16","0","0","","[""availability_note"",""collaborative"",""compute_module"",""connectivity"",""dof_hands"",""dof_total"",""finger_count"",""height_m"",""ip_rating"",""max_speed_ms"",""payload_kg"",""runtime_h:unstated"",""structural_material"",""walk_speed_ms"",""weight_kg""]","[]","0","0","[""missing_3d"",""missing_image"",""no_manufacturer_facts""]","[""public_record_needs_source_review""]","[""https://humanoid.guide/product/atom-max/"",""https://www.robothub.app/en/robots/dobot-atom-max""]","[]","[]","false","0","[]","[""Collect exact manufacturer product-page, manual or datasheet evidence; leave unpublished values unknown."",""Check German purchasing channels, published business contacts, buyer restrictions, authorization evidence and service coverage."",""Find task-specific deployment evidence including configuration, operating conditions, supervision and measured outcomes.""]"
"P1","unreviewed","c14b7101-457d-48ef-b196-2e3eb352d933","dobot/atom-w","Dobot","atom-w","base","ATOM-W","humanoid","unknown","public","2026-10-01","https://www.dobot-robots.com/","0","0","0","","[]","[]","0","0","[""missing_3d"",""missing_core_specs"",""missing_image"",""no_facts"",""no_manufacturer_facts""]","[""public_record_needs_source_review""]","[]","[]","[]","false","0","[]","[""Collect exact manufacturer product-page, manual or datasheet evidence; leave unpublished values unknown."",""Check German purchasing channels, published business contacts, buyer restrictions, authorization evidence and service coverage."",""Find task-specific deployment evidence including configuration, operating conditions, supervision and measured outcomes.""]"
"P1","unreviewed","ec2331e8-6249-4afe-95b5-a397055a1881","dobot/cr10","Dobot","cr10","base","CR10","humanoid","prototype","public","2026-10-01","https://www.dobot-robots.com/","0","0","0","","[]","[]","0","0","[""missing_3d"",""missing_core_specs"",""missing_image"",""no_facts"",""no_manufacturer_facts""]","[""public_record_needs_source_review""]","[]","[]","[]","false","0","[]","[""Collect exact manufacturer product-page, manual or datasheet evidence; leave unpublished values unknown."",""Check German purchasing channels, published business contacts, buyer restrictions, authorization evidence and service coverage."",""Find task-specific deployment evidence including configuration, operating conditions, supervision and measured outcomes.""]"
"P1","unreviewed","ddcee656-bab7-41ea-81b2-e0d6c62b5bd1","dobot/lumo","Dobot","lumo","base","DOBOT LUMO","humanoid","unknown","public","2026-10-01","https://www.dobot-robots.com/","1","0","0","","[""height_m""]","[]","0","0","[""missing_3d"",""missing_core_specs"",""no_manufacturer_facts""]","[""public_record_needs_source_review""]","[""https://www.robothub.app/en/robots/dobot-lumo""]","[]","[]","false","0","[]","[""Collect exact manufacturer product-page, manual or datasheet evidence; leave unpublished values unknown."",""Check German purchasing channels, published business contacts, buyer restrictions, authorization evidence and service coverage."",""Find task-specific deployment evidence including configuration, operating conditions, supervision and measured outcomes.""]"
"P1","unreviewed","52ee2841-9694-4569-8ab6-65dc79855b34","donut/cinnamon-1","Donut Robotics Co., Ltd.","cinnamon-1","base","Cinnamon 1","humanoid","prototype","public","2026-10-01","https://www.donutrobotics.com/en","10","0","0","","[""availability_note"",""collaborative"",""compute_module"",""dof_hands"",""finger_count"",""height_m"",""max_speed_ms"",""payload_kg"",""runtime_h:unstated"",""weight_kg""]","[]","0","0","[""missing_3d"",""missing_core_specs"",""missing_image"",""no_manufacturer_facts""]","[""public_record_needs_source_review""]","[""https://humanoid.guide/product/cinnamon-1/""]","[]","[]","false","0","[]","[""Collect exact manufacturer product-page, manual or datasheet evidence; leave unpublished values unknown."",""Check German purchasing channels, published business contacts, buyer restrictions, authorization evidence and service coverage."",""Find task-specific deployment evidence including configuration, operating conditions, supervision and measured outcomes.""]"
"P1","unreviewed","083a762b-edab-46a8-b549-89737ad79a7e","droidup/walker-2","DroidUp","walker-2","base","Walker 2","humanoid","unknown","public","2026-10-01","https://www.droidup.com/","4","0","0","","[""dof_total"",""height_m"",""max_speed_ms"",""runtime_h:unstated""]","[]","0","0","[""missing_3d"",""missing_core_specs"",""no_manufacturer_facts""]","[""public_record_needs_source_review""]","[""https://www.robothub.app/en/robots/droidup-walker-2""]","[]","[]","false","0","[]","[""Collect exact manufacturer product-page, manual or datasheet evidence; leave unpublished values unknown."",""Check German purchasing channels, published business contacts, buyer restrictions, authorization evidence and service coverage."",""Find task-specific deployment evidence including configuration, operating conditions, supervision and measured outcomes.""]"
"P1","unreviewed","da712b78-5259-4fae-b6e4-15b0590a5b5b","droidup/walker-3","DroidUp","walker-3","base","Walker 3","humanoid","unknown","public","2026-10-01","https://www.droidup.com/","2","0","0","","[""dof_total"",""height_m""]","[]","0","0","[""missing_3d"",""missing_core_specs"",""missing_image"",""no_manufacturer_facts""]","[""public_record_needs_source_review""]","[""https://www.robothub.app/en/robots/droidup-walker-3""]","[]","[]","false","0","[]","[""Collect exact manufacturer product-page, manual or datasheet evidence; leave unpublished values unknown."",""Check German purchasing channels, published business contacts, buyer restrictions, authorization evidence and service coverage."",""Find task-specific deployment evidence including configuration, operating conditions, supervision and measured outcomes.""]"
"P1","unreviewed","662c33c3-b862-4f6e-a449-7c97967e41ff","duatic/alpha","Duatic","alpha","base","Duatic Alpha","humanoid","prototype","public","2026-10-01","https://www.duatic.com/","13","0","0","","[""availability_note"",""collaborative"",""compute_module"",""connectivity"",""dof_total"",""finger_count"",""height_m"",""ip_rating"",""max_speed_ms"",""payload_kg"",""runtime_h:unstated"",""structural_material"",""weight_kg""]","[]","0","0","[""missing_3d"",""no_manufacturer_facts""]","[""public_record_needs_source_review""]","[""https://humanoid.guide/product/duatic-alpha/""]","[]","[]","false","0","[]","[""Collect exact manufacturer product-page, manual or datasheet evidence; leave unpublished values unknown."",""Check German purchasing channels, published business contacts, buyer restrictions, authorization evidence and service coverage."",""Find task-specific deployment evidence including configuration, operating conditions, supervision and measured outcomes.""]"
"P1","unreviewed","08744553-58d3-4208-a9cc-a2fdf9c7a45c","efort/yobot-w1","Efort","yobot-w1","base","Yobot W1","mobile_manipulator","unknown","public","2026-10-01","https://efort.com.cn/","0","0","0","","[]","[]","0","0","[""missing_3d"",""missing_core_specs"",""missing_image"",""no_facts"",""no_manufacturer_facts""]","[""public_record_needs_source_review""]","[]","[]","[]","false","0","[]","[""Collect exact manufacturer product-page, manual or datasheet evidence; leave unpublished values unknown."",""Check German purchasing channels, published business contacts, buyer restrictions, authorization evidence and service coverage."",""Find task-specific deployment evidence including configuration, operating conditions, supervision and measured outcomes.""]"
"P1","unreviewed","355da63d-7b6b-4e3d-bf01-135d32187de2","eir/aiq","EIR","aiq","base","AIQ","humanoid","unknown","public","2026-10-01","https://www.eir.com.cn/","9","0","0","","[""cameras"",""compute_module"",""dof_total"",""has_lidar"",""height_m"",""max_speed_ms"",""payload_kg:rated_dual"",""runtime_h:unstated"",""weight_kg""]","[]","0","0","[""missing_3d"",""missing_core_specs"",""missing_image"",""no_manufacturer_facts""]","[""public_record_needs_source_review""]","[""https://www.robothub.app/en/robots/aiq""]","[]","[]","false","0","[]","[""Collect exact manufacturer product-page, manual or datasheet evidence; leave unpublished values unknown."",""Check German purchasing channels, published business contacts, buyer restrictions, authorization evidence and service coverage."",""Find task-specific deployment evidence including configuration, operating conditions, supervision and measured outcomes.""]"
"P1","unreviewed","c62edfec-d8d8-4946-9e17-75960fb730b9","eir/skywalker-2","EIR","skywalker-2","base","SkyWalker 2","humanoid","prototype","public","2026-10-01","https://www.eir.com.cn/","13","0","0","","[""availability_note"",""collaborative"",""connectivity"",""dof_hands"",""dof_total"",""finger_count"",""height_m"",""max_speed_ms"",""payload_kg"",""runtime_h:unstated"",""structural_material"",""walk_speed_ms"",""weight_kg""]","[]","0","0","[""missing_3d"",""missing_core_specs"",""missing_image"",""no_manufacturer_facts""]","[""public_record_needs_source_review""]","[""https://humanoid.guide/product/skywalker-2/""]","[]","[]","false","0","[]","[""Collect exact manufacturer product-page, manual or datasheet evidence; leave unpublished values unknown."",""Check German purchasing channels, published business contacts, buyer restrictions, authorization evidence and service coverage."",""Find task-specific deployment evidence including configuration, operating conditions, supervision and measured outcomes.""]"
"P1","unreviewed","c3d8894e-e5b6-483e-b19b-6ff87f9950c4","eir/skywalker-ii","EIR","skywalker-ii","base","SKYWALKER II","humanoid","unknown","public","2026-10-01","https://www.eir.com.cn/","9","0","0","","[""cameras"",""compute_module"",""dof_hands"",""dof_total"",""has_lidar"",""height_m"",""max_speed_ms"",""payload_kg:rated_dual"",""weight_kg""]","[]","0","0","[""missing_3d"",""missing_core_specs"",""missing_image"",""no_manufacturer_facts""]","[""public_record_needs_source_review""]","[""https://www.robothub.app/en/robots/skywalker-ii""]","[]","[]","false","0","[]","[""Collect exact manufacturer product-page, manual or datasheet evidence; leave unpublished values unknown."",""Check German purchasing channels, published business contacts, buyer restrictions, authorization evidence and service coverage."",""Find task-specific deployment evidence including configuration, operating conditions, supervision and measured outcomes.""]"
"P1","unreviewed","6de426a2-b350-46cf-a801-472914667501","elu/astrod-ad-01","INFIFORCE Technology Group","astrod-ad-01","base","AstroD. AD-01","humanoid","prototype","public","2026-10-01","https://infiforce.cn/news-detail?id=2018604246353821698","14","0","0","","[""availability_note"",""collaborative"",""compute_module"",""connectivity"",""dof_hands"",""finger_count"",""height_m"",""ip_rating"",""max_speed_ms"",""payload_kg"",""runtime_h:unstated"",""structural_material"",""walk_speed_ms"",""weight_kg""]","[]","0","0","[""missing_3d"",""missing_core_specs"",""missing_image"",""no_manufacturer_facts""]","[""public_record_needs_source_review""]","[""https://humanoid.guide/product/astrodroid-ad-01/""]","[]","[]","false","0","[]","[""Collect exact manufacturer product-page, manual or datasheet evidence; leave unpublished values unknown."",""Check German purchasing channels, published business contacts, buyer restrictions, authorization evidence and service coverage."",""Find task-specific deployment evidence including configuration, operating conditions, supervision and measured outcomes.""]"
"P1","unreviewed","b835bc81-a8ff-46da-a882-8dc9eedd9438","enchanted-tools/mirokai","Enchanted Tools","mirokai","base","Mirokaï","humanoid","prototype","public","2026-10-01","https://enchanted.tools/","13","0","0","","[""availability_note"",""collaborative"",""compute_module"",""connectivity"",""dof_hands"",""dof_total"",""finger_count"",""height_m"",""max_speed_ms"",""payload_kg"",""runtime_h:unstated"",""structural_material"",""weight_kg""]","[]","0","0","[""missing_3d"",""missing_core_specs"",""no_manufacturer_facts""]","[""public_record_needs_source_review""]","[""https://humanoid.guide/product/mirokai/""]","[]","[]","false","0","[]","[""Collect exact manufacturer product-page, manual or datasheet evidence; leave unpublished values unknown."",""Check German purchasing channels, published business contacts, buyer restrictions, authorization evidence and service coverage."",""Find task-specific deployment evidence including configuration, operating conditions, supervision and measured outcomes.""]"
"P1","unreviewed","6d78e64e-4f73-4bf7-a47a-bb0257dfe785","engineai/sa01","EngineAI Robotics","sa01","base","EngineAI SA01","humanoid","shipping","public","2026-10-01","https://www.engineai.com.cn/","8","0","0","","[""cameras"",""dof_total"",""has_lidar"",""height_m"",""max_speed_ms"",""payload_kg:rated_dual"",""runtime_h:unstated"",""weight_kg""]","[]","0","0","[""missing_3d"",""missing_core_specs"",""no_manufacturer_facts""]","[""public_record_needs_source_review""]","[""https://en.engineai.com.cn/product-purchase.html"",""https://www.robothub.app/en/robots/engineai-sa01""]","[]","[""GLOBAL""]","false","0","[{""region"":""GLOBAL"",""status"":""for_sale"",""sourceTier"":1,""sourceKind"":""manufacturer"",""sourceUrl"":""https://en.engineai.com.cn/product-purchase.html"",""observedAt"":""2026-09-13T21:08:22.835Z"",""recordedInStock"":null,""recordedLeadTimeText"":""The official purchase page names SA01 and provides Buy Now.""}]","[""Collect exact manufacturer product-page, manual or datasheet evidence; leave unpublished values unknown."",""Check German purchasing channels, published business contacts, buyer restrictions, authorization evidence and service coverage."",""Find task-specific deployment evidence including configuration, operating conditions, supervision and measured outcomes.""]"
"P1","unreviewed","5e43f07f-3877-47a9-9a25-9237adc1c6a7","engineai/sa02","EngineAI Robotics","sa02","base","SA02","humanoid","unknown","public","2026-10-01","https://www.engineai.com.cn/","3","0","0","","[""availability_note"",""height_m"",""weight_kg""]","[]","0","0","[""missing_3d"",""missing_core_specs"",""missing_image"",""no_manufacturer_facts""]","[""public_record_needs_source_review""]","[""https://www.humanoidhub.ai/robots/sa02-humanoid-robot""]","[]","[]","false","0","[]","[""Collect exact manufacturer product-page, manual or datasheet evidence; leave unpublished values unknown."",""Check German purchasing channels, published business contacts, buyer restrictions, authorization evidence and service coverage."",""Find task-specific deployment evidence including configuration, operating conditions, supervision and measured outcomes.""]"
"P1","unreviewed","9188074d-79bc-47d6-9172-018b659f4a91","engineai/sao2","EngineAI Robotics","sao2","base","SAO2","humanoid","shipping","public","2026-10-01","https://www.engineai.com.cn/","12","0","0","","[""availability_note"",""collaborative"",""compute_module"",""connectivity"",""dof_total"",""height_m"",""ip_rating"",""max_speed_ms"",""payload_kg"",""runtime_h:unstated"",""structural_material"",""weight_kg""]","[]","0","0","[""missing_3d"",""missing_image"",""no_manufacturer_facts""]","[""public_record_needs_source_review""]","[""https://humanoid.guide/product/sao2/""]","[]","[]","false","0","[]","[""Collect exact manufacturer product-page, manual or datasheet evidence; leave unpublished values unknown."",""Check German purchasing channels, published business contacts, buyer restrictions, authorization evidence and service coverage."",""Find task-specific deployment evidence including configuration, operating conditions, supervision and measured outcomes.""]"
"P1","unreviewed","b5a65773-bec5-4252-ac91-e28820f97f9b","engineai/t800-pro","EngineAI Robotics","t800-pro","base","EngineAI T800 Pro","humanoid","shipping","public","2026-10-01","https://www.engineai.com.cn/","10","0","0","","[""actuators"",""cameras"",""compute_module"",""dof_hands"",""dof_total"",""has_lidar"",""height_m"",""max_speed_ms"",""runtime_h:unstated"",""weight_kg""]","[]","0","0","[""missing_core_specs"",""no_manufacturer_facts""]","[""public_record_needs_source_review""]","[""https://github.com/engineai-robotics/engineai_robotics_native_sdk/blob/335c60e88772c26c7852d0abd6b3c7439037dd8f/assets/resource/robot/t800pro/urdf/serial_t800pro.urdf"",""https://www.engineai.com.cn/about-news-media/41.html"",""https://www.robothub.app/en/robots/engineai-t800-pro""]","[]","[""GLOBAL""]","false","0","[{""region"":""GLOBAL"",""status"":""enterprise_only"",""sourceTier"":1,""sourceKind"":""manufacturer"",""sourceUrl"":""https://www.engineai.com.cn/about-news-media/41.html"",""observedAt"":""2026-09-13T21:08:22.835Z"",""recordedInStock"":null,""recordedLeadTimeText"":""The manufacturer sales launch explicitly includes the Pro version; obtain a configuration-specific quotation.""}]","[""Collect exact manufacturer product-page, manual or datasheet evidence; leave unpublished values unknown."",""Check German purchasing channels, published business contacts, buyer restrictions, authorization evidence and service coverage."",""Find task-specific deployment evidence including configuration, operating conditions, supervision and measured outcomes.""]"
"P1","unreviewed","3f1fd5a1-72ce-403f-bd42-0ec6a74bf56a","engineered-arts/ameca","Engineered Arts","ameca","base","Ameca","humanoid","prototype","public","2026-10-01","https://www.engineeredarts.co.uk/","5","0","0","","[""cameras"",""dof_total"",""has_lidar"",""height_m"",""weight_kg""]","[]","0","0","[""missing_3d"",""missing_core_specs"",""no_manufacturer_facts""]","[""public_record_needs_source_review""]","[""https://www.robothub.app/en/robots/ameca""]","[]","[]","false","0","[]","[""Collect exact manufacturer product-page, manual or datasheet evidence; leave unpublished values unknown."",""Check German purchasing channels, published business contacts, buyer restrictions, authorization evidence and service coverage."",""Find task-specific deployment evidence including configuration, operating conditions, supervision and measured outcomes.""]"
"P1","unreviewed","511b9081-769f-4d74-9f29-8c6d81d377d3","engineered-arts/mesmer","Engineered Arts","mesmer","base","Mesmer","humanoid","unknown","public","2026-10-01","https://www.engineeredarts.co.uk/","3","0","0","","[""availability_note"",""height_m"",""weight_kg""]","[]","0","0","[""missing_3d"",""missing_core_specs"",""missing_image"",""no_manufacturer_facts""]","[""public_record_needs_source_review""]","[""https://www.humanoidhub.ai/robots/mesmer""]","[]","[]","false","0","[]","[""Collect exact manufacturer product-page, manual or datasheet evidence; leave unpublished values unknown."",""Check German purchasing channels, published business contacts, buyer restrictions, authorization evidence and service coverage."",""Find task-specific deployment evidence including configuration, operating conditions, supervision and measured outcomes.""]"
"P1","unreviewed","140644e9-a966-4b27-8e47-7ee87aec7449","era/star1","Robotera","star1","base","STAR1","humanoid","unknown","public","2026-10-01","https://www.robotera.com/","4","0","0","","[""availability_note"",""height_m"",""runtime_h:unstated"",""weight_kg""]","[]","0","0","[""missing_3d"",""missing_core_specs"",""missing_image"",""no_manufacturer_facts""]","[""public_record_needs_source_review""]","[""https://www.humanoidhub.ai/robots/star1""]","[]","[]","false","0","[]","[""Collect exact manufacturer product-page, manual or datasheet evidence; leave unpublished values unknown."",""Check German purchasing channels, published business contacts, buyer restrictions, authorization evidence and service coverage."",""Find task-specific deployment evidence including configuration, operating conditions, supervision and measured outcomes.""]"
"P1","unreviewed","fce622d9-c963-4fc6-8f7f-e4285da074e1","estun-coolbot/c05-l","Estun Codroid","c05-l","base","C05-L","humanoid","unknown","public","2026-10-01","https://www.codroid.ai/en/robot-c05l","6","0","0","","[""cameras"",""has_lidar"",""height_m"",""max_speed_ms"",""payload_kg:rated_dual"",""runtime_h:unstated""]","[]","0","0","[""missing_3d"",""missing_core_specs"",""no_manufacturer_facts""]","[""public_record_needs_source_review""]","[""https://www.robothub.app/en/robots/c05-l""]","[]","[]","false","0","[]","[""Collect exact manufacturer product-page, manual or datasheet evidence; leave unpublished values unknown."",""Check German purchasing channels, published business contacts, buyer restrictions, authorization evidence and service coverage."",""Find task-specific deployment evidence including configuration, operating conditions, supervision and measured outcomes.""]"
"P1","unreviewed","f6acfe48-efe3-4095-830c-eec1523bd424","estun-coolbot/c05-u","Estun Codroid","c05-u","base","C05-U","mobile_manipulator","concept","public","2026-10-01","https://www.codroid.ai/en/robot-c05l","5","0","0","","[""cameras"",""has_lidar"",""height_m"",""payload_kg:sustained"",""weight_kg""]","[]","0","0","[""missing_3d"",""missing_core_specs"",""no_manufacturer_facts""]","[""public_record_needs_source_review""]","[""https://www.robothub.app/en/robots/c05-u-""]","[]","[]","false","0","[]","[""Collect exact manufacturer product-page, manual or datasheet evidence; leave unpublished values unknown."",""Check German purchasing channels, published business contacts, buyer restrictions, authorization evidence and service coverage."",""Find task-specific deployment evidence including configuration, operating conditions, supervision and measured outcomes.""]"
"P1","unreviewed","a105ccba-f67a-498d-98f5-02be51188278","faraday-future-intelligent-electric/ff-futurist","Faraday Future Intelligent Electric Inc.","ff-futurist","base","FF Futurist","humanoid","prototype","public","2026-10-01","https://robotics.ff.com/us/","12","0","0","","[""availability_note"",""collaborative"",""compute_module"",""connectivity"",""dof_hands"",""dof_total"",""finger_count"",""height_m"",""max_speed_ms"",""payload_kg"",""runtime_h:unstated"",""weight_kg""]","[]","0","0","[""missing_3d"",""missing_core_specs"",""no_manufacturer_facts""]","[""public_record_needs_source_review""]","[""https://humanoid.guide/product/futurist/""]","[]","[]","false","0","[]","[""Collect exact manufacturer product-page, manual or datasheet evidence; leave unpublished values unknown."",""Check German purchasing channels, published business contacts, buyer restrictions, authorization evidence and service coverage."",""Find task-specific deployment evidence including configuration, operating conditions, supervision and measured outcomes.""]"
"P1","unreviewed","95787393-960e-413a-8c69-539b204f1cf7","faraday-future-intelligent-electric/ff-master","Faraday Future Intelligent Electric Inc.","ff-master","base","FF Master","humanoid","prototype","public","2026-10-01","https://robotics.ff.com/us/","13","0","0","","[""availability_note"",""collaborative"",""compute_module"",""connectivity"",""dof_hands"",""dof_total"",""finger_count"",""height_m"",""max_speed_ms"",""payload_kg"",""runtime_h:unstated"",""structural_material"",""weight_kg""]","[]","0","0","[""missing_3d"",""missing_core_specs"",""no_manufacturer_facts""]","[""public_record_needs_source_review""]","[""https://humanoid.guide/product/master/""]","[]","[]","false","0","[]","[""Collect exact manufacturer product-page, manual or datasheet evidence; leave unpublished values unknown."",""Check German purchasing channels, published business contacts, buyer restrictions, authorization evidence and service coverage."",""Find task-specific deployment evidence including configuration, operating conditions, supervision and measured outcomes.""]"
"P1","unreviewed","4bf09902-ced0-476e-b5a1-083521088f8f","figure/01","Figure AI","01","base","Figure 01","humanoid","unknown","public","2026-10-01","https://www.figure.ai/","13","0","0","","[""availability_note"",""cameras"",""compute_module"",""dof_total"",""has_lidar"",""height_m"",""max_speed_ms"",""payload_kg:rated_dual"",""runtime_h:unstated"",""weight_kg""]","[]","0","0","[""missing_3d"",""missing_core_specs"",""missing_image"",""no_manufacturer_facts""]","[""public_record_needs_source_review""]","[""https://www.humanoidhub.ai/robots/figure-01"",""https://www.robothub.app/en/robots/figure-01""]","[]","[]","false","0","[]","[""Collect exact manufacturer product-page, manual or datasheet evidence; leave unpublished values unknown."",""Check German purchasing channels, published business contacts, buyer restrictions, authorization evidence and service coverage."",""Find task-specific deployment evidence including configuration, operating conditions, supervision and measured outcomes.""]"
"P1","unreviewed","73afd6c1-0f0b-445c-b7f6-43e9e17439eb","figurobot/nian-nia-fr02","Figurobot","nian-nia-fr02","base","NIAN ・ NIA-FR02","humanoid","prototype","public","2026-10-01","http://www.figurobot.com/productDetails","5","0","0","","[""cameras"",""compute_module"",""has_lidar"",""height_m"",""weight_kg""]","[]","0","0","[""missing_3d"",""missing_core_specs"",""missing_image"",""no_manufacturer_facts""]","[""public_record_needs_source_review""]","[""https://www.robothub.app/en/robots/nian-nia-fr02""]","[]","[]","false","0","[]","[""Collect exact manufacturer product-page, manual or datasheet evidence; leave unpublished values unknown."",""Check German purchasing channels, published business contacts, buyer restrictions, authorization evidence and service coverage."",""Find task-specific deployment evidence including configuration, operating conditions, supervision and measured outcomes.""]"
"P1","unreviewed","04251f31-445a-463e-9380-87465c306722","flexiv/aico-2","Flexiv Robotics","aico-2","base","AICO 2","humanoid","shipping","public","2026-10-01","https://flexiv.com/","12","0","0","","[""availability_note"",""collaborative"",""connectivity"",""dof_total"",""finger_count"",""height_m"",""ip_rating"",""max_speed_ms"",""payload_kg"",""runtime_h:unstated"",""structural_material"",""weight_kg""]","[]","0","0","[""missing_3d"",""missing_image"",""no_manufacturer_facts""]","[""public_record_needs_source_review""]","[""https://humanoid.guide/product/aico-2/""]","[]","[]","false","0","[]","[""Collect exact manufacturer product-page, manual or datasheet evidence; leave unpublished values unknown."",""Check German purchasing channels, published business contacts, buyer restrictions, authorization evidence and service coverage."",""Find task-specific deployment evidence including configuration, operating conditions, supervision and measured outcomes.""]"
"P1","unreviewed","3229fd9d-b8b6-4bf4-918f-d92961960fb7","flexiv/mico","Flexiv Robotics","mico","base","MICO","humanoid","shipping","public","2026-10-01","https://flexiv.com/","10","0","0","","[""availability_note"",""collaborative"",""connectivity"",""dof_total"",""finger_count"",""height_m"",""ip_rating"",""max_speed_ms"",""payload_kg"",""weight_kg""]","[]","0","0","[""missing_3d"",""missing_core_specs"",""missing_image"",""no_manufacturer_facts""]","[""public_record_needs_source_review""]","[""https://humanoid.guide/product/mico/""]","[]","[]","false","0","[]","[""Collect exact manufacturer product-page, manual or datasheet evidence; leave unpublished values unknown."",""Check German purchasing channels, published business contacts, buyer restrictions, authorization evidence and service coverage."",""Find task-specific deployment evidence including configuration, operating conditions, supervision and measured outcomes.""]"
"P1","unreviewed","5ed14159-d182-45e0-9a6f-b1199504de28","fourier/gr-3","Fourier Intelligence","gr-3","base","GR-3","humanoid","shipping","public","2026-10-01","https://www.fftai.com/","16","0","0","","[""availability_note"",""collaborative"",""connectivity"",""dof_hands"",""dof_total"",""finger_count"",""height_m"",""max_speed_ms"",""payload_kg"",""runtime_h:unstated"",""structural_material"",""walk_speed_ms"",""weight_kg""]","[]","0","0","[""missing_3d"",""missing_core_specs"",""missing_image"",""no_manufacturer_facts"",""reported_availability""]","[""public_record_needs_source_review""]","[""https://humanoid.guide/product/fourier-gr-3/"",""https://robotpriceindex.com/robots/fourier-gr-3""]","[]","[]","false","1","[]","[""Collect exact manufacturer product-page, manual or datasheet evidence; leave unpublished values unknown."",""Check German purchasing channels, published business contacts, buyer restrictions, authorization evidence and service coverage."",""Find task-specific deployment evidence including configuration, operating conditions, supervision and measured outcomes.""]"
"P1","unreviewed","0bb9f44d-b22b-4c92-ae47-2039f85abff6","fourier/gr-3-care-bot","Fourier Intelligence","gr-3-care-bot","base","Fourier GR-3 Care-Bot","humanoid","unknown","public","2026-10-01","https://www.fftai.com/","5","0","0","","[""dof_total"",""height_m"",""payload_kg:rated_dual"",""runtime_h:unstated"",""weight_kg""]","[]","0","0","[""missing_3d"",""missing_core_specs"",""missing_image"",""no_manufacturer_facts""]","[""public_record_needs_source_review""]","[""https://www.robothub.app/en/robots/fourier-gr-3-care-bot""]","[]","[]","false","0","[]","[""Collect exact manufacturer product-page, manual or datasheet evidence; leave unpublished values unknown."",""Check German purchasing channels, published business contacts, buyer restrictions, authorization evidence and service coverage."",""Find task-specific deployment evidence including configuration, operating conditions, supervision and measured outcomes.""]"
"P1","unreviewed","9bd920f5-6f5e-4731-9022-efa5d89e5a39","fourier/gr-3c","Fourier Intelligence","gr-3c","base","Fourier GR-3C","humanoid","prototype","public","2026-10-01","https://www.fftai.com/","5","0","0","","[""dof_total"",""height_m"",""payload_kg:rated_dual"",""runtime_h:unstated"",""weight_kg""]","[]","0","0","[""missing_3d"",""missing_core_specs"",""missing_image"",""no_manufacturer_facts""]","[""public_record_needs_source_review""]","[""https://www.robothub.app/en/robots/fourier-gr-3c""]","[]","[]","false","0","[]","[""Collect exact manufacturer product-page, manual or datasheet evidence; leave unpublished values unknown."",""Check German purchasing channels, published business contacts, buyer restrictions, authorization evidence and service coverage."",""Find task-specific deployment evidence including configuration, operating conditions, supervision and measured outcomes.""]"
"P1","unreviewed","a26804f1-69d7-40e8-94a2-85d438a00177","fourier/n1","Fourier Intelligence","n1","base","Fourier N1","humanoid","unknown","public","2026-10-01","https://www.fftai.com/","4","0","0","","[""actuators"",""dof_total"",""height_m"",""weight_kg""]","[]","0","0","[""missing_core_specs"",""no_manufacturer_facts"",""reported_availability""]","[""public_record_needs_source_review""]","[""https://github.com/google-deepmind/mujoco_menagerie/blob/8161bba264d7fa7c99ca301e91e7fb44737676ad/fourier_n1/n1.xml"",""https://robotpriceindex.com/robots/fourier-n1""]","[]","[]","false","1","[]","[""Collect exact manufacturer product-page, manual or datasheet evidence; leave unpublished values unknown."",""Check German purchasing channels, published business contacts, buyer restrictions, authorization evidence and service coverage."",""Find task-specific deployment evidence including configuration, operating conditions, supervision and measured outcomes.""]"
"P1","unreviewed","3b2c1c1b-3c9b-40df-a753-8463eae08bda","futuring/2","Futuring Robot","2","base","Futuring 2","humanoid","prototype","public","2026-10-01","https://futuringrobot.com/","11","0","0","","[""availability_note"",""collaborative"",""connectivity"",""dof_hands"",""dof_total"",""finger_count"",""height_m"",""max_speed_ms"",""payload_kg"",""runtime_h:unstated"",""weight_kg""]","[]","0","0","[""missing_3d"",""missing_core_specs"",""missing_image"",""no_manufacturer_facts""]","[""public_record_needs_source_review""]","[""https://humanoid.guide/product/futuring-2/""]","[]","[]","false","0","[]","[""Collect exact manufacturer product-page, manual or datasheet evidence; leave unpublished values unknown."",""Check German purchasing channels, published business contacts, buyer restrictions, authorization evidence and service coverage."",""Find task-specific deployment evidence including configuration, operating conditions, supervision and measured outcomes.""]"
"P1","unreviewed","eca17d58-c714-4b03-8af9-e95242ce265a","fuwei/fuzhi-1","FUWEI Intelligence","fuzhi-1","base","Fuzhi 1","mobile_manipulator","unknown","public","2026-10-01","http://en.gzfwzn.com/ProductsSt_sjyd.html","9","0","0","","[""cameras"",""compute_module"",""dof_hands"",""dof_total"",""has_lidar"",""height_m"",""max_speed_ms"",""payload_kg:sustained"",""weight_kg""]","[]","0","0","[""missing_3d"",""missing_core_specs"",""missing_image"",""no_manufacturer_facts""]","[""public_record_needs_source_review""]","[""https://www.robothub.app/en/robots/fuzhi-1""]","[]","[]","false","0","[]","[""Collect exact manufacturer product-page, manual or datasheet evidence; leave unpublished values unknown."",""Check German purchasing channels, published business contacts, buyer restrictions, authorization evidence and service coverage."",""Find task-specific deployment evidence including configuration, operating conditions, supervision and measured outcomes.""]"
"P1","unreviewed","cd51546b-42b1-495f-9270-0c1183c98573","fuwei/fuzhi-2","FUWEI Intelligence","fuzhi-2","base","Fuzhi 2","mobile_manipulator","unknown","public","2026-10-01","http://en.gzfwzn.com/ProductsSt_sjyd.html","9","0","0","","[""cameras"",""compute_module"",""dof_hands"",""dof_total"",""has_lidar"",""height_m"",""max_speed_ms"",""payload_kg:sustained"",""weight_kg""]","[]","0","0","[""missing_3d"",""missing_core_specs"",""missing_image"",""no_manufacturer_facts""]","[""public_record_needs_source_review""]","[""https://www.robothub.app/en/robots/fuzhi-2""]","[]","[]","false","0","[]","[""Collect exact manufacturer product-page, manual or datasheet evidence; leave unpublished values unknown."",""Check German purchasing channels, published business contacts, buyer restrictions, authorization evidence and service coverage."",""Find task-specific deployment evidence including configuration, operating conditions, supervision and measured outcomes.""]"
"P1","unreviewed","4a81a593-ae57-4e4d-9748-28332ec7f7a8","galaxea-dynamics/nexo","Galaxea Dynamics","nexo","base","NEXO","humanoid","prototype","public","2026-10-01","https://galaxea-dynamics.com/","11","0","0","","[""availability_note"",""collaborative"",""compute_module"",""dof_hands"",""dof_total"",""finger_count"",""height_m"",""max_speed_ms"",""payload_kg"",""runtime_h:unstated"",""weight_kg""]","[]","0","0","[""missing_3d"",""missing_core_specs"",""missing_image"",""no_manufacturer_facts""]","[""public_record_needs_source_review""]","[""https://humanoid.guide/product/nexo/""]","[]","[]","false","0","[]","[""Collect exact manufacturer product-page, manual or datasheet evidence; leave unpublished values unknown."",""Check German purchasing channels, published business contacts, buyer restrictions, authorization evidence and service coverage."",""Find task-specific deployment evidence including configuration, operating conditions, supervision and measured outcomes.""]"
"P1","unreviewed","0f9cf2c8-4908-4403-8a54-98f0b8da066a","galaxea-dynamics/r1-pro","Galaxea Dynamics","r1-pro","base","R1 PRO","humanoid","shipping","public","2026-10-01","https://galaxea-dynamics.com/","14","0","0","","[""availability_note"",""collaborative"",""compute_module"",""connectivity"",""dof_hands"",""dof_total"",""height_m"",""ip_rating"",""max_speed_ms"",""payload_kg"",""runtime_h:unstated"",""structural_material"",""walk_speed_ms"",""weight_kg""]","[]","0","0","[""missing_3d"",""no_manufacturer_facts""]","[""public_record_needs_source_review""]","[""https://humanoid.guide/product/r1-pro/""]","[]","[]","false","0","[]","[""Collect exact manufacturer product-page, manual or datasheet evidence; leave unpublished values unknown."",""Check German purchasing channels, published business contacts, buyer restrictions, authorization evidence and service coverage."",""Find task-specific deployment evidence including configuration, operating conditions, supervision and measured outcomes.""]"
"P1","unreviewed","d98a28e2-c92f-4f55-b938-89c79e461078","galaxea/kengo","Galaxea Dynamics","kengo","base","Galaxea Kengo","humanoid","unknown","public","2026-10-01","https://galaxea-dynamics.com/","3","0","0","","[""cameras"",""has_lidar"",""height_m""]","[]","0","0","[""missing_3d"",""missing_core_specs"",""no_manufacturer_facts""]","[""public_record_needs_source_review""]","[""https://www.robothub.app/en/robots/galaxea-kengo""]","[]","[]","false","0","[]","[""Collect exact manufacturer product-page, manual or datasheet evidence; leave unpublished values unknown."",""Check German purchasing channels, published business contacts, buyer restrictions, authorization evidence and service coverage."",""Find task-specific deployment evidence including configuration, operating conditions, supervision and measured outcomes.""]"
"P1","unreviewed","e62208a9-2770-4ad3-9812-ee82ec5dc15c","galaxea/r1","Galaxea Dynamics","r1","base","Galaxea R1","mobile_manipulator","prototype","public","2026-10-01","https://galaxea-dynamics.com/","8","0","0","","[""cameras"",""compute_module"",""dof_hands"",""dof_total"",""has_lidar"",""height_m"",""max_speed_ms"",""payload_kg:sustained""]","[]","0","0","[""missing_3d"",""missing_core_specs"",""missing_image"",""no_manufacturer_facts""]","[""public_record_needs_source_review""]","[""https://www.robothub.app/en/robots/galaxea-r1""]","[]","[]","false","0","[]","[""Collect exact manufacturer product-page, manual or datasheet evidence; leave unpublished values unknown."",""Check German purchasing channels, published business contacts, buyer restrictions, authorization evidence and service coverage."",""Find task-specific deployment evidence including configuration, operating conditions, supervision and measured outcomes.""]"
"P1","unreviewed","f33ec4b9-de3d-4773-9191-d4be1b628a2d","galaxea/r1-lite","Galaxea Dynamics","r1-lite","base","Galaxea R1 Lite","humanoid","prototype","public","2026-10-01","https://galaxea-dynamics.com/","8","0","0","","[""cameras"",""compute_module"",""dof_hands"",""dof_total"",""has_lidar"",""height_m"",""max_speed_ms"",""payload_kg:sustained""]","[]","0","0","[""missing_3d"",""missing_core_specs"",""no_manufacturer_facts""]","[""public_record_needs_source_review""]","[""https://www.robothub.app/en/robots/galaxea-r1-lite""]","[]","[]","false","0","[]","[""Collect exact manufacturer product-page, manual or datasheet evidence; leave unpublished values unknown."",""Check German purchasing channels, published business contacts, buyer restrictions, authorization evidence and service coverage."",""Find task-specific deployment evidence including configuration, operating conditions, supervision and measured outcomes.""]"
"P1","unreviewed","33c5eafc-20cd-472c-b9f8-addebc93f76e","galaxea/r1-pro","Galaxea Dynamics","r1-pro","base","Galaxea R1 Pro","mobile_manipulator","prototype","public","2026-10-01","https://galaxea-dynamics.com/","8","0","0","","[""cameras"",""compute_module"",""dof_hands"",""dof_total"",""has_lidar"",""height_m"",""max_speed_ms"",""payload_kg:sustained""]","[]","0","0","[""missing_3d"",""missing_core_specs"",""no_manufacturer_facts""]","[""public_record_needs_source_review""]","[""https://www.robothub.app/en/robots/galaxea-r1-pro""]","[]","[]","false","0","[]","[""Collect exact manufacturer product-page, manual or datasheet evidence; leave unpublished values unknown."",""Check German purchasing channels, published business contacts, buyer restrictions, authorization evidence and service coverage."",""Find task-specific deployment evidence including configuration, operating conditions, supervision and measured outcomes.""]"
"P1","unreviewed","c369389f-4f1d-4ecc-abf4-66d7d6ab8941","galbot/galbot","Galbot","galbot","base","Galbot","humanoid","prototype","public","2026-10-01","https://www.galbot.com/","8","0","0","","[""availability_note"",""dof_total"",""height_m"",""max_speed_ms"",""payload_kg"",""runtime_h:unstated"",""walk_speed_ms"",""weight_kg""]","[]","0","0","[""missing_3d"",""missing_core_specs"",""missing_image"",""no_manufacturer_facts""]","[""public_record_needs_source_review""]","[""https://humanoid.guide/product/galbot/""]","[]","[]","false","0","[]","[""Collect exact manufacturer product-page, manual or datasheet evidence; leave unpublished values unknown."",""Check German purchasing channels, published business contacts, buyer restrictions, authorization evidence and service coverage."",""Find task-specific deployment evidence including configuration, operating conditions, supervision and measured outcomes.""]"
"P1","unreviewed","60a771d9-619c-4d7b-9a0a-f0c24046cbb8","gaode-momentum/robot","Amap Robotics","robot","base","Gaode Momentum Robot","humanoid","prototype","public","2026-10-01","https://abot.amap.com/","1","0","0","","[""compute_module""]","[]","0","0","[""missing_3d"",""missing_core_specs"",""missing_image"",""no_manufacturer_facts""]","[""public_record_needs_source_review""]","[""https://www.robothub.app/en/robots/gaode-momentum-robot""]","[]","[]","false","0","[]","[""Collect exact manufacturer product-page, manual or datasheet evidence; leave unpublished values unknown."",""Check German purchasing channels, published business contacts, buyer restrictions, authorization evidence and service coverage."",""Find task-specific deployment evidence including configuration, operating conditions, supervision and measured outcomes.""]"
"P1","unreviewed","7ab85175-0464-4ea4-bc32-54e6140ba783","gelanruo/worker-c1","Gelanruo Robotics","worker-c1","base","Worker C1","humanoid","unknown","public","2026-10-01","https://www.glroad.com/HumanoidRobots/index.aspx","4","0","0","","[""cameras"",""has_lidar"",""height_m"",""weight_kg""]","[]","0","0","[""missing_3d"",""missing_core_specs"",""missing_image"",""no_manufacturer_facts""]","[""public_record_needs_source_review""]","[""https://www.robothub.app/en/robots/gelanruo-worker-c1""]","[]","[]","false","0","[]","[""Collect exact manufacturer product-page, manual or datasheet evidence; leave unpublished values unknown."",""Check German purchasing channels, published business contacts, buyer restrictions, authorization evidence and service coverage."",""Find task-specific deployment evidence including configuration, operating conditions, supervision and measured outcomes.""]"
"P1","unreviewed","eaba8cde-2bb5-4781-aea7-ef8bd6615f1b","generative-bionics/gene-01","Generative Bionics","gene-01","base","GENE.01","humanoid","prototype","public","2026-10-01","https://gbionics.ai/","14","0","0","","[""availability_note"",""collaborative"",""compute_module"",""connectivity"",""dof_hands"",""dof_total"",""finger_count"",""height_m"",""max_speed_ms"",""payload_kg"",""runtime_h:unstated"",""structural_material"",""walk_speed_ms"",""weight_kg""]","[]","0","0","[""missing_3d"",""missing_core_specs"",""missing_image"",""no_manufacturer_facts""]","[""public_record_needs_source_review""]","[""https://humanoid.guide/product/gene-01/""]","[]","[]","false","0","[]","[""Collect exact manufacturer product-page, manual or datasheet evidence; leave unpublished values unknown."",""Check German purchasing channels, published business contacts, buyer restrictions, authorization evidence and service coverage."",""Find task-specific deployment evidence including configuration, operating conditions, supervision and measured outcomes.""]"
"P1","unreviewed","82a969a2-6a1e-491d-9cd5-d13b1d5f2445","genesis/eno","Genesis AI","eno","base","Eno","humanoid","prototype","public","2026-10-01","https://www.genesis.ai/","12","0","0","","[""availability_note"",""collaborative"",""connectivity"",""dof_hands"",""dof_total"",""finger_count"",""height_m"",""max_speed_ms"",""payload_kg"",""runtime_h:unstated"",""structural_material"",""weight_kg""]","[]","0","0","[""missing_3d"",""missing_core_specs"",""missing_image"",""no_manufacturer_facts""]","[""public_record_needs_source_review""]","[""https://humanoid.guide/product/eno/""]","[]","[]","false","0","[]","[""Collect exact manufacturer product-page, manual or datasheet evidence; leave unpublished values unknown."",""Check German purchasing channels, published business contacts, buyer restrictions, authorization evidence and service coverage."",""Find task-specific deployment evidence including configuration, operating conditions, supervision and measured outcomes.""]"
"P1","unreviewed","dc5ae54e-ccbe-4ed4-9b9e-4ba0e16bd9eb","gento/luna","Gento Robotics","luna","base","Gento Luna","mobile_manipulator","unknown","public","2026-10-01","https://www.gentorobotics.ai/products/gento-luna/","0","0","0","","[]","[]","0","0","[""missing_3d"",""missing_core_specs"",""no_facts"",""no_manufacturer_facts""]","[""public_record_needs_source_review""]","[]","[]","[]","false","0","[]","[""Collect exact manufacturer product-page, manual or datasheet evidence; leave unpublished values unknown."",""Check German purchasing channels, published business contacts, buyer restrictions, authorization evidence and service coverage."",""Find task-specific deployment evidence including configuration, operating conditions, supervision and measured outcomes.""]"
"P1","unreviewed","339eb9a1-02cd-45d3-9349-2f821a814a11","gento/skye","Gento Robotics","skye","base","Gento Skye","mobile_manipulator","unknown","public","2026-10-01","https://www.gentorobotics.ai/products/gento-luna/","0","0","0","","[]","[]","0","0","[""missing_3d"",""missing_core_specs"",""missing_image"",""no_facts"",""no_manufacturer_facts""]","[""public_record_needs_source_review""]","[]","[]","[]","false","0","[]","[""Collect exact manufacturer product-page, manual or datasheet evidence; leave unpublished values unknown."",""Check German purchasing channels, published business contacts, buyer restrictions, authorization evidence and service coverage."",""Find task-specific deployment evidence including configuration, operating conditions, supervision and measured outcomes.""]"
"P1","unreviewed","af394c44-1311-4ed7-8b02-5f256fc1aaa0","ghost/vision-60","Ghost Robotics","vision-60","base","Vision 60","quadruped","unknown","public","2026-10-01","https://www.ghostrobotics.io/vision-60","3","0","0","","[""height_m"",""payload_kg:sustained"",""weight_kg""]","[]","0","0","[""missing_3d"",""missing_core_specs"",""no_manufacturer_facts"",""reported_availability""]","[""public_record_needs_source_review""]","[""https://robotpriceindex.com/robots/ghost-robotics-vision-60""]","[]","[]","false","0","[]","[""Collect exact manufacturer product-page, manual or datasheet evidence; leave unpublished values unknown."",""Check German purchasing channels, published business contacts, buyer restrictions, authorization evidence and service coverage."",""Find task-specific deployment evidence including configuration, operating conditions, supervision and measured outcomes.""]"
"P1","unreviewed","5533cc4c-4dcd-4e5d-ba11-fcb4be095373","guanggu-dongzhi/lumen-h1","Guanggu Dongzhi","lumen-h1","base","Lumen H1","humanoid","unknown","public","2026-10-01","","1","0","0","","[""height_m""]","[]","0","0","[""missing_3d"",""missing_core_specs"",""missing_image"",""missing_maker_website"",""no_manufacturer_facts""]","[""public_record_needs_source_review""]","[""https://www.robothub.app/en/robots/lumen-h1""]","[]","[]","false","0","[]","[""Find and validate the manufacturer website and exact product page."",""Collect exact manufacturer product-page, manual or datasheet evidence; leave unpublished values unknown."",""Check German purchasing channels, published business contacts, buyer restrictions, authorization evidence and service coverage."",""Find task-specific deployment evidence including configuration, operating conditions, supervision and measured outcomes.""]"
"P1","unreviewed","511f80bd-9dd8-40da-af0c-537ba72bb185","haier/hiva","Haier","hiva","base","HIVA","humanoid","unknown","public","2026-10-01","https://www.haier.com/about_haier/xinwen/20260224_287248.shtml","2","0","0","","[""dof_total"",""height_m""]","[]","0","0","[""missing_3d"",""missing_core_specs"",""missing_image"",""no_manufacturer_facts""]","[""public_record_needs_source_review""]","[""https://www.robothub.app/en/robots/haier-hiva""]","[]","[]","false","0","[]","[""Collect exact manufacturer product-page, manual or datasheet evidence; leave unpublished values unknown."",""Check German purchasing channels, published business contacts, buyer restrictions, authorization evidence and service coverage."",""Find task-specific deployment evidence including configuration, operating conditions, supervision and measured outcomes.""]"
"P1","unreviewed","1e361c61-2b5a-4fa0-af61-4becbb2819d3","haier/hiva-haiwa","Haier","hiva-haiwa","base","HIVA Haiwa","humanoid","prototype","public","2026-10-01","https://www.haier.com/about_haier/xinwen/20260224_287248.shtml","15","0","0","","[""availability_note"",""collaborative"",""compute_module"",""connectivity"",""dof_hands"",""dof_total"",""finger_count"",""height_m"",""ip_rating"",""max_speed_ms"",""payload_kg"",""runtime_h:unstated"",""structural_material"",""walk_speed_ms"",""weight_kg""]","[]","0","0","[""missing_3d"",""missing_image"",""no_manufacturer_facts""]","[""public_record_needs_source_review""]","[""https://humanoid.guide/product/hiva-haiwa/""]","[]","[]","false","0","[]","[""Collect exact manufacturer product-page, manual or datasheet evidence; leave unpublished values unknown."",""Check German purchasing channels, published business contacts, buyer restrictions, authorization evidence and service coverage."",""Find task-specific deployment evidence including configuration, operating conditions, supervision and measured outcomes.""]"
"P1","unreviewed","a43c93a5-6ee6-490c-befd-3dc6365fe0cc","hangcha/x1","Hangcha Group","x1","base","X1","mobile_manipulator","unknown","public","2026-10-01","https://www.hangcha-middleeast.com/news/news_read/242","6","0","0","","[""cameras"",""compute_module"",""dof_hands"",""dof_total"",""has_lidar"",""height_m""]","[]","0","0","[""missing_3d"",""missing_core_specs"",""missing_image"",""no_manufacturer_facts""]","[""public_record_needs_source_review""]","[""https://www.robothub.app/en/robots/x1""]","[]","[]","false","0","[]","[""Collect exact manufacturer product-page, manual or datasheet evidence; leave unpublished values unknown."",""Check German purchasing channels, published business contacts, buyer restrictions, authorization evidence and service coverage."",""Find task-specific deployment evidence including configuration, operating conditions, supervision and measured outcomes.""]"
"P1","unreviewed","96219870-3929-4642-8a2c-4c1112aa2023","hanson/sophia-2020","Hanson Robotics","sophia-2020","base","Sophia 2020","humanoid","unknown","public","2026-10-01","https://www.hansonrobotics.com/","2","0","0","","[""availability_note"",""height_m""]","[]","0","0","[""missing_3d"",""missing_core_specs"",""missing_image"",""no_manufacturer_facts""]","[""public_record_needs_source_review""]","[""https://www.humanoidhub.ai/robots/sophia""]","[]","[]","false","0","[]","[""Collect exact manufacturer product-page, manual or datasheet evidence; leave unpublished values unknown."",""Check German purchasing channels, published business contacts, buyer restrictions, authorization evidence and service coverage."",""Find task-specific deployment evidence including configuration, operating conditions, supervision and measured outcomes.""]"
"P1","unreviewed","5a73e5b0-47ea-4cf4-8e5a-36f5eca53480","haoling/sf10","Haoling Robotics","sf10","base","SF10","mobile_manipulator","prototype","public","2026-10-01","","0","0","0","","[]","[]","0","0","[""missing_3d"",""missing_core_specs"",""missing_image"",""missing_maker_website"",""no_facts"",""no_manufacturer_facts""]","[""public_record_needs_source_review""]","[]","[]","[]","false","0","[]","[""Find and validate the manufacturer website and exact product page."",""Collect exact manufacturer product-page, manual or datasheet evidence; leave unpublished values unknown."",""Check German purchasing channels, published business contacts, buyer restrictions, authorization evidence and service coverage."",""Find task-specific deployment evidence including configuration, operating conditions, supervision and measured outcomes.""]"
"P1","unreviewed","58a207d5-853c-4e4d-b8f9-6198a6b88c8e","haribit/huitong-6","Haribit","huitong-6","base","Huitong 6","humanoid","prototype","public","2026-10-01","https://www.haribit.com/","4","0","0","","[""dof_total"",""height_m"",""max_speed_ms"",""weight_kg""]","[]","0","0","[""missing_3d"",""missing_core_specs"",""missing_image"",""no_manufacturer_facts""]","[""public_record_needs_source_review""]","[""https://www.robothub.app/en/robots/huitong-6""]","[]","[]","false","0","[]","[""Collect exact manufacturer product-page, manual or datasheet evidence; leave unpublished values unknown."",""Check German purchasing channels, published business contacts, buyer restrictions, authorization evidence and service coverage."",""Find task-specific deployment evidence including configuration, operating conditions, supervision and measured outcomes.""]"
"P1","unreviewed","229b1a4a-8d71-4cb6-a363-50d269d660d7","haribit/sr01","Haribit","sr01","base","SR01","humanoid","unknown","public","2026-10-01","https://www.haribit.com/","0","0","0","","[]","[]","0","0","[""missing_3d"",""missing_core_specs"",""missing_image"",""no_facts"",""no_manufacturer_facts""]","[""public_record_needs_source_review""]","[]","[]","[]","false","0","[]","[""Collect exact manufacturer product-page, manual or datasheet evidence; leave unpublished values unknown."",""Check German purchasing channels, published business contacts, buyer restrictions, authorization evidence and service coverage."",""Find task-specific deployment evidence including configuration, operating conditions, supervision and measured outcomes.""]"
"P1","unreviewed","6b12abe2-1029-484a-8ba2-b762c0b5cdd5","hcfa/mini-loong","HCFA","mini-loong","base","mini loong","humanoid","unknown","public","2026-10-01","https://www.hcfa.cn/","11","0","6","2026-09-13T19:48:27.337Z","[""compute_tops"",""dof_total"",""height_m"",""max_speed_ms"",""payload_kg:peak"",""payload_kg:rated_dual"",""weight_kg""]","[""compute_tops"",""dof_total"",""height_m"",""max_speed_ms"",""payload_kg:peak"",""weight_kg""]","0","0","[""missing_3d"",""missing_core_specs""]","[""public_record_needs_source_review""]","[""https://www.hcfa.cn/product/detail/id/154.html"",""https://www.hcfa.cn/upload/img/2025-12/693fcb8b59ced.jpg"",""https://www.robothub.app/en/robots/mini-loong""]","[""https://www.hcfa.cn/product/detail/id/154.html""]","[]","false","0","[]","[""Recheck recorded manufacturer facts for this exact configuration, units, qualifiers and operating conditions."",""Check German purchasing channels, published business contacts, buyer restrictions, authorization evidence and service coverage."",""Find task-specific deployment evidence including configuration, operating conditions, supervision and measured outcomes.""]"
"P1","unreviewed","0b7cab58-e192-4b12-8dc1-8386afdbe1e5","hcfa/yolo-01","HCFA","yolo-01","base","YOLO-01","humanoid","prototype","public","2026-10-01","https://www.hcfa.cn/","11","0","6","2026-09-13T19:48:24.357Z","[""compute_tops"",""dof_total"",""height_m"",""max_speed_ms"",""payload_kg:peak"",""payload_kg:rated_dual"",""weight_kg""]","[""compute_tops"",""dof_total"",""height_m"",""max_speed_ms"",""payload_kg:peak"",""weight_kg""]","0","0","[""missing_3d"",""missing_core_specs""]","[""public_record_needs_source_review""]","[""https://www.hcfa.cn/product/detail/id/152.html"",""https://www.hcfa.cn/upload/img/2025-12/693fcb4e5cff6.jpg"",""https://www.robothub.app/en/robots/hcfa-humanoid-servo""]","[""https://www.hcfa.cn/product/detail/id/152.html""]","[]","false","0","[]","[""Recheck recorded manufacturer facts for this exact configuration, units, qualifiers and operating conditions."",""Check German purchasing channels, published business contacts, buyer restrictions, authorization evidence and service coverage."",""Find task-specific deployment evidence including configuration, operating conditions, supervision and measured outcomes.""]"
"P1","unreviewed","0b7cd97f-723d-45f0-aa5c-3d0a89c6907c","hcfa/yolo-02","HCFA","yolo-02","base","YOLO-02","humanoid","unknown","public","2026-10-01","https://www.hcfa.cn/","11","0","6","2026-09-13T19:48:25.347Z","[""compute_tops"",""dof_total"",""height_m"",""max_speed_ms"",""payload_kg:peak"",""payload_kg:rated_dual"",""weight_kg""]","[""compute_tops"",""dof_total"",""height_m"",""max_speed_ms"",""payload_kg:peak"",""weight_kg""]","0","0","[""missing_3d"",""missing_core_specs""]","[""public_record_needs_source_review""]","[""https://www.hcfa.cn/product/detail/id/153.html"",""https://www.hcfa.cn/upload/img/2025-12/693fcb6beb7c4.jpg"",""https://www.robothub.app/en/robots/yolo-02""]","[""https://www.hcfa.cn/product/detail/id/153.html""]","[]","false","0","[]","[""Recheck recorded manufacturer facts for this exact configuration, units, qualifiers and operating conditions."",""Check German purchasing channels, published business contacts, buyer restrictions, authorization evidence and service coverage."",""Find task-specific deployment evidence including configuration, operating conditions, supervision and measured outcomes.""]"
"P1","unreviewed","0fe237c6-0145-4241-8bdf-6e7d70215077","hexagon/aeon","Hexagon","aeon","base","AEON","humanoid","prototype","public","2026-10-01","https://robotics.hexagon.com/product/","12","0","0","","[""availability_note"",""collaborative"",""compute_module"",""connectivity"",""dof_total"",""finger_count"",""height_m"",""max_speed_ms"",""payload_kg"",""runtime_h:unstated"",""structural_material"",""weight_kg""]","[]","0","0","[""missing_3d"",""missing_core_specs"",""no_manufacturer_facts""]","[""public_record_needs_source_review""]","[""https://humanoid.guide/product/aeon/""]","[]","[]","false","0","[]","[""Collect exact manufacturer product-page, manual or datasheet evidence; leave unpublished values unknown."",""Check German purchasing channels, published business contacts, buyer restrictions, authorization evidence and service coverage."",""Find task-specific deployment evidence including configuration, operating conditions, supervision and measured outcomes.""]"
"P1","unreviewed","ee997fe5-1ed0-4cf1-93cd-554d92e1ae4a","holiday/friday","Holiday Robotics","friday","base","Friday","humanoid","prototype","public","2026-10-01","https://holiday-robotics.com/","15","0","0","","[""actuators"",""availability_note"",""collaborative"",""compute_module"",""connectivity"",""dof_hands"",""dof_total"",""finger_count"",""height_m"",""max_speed_ms"",""payload_kg"",""runtime_h:unstated"",""structural_material"",""walk_speed_ms"",""weight_kg""]","[]","0","0","[""missing_core_specs"",""no_manufacturer_facts""]","[""public_record_needs_source_review""]","[""https://github.com/Holiday-Robot/friday_ros2/blob/e2990335d3dd6fe137a8a80308f2f6c88776a939/friday_description/urdf/FM26B.urdf"",""https://humanoid.guide/product/friday/""]","[]","[]","false","0","[]","[""Collect exact manufacturer product-page, manual or datasheet evidence; leave unpublished values unknown."",""Check German purchasing channels, published business contacts, buyer restrictions, authorization evidence and service coverage."",""Find task-specific deployment evidence including configuration, operating conditions, supervision and measured outcomes.""]"
"P1","unreviewed","ad7f237c-b78a-4e41-806b-51bef6e24b6a","honor-device/honor","HONOR","honor","base","HONOR","humanoid","prototype","public","2026-10-01","https://www.honor.com/ie/events/honor-robot/","12","0","0","","[""availability_note"",""collaborative"",""connectivity"",""dof_hands"",""dof_total"",""finger_count"",""height_m"",""max_speed_ms"",""payload_kg"",""runtime_h:unstated"",""structural_material"",""weight_kg""]","[]","0","0","[""missing_3d"",""missing_core_specs"",""missing_image"",""no_manufacturer_facts""]","[""public_record_needs_source_review""]","[""https://humanoid.guide/product/honor/""]","[]","[]","false","0","[]","[""Collect exact manufacturer product-page, manual or datasheet evidence; leave unpublished values unknown."",""Check German purchasing channels, published business contacts, buyer restrictions, authorization evidence and service coverage."",""Find task-specific deployment evidence including configuration, operating conditions, supervision and measured outcomes.""]"
"P1","unreviewed","11845415-4049-4ab6-827a-33841784e346","honor/robotics","HONOR","robotics","base","HONOR Robotics","humanoid","unknown","public","2026-10-01","https://www.honor.com/ie/events/honor-robot/","5","0","0","","[""dof_total"",""height_m"",""max_speed_ms"",""payload_kg:rated_dual"",""runtime_h:unstated""]","[]","0","0","[""missing_3d"",""missing_core_specs"",""missing_image"",""no_manufacturer_facts""]","[""public_record_needs_source_review""]","[""https://www.robothub.app/en/robots/honor-robotics-""]","[]","[]","false","0","[]","[""Collect exact manufacturer product-page, manual or datasheet evidence; leave unpublished values unknown."",""Check German purchasing channels, published business contacts, buyer restrictions, authorization evidence and service coverage."",""Find task-specific deployment evidence including configuration, operating conditions, supervision and measured outcomes.""]"
"P1","unreviewed","ab6017de-38a6-4f33-a8fb-8b4ac86c95ab","honor/robotics-d1","HONOR","robotics-d1","base","HONOR Robotics D1","humanoid","unknown","public","2026-10-01","https://www.honor.com/ie/events/honor-robot/","5","0","0","","[""cameras"",""has_lidar"",""height_m"",""max_speed_ms"",""weight_kg""]","[]","0","0","[""missing_3d"",""missing_core_specs"",""missing_image"",""no_manufacturer_facts""]","[""public_record_needs_source_review""]","[""https://www.robothub.app/en/robots/honor-robotics-d1""]","[]","[]","false","0","[]","[""Collect exact manufacturer product-page, manual or datasheet evidence; leave unpublished values unknown."",""Check German purchasing channels, published business contacts, buyer restrictions, authorization evidence and service coverage."",""Find task-specific deployment evidence including configuration, operating conditions, supervision and measured outcomes.""]"
"P1","unreviewed","ad782866-f993-4c3c-9b31-b627c504aab6","hoson/robot","HOSON","robot","base","HOSON-Robot","humanoid","concept","public","2026-10-01","https://www.hoson.com.cn/nd.jsp?id=40","0","0","0","","[]","[]","0","0","[""missing_3d"",""missing_core_specs"",""missing_image"",""no_facts"",""no_manufacturer_facts""]","[""public_record_needs_source_review""]","[]","[]","[]","false","0","[]","[""Collect exact manufacturer product-page, manual or datasheet evidence; leave unpublished values unknown."",""Check German purchasing channels, published business contacts, buyer restrictions, authorization evidence and service coverage."",""Find task-specific deployment evidence including configuration, operating conditions, supervision and measured outcomes.""]"
"P1","unreviewed","d21029d8-83fc-4faa-be08-f889df5d9a26","hric/tiangong-series-lite-pro-max","X-Humanoid","tiangong-series-lite-pro-max","base","Tiangong Series Lite, Pro, Max","humanoid","unknown","public","2026-10-01","https://www.x-humanoid.com/","1","0","0","","[""availability_note""]","[]","0","0","[""missing_3d"",""missing_core_specs"",""missing_image"",""no_manufacturer_facts""]","[""public_record_needs_source_review""]","[""https://www.humanoidhub.ai/robots/tiangong-series""]","[]","[]","false","0","[]","[""Collect exact manufacturer product-page, manual or datasheet evidence; leave unpublished values unknown."",""Check German purchasing channels, published business contacts, buyer restrictions, authorization evidence and service coverage."",""Find task-specific deployment evidence including configuration, operating conditions, supervision and measured outcomes.""]"
"P1","unreviewed","978ea551-0462-420e-a404-b5a4d33a5ca5","huashu/hsr-er-dr607","Huashu Robotics","hsr-er-dr607","base","HSR-ER-DR607","mobile_manipulator","prototype","public","2026-10-01","https://www.hsrobotics.cn/products_xq/118.html","7","0","0","","[""cameras"",""compute_module"",""dof_total"",""has_lidar"",""height_m"",""payload_kg:sustained"",""weight_kg""]","[]","0","0","[""missing_3d"",""missing_core_specs"",""missing_image"",""no_manufacturer_facts""]","[""public_record_needs_source_review""]","[""https://www.robothub.app/en/robots/huashu-hsr-er-dr607""]","[]","[]","false","0","[]","[""Collect exact manufacturer product-page, manual or datasheet evidence; leave unpublished values unknown."",""Check German purchasing channels, published business contacts, buyer restrictions, authorization evidence and service coverage."",""Find task-specific deployment evidence including configuration, operating conditions, supervision and measured outcomes.""]"
"P1","unreviewed","5962f3a3-e1c3-4734-b20c-3cd1fe6c262b","huashu/hsr-er-hr705","Huashu Robotics","hsr-er-hr705","base","HSR-ER-HR705","mobile_manipulator","prototype","public","2026-10-01","https://www.hsrobotics.cn/products_xq/118.html","9","0","0","","[""cameras"",""compute_module"",""dof_total"",""has_lidar"",""height_m"",""max_speed_ms"",""payload_kg:sustained"",""runtime_h:unstated"",""weight_kg""]","[]","0","0","[""missing_3d"",""missing_core_specs"",""missing_image"",""no_manufacturer_facts""]","[""public_record_needs_source_review""]","[""https://www.robothub.app/en/robots/huashu-hsr-er-hr705""]","[]","[]","false","0","[]","[""Collect exact manufacturer product-page, manual or datasheet evidence; leave unpublished values unknown."",""Check German purchasing channels, published business contacts, buyer restrictions, authorization evidence and service coverage."",""Find task-specific deployment evidence including configuration, operating conditions, supervision and measured outcomes.""]"
"P1","unreviewed","2c18e53d-9ad4-4429-91d3-85d42ad4b246","huibo/astra-pro2","Huibo Robotics","astra-pro2","base","Astra Pro2","mobile_manipulator","unknown","public","2026-10-01","https://www.huiborobot.com/","0","0","0","","[]","[]","0","0","[""missing_3d"",""missing_core_specs"",""missing_image"",""no_facts"",""no_manufacturer_facts""]","[""public_record_needs_source_review""]","[]","[]","[]","false","0","[]","[""Collect exact manufacturer product-page, manual or datasheet evidence; leave unpublished values unknown."",""Check German purchasing channels, published business contacts, buyer restrictions, authorization evidence and service coverage."",""Find task-specific deployment evidence including configuration, operating conditions, supervision and measured outcomes.""]"
"P1","unreviewed","57a39202-2488-43fb-9bdc-e62c46bee4d1","huilun/gomate-mini","Huilun Technology","gomate-mini","base","GoMate Mini","humanoid","prototype","public","2026-10-01","","7","0","0","","[""cameras"",""compute_module"",""dof_total"",""has_lidar"",""height_m"",""max_speed_ms"",""runtime_h:unstated""]","[]","0","0","[""missing_3d"",""missing_core_specs"",""missing_image"",""missing_maker_website"",""no_manufacturer_facts""]","[""public_record_needs_source_review""]","[""https://www.robothub.app/en/robots/gomate-mini""]","[]","[]","false","0","[]","[""Find and validate the manufacturer website and exact product page."",""Collect exact manufacturer product-page, manual or datasheet evidence; leave unpublished values unknown."",""Check German purchasing channels, published business contacts, buyer restrictions, authorization evidence and service coverage."",""Find task-specific deployment evidence including configuration, operating conditions, supervision and measured outcomes.""]"
"P1","unreviewed","54451338-e0cb-446e-9823-06441ae910c8","humanoid-innovation-center/omni","X-Humanoid","omni","base","Omni","humanoid","unknown","public","2026-10-01","https://www.x-humanoid.com/","2","0","0","","[""height_m"",""weight_kg""]","[]","0","0","[""missing_3d"",""missing_core_specs"",""no_manufacturer_facts""]","[""public_record_needs_source_review""]","[""https://www.robothub.app/en/robots/omni""]","[]","[]","false","0","[]","[""Collect exact manufacturer product-page, manual or datasheet evidence; leave unpublished values unknown."",""Check German purchasing channels, published business contacts, buyer restrictions, authorization evidence and service coverage."",""Find task-specific deployment evidence including configuration, operating conditions, supervision and measured outcomes.""]"
"P1","unreviewed","36e97ac0-62a5-49a6-a6e6-dc1ee53af9b1","humanoid-innovation-center/tian-yi-2-0","X-Humanoid","tian-yi-2-0","base","Tian Yi 2.0","mobile_manipulator","unknown","public","2026-10-01","https://www.x-humanoid.com/","10","0","0","","[""cameras"",""compute_module"",""dof_hands"",""dof_total"",""has_lidar"",""height_m"",""runtime_h:unstated"",""weight_kg""]","[]","0","0","[""missing_3d"",""missing_core_specs"",""missing_image"",""no_manufacturer_facts""]","[""public_record_needs_source_review""]","[""https://www.robothub.app/en/robots/tian-yi-20""]","[]","[]","false","0","[]","[""Collect exact manufacturer product-page, manual or datasheet evidence; leave unpublished values unknown."",""Check German purchasing channels, published business contacts, buyer restrictions, authorization evidence and service coverage."",""Find task-specific deployment evidence including configuration, operating conditions, supervision and measured outcomes.""]"
"P1","unreviewed","05f1ef33-b900-4826-b64f-6dda11fdebb9","humanoid-innovation-center/tien-kung-3-0","X-Humanoid","tien-kung-3-0","base","Tien kung 3.0","humanoid","prototype","public","2026-10-01","https://www.x-humanoid.com/","7","0","0","","[""cameras"",""compute_module"",""dof_total"",""has_lidar"",""height_m"",""max_speed_ms"",""weight_kg""]","[]","0","0","[""missing_3d"",""missing_core_specs"",""missing_image"",""no_manufacturer_facts""]","[""public_record_needs_source_review""]","[""https://www.robothub.app/en/robots/tien-kung-30""]","[]","[]","false","0","[]","[""Collect exact manufacturer product-page, manual or datasheet evidence; leave unpublished values unknown."",""Check German purchasing channels, published business contacts, buyer restrictions, authorization evidence and service coverage."",""Find task-specific deployment evidence including configuration, operating conditions, supervision and measured outcomes.""]"
"P1","unreviewed","cfadec63-fe63-46e3-9f4f-7410b52463a0","humanoid-innovation-center/tp-01-edu","X-Humanoid","tp-01-edu","base","TP-01 EDU","humanoid","unknown","public","2026-10-01","https://www.x-humanoid.com/","3","0","0","","[""availability_note"",""height_m"",""runtime_h:unstated""]","[]","0","0","[""missing_3d"",""missing_core_specs"",""missing_image"",""no_manufacturer_facts""]","[""public_record_needs_source_review""]","[""https://www.humanoidhub.ai/robots/tp-01-edu""]","[]","[]","false","0","[]","[""Collect exact manufacturer product-page, manual or datasheet evidence; leave unpublished values unknown."",""Check German purchasing channels, published business contacts, buyer restrictions, authorization evidence and service coverage."",""Find task-specific deployment evidence including configuration, operating conditions, supervision and measured outcomes.""]"
"P1","unreviewed","3005407b-c0e0-4e15-b249-a816f288a084","humanoid/01-alpha","Humanoid","01-alpha","base","01 Alpha","humanoid","unknown","public","2026-10-01","https://thehumanoid.ai/","1","0","0","","[""availability_note""]","[]","0","0","[""missing_3d"",""missing_core_specs"",""no_manufacturer_facts""]","[""public_record_needs_source_review""]","[""https://www.humanoidhub.ai/robots/hmnd-01-alpha""]","[]","[]","false","0","[]","[""Collect exact manufacturer product-page, manual or datasheet evidence; leave unpublished values unknown."",""Check German purchasing channels, published business contacts, buyer restrictions, authorization evidence and service coverage."",""Find task-specific deployment evidence including configuration, operating conditions, supervision and measured outcomes.""]"
"P1","unreviewed","383a2fb8-3ce2-4af1-9c47-92bc38cd5c1c","humanoid/hmnd-01","Humanoid","hmnd-01","base","HMND 01","humanoid","prototype","public","2026-10-01","https://thehumanoid.ai/","7","0","0","","[""availability_note"",""dof_total"",""height_m"",""max_speed_ms"",""payload_kg"",""runtime_h:unstated"",""weight_kg""]","[]","0","0","[""missing_3d"",""missing_core_specs"",""no_manufacturer_facts""]","[""public_record_needs_source_review""]","[""https://humanoid.guide/product/hmnd-01/""]","[]","[]","false","0","[]","[""Collect exact manufacturer product-page, manual or datasheet evidence; leave unpublished values unknown."",""Check German purchasing channels, published business contacts, buyer restrictions, authorization evidence and service coverage."",""Find task-specific deployment evidence including configuration, operating conditions, supervision and measured outcomes.""]"
"P1","unreviewed","771cd8cd-f860-400e-8c27-265d1f496410","humanoid/hmnd-01-alpha-bipedal","Humanoid","hmnd-01-alpha-bipedal","base","HMND 01 Alpha BIPEDAL","humanoid","unknown","public","2026-10-01","https://thehumanoid.ai/","10","0","0","","[""cameras"",""compute_module"",""dof_hands"",""dof_total"",""has_lidar"",""height_m"",""max_speed_ms"",""payload_kg:rated_dual"",""runtime_h:unstated"",""weight_kg""]","[]","0","0","[""missing_3d"",""missing_core_specs"",""no_manufacturer_facts""]","[""public_record_needs_source_review""]","[""https://www.robothub.app/en/robots/hmnd-01-alpha-bipedal""]","[]","[]","false","0","[]","[""Collect exact manufacturer product-page, manual or datasheet evidence; leave unpublished values unknown."",""Check German purchasing channels, published business contacts, buyer restrictions, authorization evidence and service coverage."",""Find task-specific deployment evidence including configuration, operating conditions, supervision and measured outcomes.""]"
"P1","unreviewed","75b374a0-1427-4e5d-9999-ed46665628bf","igus/iggy-rob","igus","iggy-rob","base","Iggy Rob","mobile_manipulator","unknown","public","2026-10-01","https://www.igus.ca/product/0-LCA-IROB","4","0","0","","[""max_speed_ms"",""payload_kg:sustained"",""runtime_h:unstated"",""weight_kg""]","[]","0","0","[""missing_3d"",""missing_core_specs"",""missing_image"",""no_manufacturer_facts""]","[""public_record_needs_source_review""]","[""https://www.robothub.app/en/robots/iggy-rob""]","[]","[]","false","0","[]","[""Collect exact manufacturer product-page, manual or datasheet evidence; leave unpublished values unknown."",""Check German purchasing channels, published business contacts, buyer restrictions, authorization evidence and service coverage."",""Find task-specific deployment evidence including configuration, operating conditions, supervision and measured outcomes.""]"
"P1","unreviewed","78e6647a-5883-454f-a5d3-7d43ab68b08e","ihub/tara-gen1","iHub Robotics","tara-gen1","base","TARA GEN1","humanoid","shipping","public","2026-10-01","https://www.ihubrobotics.com/","14","0","0","","[""availability_note"",""collaborative"",""compute_module"",""connectivity"",""dof_hands"",""dof_total"",""finger_count"",""height_m"",""ip_rating"",""max_speed_ms"",""payload_kg"",""runtime_h:unstated"",""structural_material"",""weight_kg""]","[]","0","0","[""missing_3d"",""no_manufacturer_facts""]","[""public_record_needs_source_review""]","[""https://humanoid.guide/product/tara-gen1/""]","[]","[]","false","0","[]","[""Collect exact manufacturer product-page, manual or datasheet evidence; leave unpublished values unknown."",""Check German purchasing channels, published business contacts, buyer restrictions, authorization evidence and service coverage."",""Find task-specific deployment evidence including configuration, operating conditions, supervision and measured outcomes.""]"
"P1","unreviewed","65aca974-e510-4d74-acb1-0c90691cead3","infiforce/astrodroid-ad-01","INFIFORCE Technology Group","astrodroid-ad-01","base","AstroDroid AD-01","mobile_manipulator","unknown","public","2026-10-01","https://infiforce.cn/news-detail?id=2018604246353821698","7","0","0","","[""dof_hands"",""dof_total"",""height_m"",""max_speed_ms"",""payload_kg:sustained"",""runtime_h:unstated"",""weight_kg""]","[]","0","0","[""missing_3d"",""missing_core_specs"",""missing_image"",""no_manufacturer_facts""]","[""public_record_needs_source_review""]","[""https://www.robothub.app/en/robots/astrodroid-ad-01""]","[]","[]","false","0","[]","[""Collect exact manufacturer product-page, manual or datasheet evidence; leave unpublished values unknown."",""Check German purchasing channels, published business contacts, buyer restrictions, authorization evidence and service coverage."",""Find task-specific deployment evidence including configuration, operating conditions, supervision and measured outcomes.""]"
"P1","unreviewed","18e40dff-5e14-4391-b023-2ec2227c1548","infiforce/ultradroid","INFIFORCE Technology Group","ultradroid","base","UltraDroid","humanoid","concept","public","2026-10-01","https://infiforce.cn/news-detail?id=2018604246353821698","0","0","0","","[]","[]","0","0","[""missing_3d"",""missing_core_specs"",""missing_image"",""no_facts"",""no_manufacturer_facts""]","[""public_record_needs_source_review""]","[]","[]","[]","false","0","[]","[""Collect exact manufacturer product-page, manual or datasheet evidence; leave unpublished values unknown."",""Check German purchasing channels, published business contacts, buyer restrictions, authorization evidence and service coverage."",""Find task-specific deployment evidence including configuration, operating conditions, supervision and measured outcomes.""]"
"P1","unreviewed","877f94a5-5927-4566-b0fc-1e8ffd1c7b2c","infiforce/yuanzi","INFIFORCE Technology Group","yuanzi","base","YUANZI","humanoid","concept","public","2026-10-01","https://infiforce.cn/news-detail?id=2018604246353821698","7","0","0","","[""cameras"",""compute_module"",""dof_total"",""has_lidar"",""height_m"",""runtime_h:unstated"",""weight_kg""]","[]","0","0","[""missing_3d"",""missing_core_specs"",""no_manufacturer_facts""]","[""public_record_needs_source_review""]","[""https://www.robothub.app/en/robots/yuanzi""]","[]","[]","false","0","[]","[""Collect exact manufacturer product-page, manual or datasheet evidence; leave unpublished values unknown."",""Check German purchasing channels, published business contacts, buyer restrictions, authorization evidence and service coverage."",""Find task-specific deployment evidence including configuration, operating conditions, supervision and measured outcomes.""]"
"P1","unreviewed","48753867-46e1-4c04-9c0f-a99a3b0125f2","iplus-mobot/naviai-wa1","IPLUSMOBOT","naviai-wa1","base","NAVIAI-WA1","humanoid","unknown","public","2026-10-01","https://www.iplusmobot.jp/","0","0","0","","[]","[]","0","0","[""missing_3d"",""missing_core_specs"",""missing_image"",""no_facts"",""no_manufacturer_facts""]","[""public_record_needs_source_review""]","[]","[]","[]","false","0","[]","[""Collect exact manufacturer product-page, manual or datasheet evidence; leave unpublished values unknown."",""Check German purchasing channels, published business contacts, buyer restrictions, authorization evidence and service coverage."",""Find task-specific deployment evidence including configuration, operating conditions, supervision and measured outcomes.""]"
"P1","unreviewed","d09edc8c-ac86-4008-ac7c-0d0615fe2a5a","iplus-mobot/naviai-wa2","IPLUSMOBOT","naviai-wa2","base","NAVIAI-WA2","humanoid","unknown","public","2026-10-01","https://www.iplusmobot.jp/","0","0","0","","[]","[]","0","0","[""missing_3d"",""missing_core_specs"",""missing_image"",""no_facts"",""no_manufacturer_facts""]","[""public_record_needs_source_review""]","[]","[]","[]","false","0","[]","[""Collect exact manufacturer product-page, manual or datasheet evidence; leave unpublished values unknown."",""Check German purchasing channels, published business contacts, buyer restrictions, authorization evidence and service coverage."",""Find task-specific deployment evidence including configuration, operating conditions, supervision and measured outcomes.""]"
"P1","unreviewed","42907096-c0bc-47af-a806-c7c6d6fdda99","isento/pib-pro","isento robotics GmbH","pib-pro","base","pib.Pro","humanoid","shipping","public","2026-10-01","https://pib.rocks/","12","0","0","","[""availability_note"",""cameras"",""collaborative"",""connectivity"",""dof_total"",""finger_count"",""has_lidar"",""height_m"",""max_speed_ms"",""payload_kg"",""runtime_h:unstated"",""structural_material""]","[]","0","0","[""missing_3d"",""missing_core_specs"",""no_manufacturer_facts""]","[""public_record_needs_source_review""]","[""https://humanoid.guide/product/pib-pro/"",""https://pib.rocks/pib-pro/""]","[]","[]","false","0","[]","[""Collect exact manufacturer product-page, manual or datasheet evidence; leave unpublished values unknown."",""Check German purchasing channels, published business contacts, buyer restrictions, authorization evidence and service coverage."",""Find task-specific deployment evidence including configuration, operating conditions, supervision and measured outcomes.""]"
"P1","unreviewed","a5476119-c076-4ef1-bf17-034a878351d7","jaka/jaka","JAKA Robotics","jaka","base","JAKA π","humanoid","shipping","public","2026-10-01","https://www.jaka.com/","12","0","0","","[""availability_note"",""collaborative"",""compute_module"",""connectivity"",""dof_total"",""height_m"",""max_speed_ms"",""payload_kg"",""runtime_h:unstated"",""structural_material"",""walk_speed_ms"",""weight_kg""]","[]","0","0","[""missing_3d"",""missing_core_specs"",""missing_image"",""no_manufacturer_facts""]","[""public_record_needs_source_review""]","[""https://humanoid.guide/product/jaka-%cf%80/""]","[]","[]","false","0","[]","[""Collect exact manufacturer product-page, manual or datasheet evidence; leave unpublished values unknown."",""Check German purchasing channels, published business contacts, buyer restrictions, authorization evidence and service coverage."",""Find task-specific deployment evidence including configuration, operating conditions, supervision and measured outcomes.""]"
"P1","unreviewed","6b9ef4d8-2890-4701-8bd8-88986d2a0e79","jaka/k1","JAKA Robotics","k1","base","Jaka K1","humanoid","prototype","public","2026-10-01","https://www.jaka.com/","8","0","0","","[""availability_note"",""dof_total"",""height_m"",""max_speed_ms"",""payload_kg"",""runtime_h:unstated"",""walk_speed_ms"",""weight_kg""]","[]","0","0","[""missing_3d"",""missing_core_specs"",""missing_image"",""no_manufacturer_facts""]","[""public_record_needs_source_review""]","[""https://humanoid.guide/product/jaka-k1/""]","[]","[]","false","0","[]","[""Collect exact manufacturer product-page, manual or datasheet evidence; leave unpublished values unknown."",""Check German purchasing channels, published business contacts, buyer restrictions, authorization evidence and service coverage."",""Find task-specific deployment evidence including configuration, operating conditions, supervision and measured outcomes.""]"
"P1","unreviewed","c970c543-f204-4049-8ee9-de90523f36c8","jaka/kargo","JAKA Robotics","kargo","base","JAKA Kargo","mobile_manipulator","shipping","public","2026-10-01","https://www.jaka.com/","16","0","0","","[""availability_note"",""collaborative"",""compute_module"",""connectivity"",""dof_total"",""height_m"",""ip_rating"",""max_speed_ms"",""payload_kg"",""payload_kg:sustained"",""runtime_h:unstated"",""structural_material"",""weight_kg""]","[]","0","0","[""missing_3d"",""missing_image"",""no_manufacturer_facts""]","[""public_record_needs_source_review""]","[""https://humanoid.guide/product/jaka-kargo/"",""https://www.robothub.app/en/robots/jaka-k1""]","[]","[]","false","0","[]","[""Collect exact manufacturer product-page, manual or datasheet evidence; leave unpublished values unknown."",""Check German purchasing channels, published business contacts, buyer restrictions, authorization evidence and service coverage."",""Find task-specific deployment evidence including configuration, operating conditions, supervision and measured outcomes.""]"
"P1","unreviewed","ae96f173-59c0-4db3-bc14-c9d26dfc4c14","jingsong/wheeled-legged-humanoid-robot","Jingsong Intelligent","wheeled-legged-humanoid-robot","base","Wheeled-legged humanoid robot","humanoid","concept","public","2026-10-01","https://www.gen-song.net/","1","0","0","","[""payload_kg:sustained""]","[]","0","0","[""missing_3d"",""missing_core_specs"",""missing_image"",""no_manufacturer_facts""]","[""public_record_needs_source_review""]","[""https://www.robothub.app/en/robots/wheeled-legged-humanoid-robot""]","[]","[]","false","0","[]","[""Collect exact manufacturer product-page, manual or datasheet evidence; leave unpublished values unknown."",""Check German purchasing channels, published business contacts, buyer restrictions, authorization evidence and service coverage."",""Find task-specific deployment evidence including configuration, operating conditions, supervision and measured outcomes.""]"
"P1","unreviewed","60bd214e-2b11-4805-ba75-3b1d2eb78dee","kawada/nextage","Kawada Robotics","nextage","base","NEXTAGE","humanoid","unknown","public","2026-10-01","https://nextage.kawada.jp/","3","0","0","","[""availability_note"",""height_m"",""weight_kg""]","[]","0","0","[""missing_3d"",""missing_core_specs"",""no_manufacturer_facts""]","[""public_record_needs_source_review""]","[""https://www.humanoidhub.ai/robots/nextage-fillie""]","[]","[]","false","0","[]","[""Collect exact manufacturer product-page, manual or datasheet evidence; leave unpublished values unknown."",""Check German purchasing channels, published business contacts, buyer restrictions, authorization evidence and service coverage."",""Find task-specific deployment evidence including configuration, operating conditions, supervision and measured outcomes.""]"
"P1","unreviewed","b04bb8b9-2509-4d51-97a9-7ce662f560f9","kawasaki-heavy-industries/kaleido-9","Kawasaki Heavy Industries","kaleido-9","base","Kaleido 9","humanoid","concept","public","2026-10-01","","0","0","0","","[]","[]","0","0","[""missing_3d"",""missing_core_specs"",""missing_image"",""missing_maker_website"",""no_facts"",""no_manufacturer_facts""]","[""public_record_needs_source_review""]","[]","[]","[]","false","0","[]","[""Find and validate the manufacturer website and exact product page."",""Collect exact manufacturer product-page, manual or datasheet evidence; leave unpublished values unknown."",""Check German purchasing channels, published business contacts, buyer restrictions, authorization evidence and service coverage."",""Find task-specific deployment evidence including configuration, operating conditions, supervision and measured outcomes.""]"
"P1","unreviewed","0544d98e-c024-41d9-8ddf-f17b6b410f11","keenon/dinerbot-t10","Keenon Robotics","dinerbot-t10","base","DINERBOT T10","mobile_manipulator","prototype","public","2026-10-01","https://www.keenon.com/","0","0","0","","[]","[]","0","0","[""missing_3d"",""missing_core_specs"",""no_facts"",""no_manufacturer_facts""]","[""public_record_needs_source_review""]","[]","[]","[]","false","0","[]","[""Collect exact manufacturer product-page, manual or datasheet evidence; leave unpublished values unknown."",""Check German purchasing channels, published business contacts, buyer restrictions, authorization evidence and service coverage."",""Find task-specific deployment evidence including configuration, operating conditions, supervision and measured outcomes.""]"
"P1","unreviewed","25d09540-878a-4b80-b965-3b69d466928f","keenon/xman-f1","Keenon Robotics","xman-f1","base","XMAN-F1","humanoid","unknown","public","2026-10-01","https://www.keenon.com/","0","0","0","","[]","[]","0","0","[""missing_3d"",""missing_core_specs"",""no_facts"",""no_manufacturer_facts""]","[""public_record_needs_source_review""]","[]","[]","[]","false","0","[]","[""Collect exact manufacturer product-page, manual or datasheet evidence; leave unpublished values unknown."",""Check German purchasing channels, published business contacts, buyer restrictions, authorization evidence and service coverage."",""Find task-specific deployment evidence including configuration, operating conditions, supervision and measured outcomes.""]"
"P1","unreviewed","e5a5f1a4-e65d-4e84-a28c-f37f9a77abda","kepler-exploration/k2","Kepler Robotics","k2","base","Kepler K2","humanoid","prototype","public","2026-10-01","https://www.gotokepler.com/home","8","0","0","","[""availability_note"",""dof_total"",""height_m"",""max_speed_ms"",""payload_kg"",""runtime_h:unstated"",""walk_speed_ms"",""weight_kg""]","[]","0","0","[""missing_3d"",""missing_core_specs"",""missing_image"",""no_manufacturer_facts""]","[""public_record_needs_source_review""]","[""https://humanoid.guide/product/kepler-k2/""]","[]","[]","false","0","[]","[""Collect exact manufacturer product-page, manual or datasheet evidence; leave unpublished values unknown."",""Check German purchasing channels, published business contacts, buyer restrictions, authorization evidence and service coverage."",""Find task-specific deployment evidence including configuration, operating conditions, supervision and measured outcomes.""]"
"P1","unreviewed","e17cd2d3-c9a9-4ce2-a21f-48aeecb4f75d","kepler-exploration/k2-bumblebee","Kepler Robotics","k2-bumblebee","base","K2 Bumblebee","humanoid","prototype","public","2026-10-01","https://www.gotokepler.com/home","14","0","0","","[""availability_note"",""collaborative"",""compute_module"",""connectivity"",""dof_hands"",""dof_total"",""finger_count"",""height_m"",""max_speed_ms"",""payload_kg"",""runtime_h:unstated"",""structural_material"",""walk_speed_ms"",""weight_kg""]","[]","0","0","[""missing_3d"",""missing_core_specs"",""missing_image"",""no_manufacturer_facts""]","[""public_record_needs_source_review""]","[""https://humanoid.guide/product/k2-bumblebee/""]","[]","[]","false","0","[]","[""Collect exact manufacturer product-page, manual or datasheet evidence; leave unpublished values unknown."",""Check German purchasing channels, published business contacts, buyer restrictions, authorization evidence and service coverage."",""Find task-specific deployment evidence including configuration, operating conditions, supervision and measured outcomes.""]"
"P1","unreviewed","3a3aae46-2751-4e38-bcbc-eaa8dda31142","kepler-exploration/k2-forerunner","Kepler Robotics","k2-forerunner","base","Kepler K2 Forerunner","humanoid","unknown","public","2026-10-01","https://www.gotokepler.com/home","3","0","0","","[""dof_total"",""height_m"",""weight_kg""]","[]","0","0","[""missing_3d"",""missing_core_specs"",""missing_image"",""no_manufacturer_facts"",""reported_availability""]","[""public_record_needs_source_review""]","[""https://robotpriceindex.com/robots/kepler-k2""]","[]","[]","false","1","[]","[""Collect exact manufacturer product-page, manual or datasheet evidence; leave unpublished values unknown."",""Check German purchasing channels, published business contacts, buyer restrictions, authorization evidence and service coverage."",""Find task-specific deployment evidence including configuration, operating conditions, supervision and measured outcomes.""]"
"P1","unreviewed","6d27ef76-6797-4052-927b-f0ef42dc9eac","kepler-exploration/kepler","Kepler Robotics","kepler","base","Kepler","humanoid","prototype","public","2026-10-01","https://www.gotokepler.com/home","8","0","0","","[""availability_note"",""dof_total"",""height_m"",""max_speed_ms"",""payload_kg"",""runtime_h:unstated"",""walk_speed_ms"",""weight_kg""]","[]","0","0","[""missing_3d"",""missing_core_specs"",""missing_image"",""no_manufacturer_facts""]","[""public_record_needs_source_review""]","[""https://humanoid.guide/product/kepler/""]","[]","[]","false","0","[]","[""Collect exact manufacturer product-page, manual or datasheet evidence; leave unpublished values unknown."",""Check German purchasing channels, published business contacts, buyer restrictions, authorization evidence and service coverage."",""Find task-specific deployment evidence including configuration, operating conditions, supervision and measured outcomes.""]"
"P1","unreviewed","35a25c90-503e-444f-a728-b83cafb4e33e","kepler/forerunner-k1","Kepler Robotics","forerunner-k1","base","Kepler Forerunner K1","humanoid","unknown","public","2026-10-01","https://www.gotokepler.com/home","10","0","0","","[""cameras"",""compute_module"",""dof_hands"",""dof_total"",""has_lidar"",""height_m"",""max_speed_ms"",""payload_kg:rated_dual"",""runtime_h:unstated"",""weight_kg""]","[]","0","0","[""missing_3d"",""missing_core_specs"",""missing_image"",""no_manufacturer_facts""]","[""public_record_needs_source_review""]","[""https://www.robothub.app/en/robots/kepler-forerunner-k1""]","[]","[]","false","0","[]","[""Collect exact manufacturer product-page, manual or datasheet evidence; leave unpublished values unknown."",""Check German purchasing channels, published business contacts, buyer restrictions, authorization evidence and service coverage."",""Find task-specific deployment evidence including configuration, operating conditions, supervision and measured outcomes.""]"
"P1","unreviewed","448c6561-e4a4-4d6d-b83d-60736ad2f39c","kepler/forerunner-k2","Kepler Robotics","forerunner-k2","base","Kepler Forerunner K2","humanoid","prototype","public","2026-10-01","https://www.gotokepler.com/home","8","0","0","","[""cameras"",""compute_module"",""dof_hands"",""dof_total"",""has_lidar"",""height_m"",""runtime_h:unstated"",""weight_kg""]","[]","0","0","[""missing_3d"",""missing_core_specs"",""missing_image"",""no_manufacturer_facts""]","[""public_record_needs_source_review""]","[""https://www.robothub.app/en/robots/kepler-forerunner-k2""]","[]","[]","false","0","[]","[""Collect exact manufacturer product-page, manual or datasheet evidence; leave unpublished values unknown."",""Check German purchasing channels, published business contacts, buyer restrictions, authorization evidence and service coverage."",""Find task-specific deployment evidence including configuration, operating conditions, supervision and measured outcomes.""]"
"P1","unreviewed","54d30b55-9449-4058-9e9d-43f82d988c6b","kinetix/kaibot","KinetixAI","kaibot","base","KaiBot","humanoid","unknown","public","2026-10-01","https://www.kinetixai.tech/en/","6","0","0","","[""dof_hands"",""dof_total"",""height_m"",""payload_kg:rated_dual"",""runtime_h:unstated"",""weight_kg""]","[]","0","0","[""missing_3d"",""missing_core_specs"",""missing_image"",""no_manufacturer_facts""]","[""public_record_needs_source_review""]","[""https://www.robothub.app/en/robots/kaibot""]","[]","[]","false","0","[]","[""Collect exact manufacturer product-page, manual or datasheet evidence; leave unpublished values unknown."",""Check German purchasing channels, published business contacts, buyer restrictions, authorization evidence and service coverage."",""Find task-specific deployment evidence including configuration, operating conditions, supervision and measured outcomes.""]"
"P1","unreviewed","524d09bf-d0fe-4d2c-bedf-2862edd11720","kinetixai/kai","KinetixAI","kai","base","KAI","humanoid","prototype","public","2026-10-01","https://www.kinetixai.tech/en/","12","0","0","","[""availability_note"",""collaborative"",""connectivity"",""dof_hands"",""dof_total"",""finger_count"",""height_m"",""max_speed_ms"",""payload_kg"",""runtime_h:unstated"",""structural_material"",""weight_kg""]","[]","0","0","[""missing_3d"",""missing_core_specs"",""no_manufacturer_facts""]","[""public_record_needs_source_review""]","[""https://humanoid.guide/product/kai/""]","[]","[]","false","0","[]","[""Collect exact manufacturer product-page, manual or datasheet evidence; leave unpublished values unknown."",""Check German purchasing channels, published business contacts, buyer restrictions, authorization evidence and service coverage."",""Find task-specific deployment evidence including configuration, operating conditions, supervision and measured outcomes.""]"
"P1","unreviewed","59c30138-1fa2-4bda-83d5-eddacd425b88","kinisi/01","Kinisi Robotics","01","base","Kinisi 01","humanoid","prototype","public","2026-10-01","https://www.kinisi.com/","5","0","0","","[""availability_note"",""collaborative"",""finger_count"",""max_speed_ms"",""payload_kg""]","[]","0","0","[""missing_3d"",""missing_core_specs"",""missing_image"",""no_manufacturer_facts""]","[""public_record_needs_source_review""]","[""https://humanoid.guide/product/kinisi-01/""]","[]","[]","false","0","[]","[""Collect exact manufacturer product-page, manual or datasheet evidence; leave unpublished values unknown."",""Check German purchasing channels, published business contacts, buyer restrictions, authorization evidence and service coverage."",""Find task-specific deployment evidence including configuration, operating conditions, supervision and measured outcomes.""]"
"P1","unreviewed","e0d1ef33-0964-4880-89d5-3208e0cdc7ba","kinisi/humanoid","Kinisi Robotics","humanoid","base","Kinisi Humanoid","humanoid","concept","public","2026-10-01","https://www.kinisi.com/","0","0","0","","[]","[]","0","0","[""missing_3d"",""missing_core_specs"",""no_facts"",""no_manufacturer_facts""]","[""public_record_needs_source_review""]","[]","[]","[]","false","0","[]","[""Collect exact manufacturer product-page, manual or datasheet evidence; leave unpublished values unknown."",""Check German purchasing channels, published business contacts, buyer restrictions, authorization evidence and service coverage."",""Find task-specific deployment evidence including configuration, operating conditions, supervision and measured outcomes.""]"
"P1","unreviewed","ef997812-95c8-4469-8356-9dc10e1b2029","kinisi/kr1","Kinisi Robotics","kr1","base","Kinisi  KR1","humanoid","prototype","public","2026-10-01","https://www.kinisi.com/","13","0","0","","[""availability_note"",""collaborative"",""compute_module"",""connectivity"",""dof_hands"",""dof_total"",""height_m"",""ip_rating"",""max_speed_ms"",""payload_kg"",""runtime_h:unstated"",""structural_material"",""weight_kg""]","[]","0","0","[""missing_3d"",""missing_image"",""no_manufacturer_facts""]","[""public_record_needs_source_review""]","[""https://humanoid.guide/product/kinisi-kr1/""]","[]","[]","false","0","[]","[""Collect exact manufacturer product-page, manual or datasheet evidence; leave unpublished values unknown."",""Check German purchasing channels, published business contacts, buyer restrictions, authorization evidence and service coverage."",""Find task-specific deployment evidence including configuration, operating conditions, supervision and measured outcomes.""]"
"P1","unreviewed","d0d60b21-8625-42d7-b1a8-30426228dd02","lanxin/vb1-i","Lanxin Robotics","vb1-i","base","VB1-I","humanoid","shipping","public","2026-10-01","https://www.lanxinrobotics.com/","12","0","0","","[""availability_note"",""collaborative"",""compute_module"",""connectivity"",""dof_hands"",""dof_total"",""finger_count"",""height_m"",""max_speed_ms"",""payload_kg"",""structural_material"",""weight_kg""]","[]","0","0","[""missing_3d"",""missing_core_specs"",""no_manufacturer_facts""]","[""public_record_needs_source_review""]","[""https://humanoid.guide/product/vb1-i/""]","[]","[]","false","0","[]","[""Collect exact manufacturer product-page, manual or datasheet evidence; leave unpublished values unknown."",""Check German purchasing channels, published business contacts, buyer restrictions, authorization evidence and service coverage."",""Find task-specific deployment evidence including configuration, operating conditions, supervision and measured outcomes.""]"
"P1","unreviewed","445fc2d3-bb3d-46b8-9354-5489e8618244","lanxin/vb2","Lanxin Robotics","vb2","base","VB2","humanoid","shipping","public","2026-10-01","https://www.lanxinrobotics.com/","13","0","0","","[""availability_note"",""collaborative"",""compute_module"",""connectivity"",""dof_hands"",""dof_total"",""finger_count"",""height_m"",""max_speed_ms"",""payload_kg"",""runtime_h:unstated"",""structural_material"",""weight_kg""]","[]","0","0","[""missing_3d"",""missing_core_specs"",""no_manufacturer_facts""]","[""public_record_needs_source_review""]","[""https://humanoid.guide/product/vb2/""]","[]","[]","false","0","[]","[""Collect exact manufacturer product-page, manual or datasheet evidence; leave unpublished values unknown."",""Check German purchasing channels, published business contacts, buyer restrictions, authorization evidence and service coverage."",""Find task-specific deployment evidence including configuration, operating conditions, supervision and measured outcomes.""]"
"P1","unreviewed","a0ecef51-b27b-4f7b-8cbe-5066bfe210f2","lanxin/versabot-vb-1","Lanxin Robotics","versabot-vb-1","base","VersaBot VB-1","humanoid","shipping","public","2026-10-01","https://www.lanxinrobotics.com/","13","0","0","","[""availability_note"",""collaborative"",""connectivity"",""dof_hands"",""dof_total"",""finger_count"",""height_m"",""max_speed_ms"",""payload_kg"",""runtime_h:unstated"",""structural_material"",""walk_speed_ms"",""weight_kg""]","[]","0","0","[""missing_3d"",""missing_core_specs"",""missing_image"",""no_manufacturer_facts""]","[""public_record_needs_source_review""]","[""https://humanoid.guide/product/versabot-vb-1/""]","[]","[]","false","0","[]","[""Collect exact manufacturer product-page, manual or datasheet evidence; leave unpublished values unknown."",""Check German purchasing channels, published business contacts, buyer restrictions, authorization evidence and service coverage."",""Find task-specific deployment evidence including configuration, operating conditions, supervision and measured outcomes.""]"
"P1","unreviewed","a3115710-c4fe-4482-a506-f1040bbc93b9","leju/kuavo","Leju Robotics","kuavo","base","KUAVO","humanoid","unknown","public","2026-10-01","https://www.lejurobot.com/en","3","0","0","","[""availability_note"",""dof_total"",""height_m""]","[]","0","0","[""missing_3d"",""missing_core_specs"",""no_manufacturer_facts"",""reported_availability""]","[""public_record_needs_source_review""]","[""https://robotpriceindex.com/robots/leju-kuavo"",""https://www.humanoidhub.ai/robots/kuavo-humanoid""]","[]","[]","false","1","[]","[""Collect exact manufacturer product-page, manual or datasheet evidence; leave unpublished values unknown."",""Check German purchasing channels, published business contacts, buyer restrictions, authorization evidence and service coverage."",""Find task-specific deployment evidence including configuration, operating conditions, supervision and measured outcomes.""]"
"P1","unreviewed","d351b6d8-1b22-4c96-b134-27624cd35009","leju/kuavo-4-pro","Leju Robotics","kuavo-4-pro","base","Kuavo 4 Pro","humanoid","prototype","public","2026-10-01","https://www.lejurobot.com/en","7","0","0","","[""cameras"",""dof_hands"",""dof_total"",""has_lidar"",""height_m"",""max_speed_ms"",""weight_kg""]","[]","0","0","[""missing_3d"",""missing_core_specs"",""missing_image"",""no_manufacturer_facts""]","[""public_record_needs_source_review""]","[""https://www.robothub.app/en/robots/kuavo-4-pro""]","[]","[]","false","0","[]","[""Collect exact manufacturer product-page, manual or datasheet evidence; leave unpublished values unknown."",""Check German purchasing channels, published business contacts, buyer restrictions, authorization evidence and service coverage."",""Find task-specific deployment evidence including configuration, operating conditions, supervision and measured outcomes.""]"
"P1","unreviewed","094b0041-7486-4982-a16d-8fa9a98fa3ee","leju/kuavo-5-w","Leju Robotics","kuavo-5-w","base","KUAVO 5-W","mobile_manipulator","prototype","public","2026-10-01","https://www.lejurobot.com/en","9","0","0","","[""cameras"",""compute_module"",""dof_hands"",""dof_total"",""has_lidar"",""height_m"",""payload_kg:sustained"",""runtime_h:unstated"",""weight_kg""]","[]","0","0","[""missing_3d"",""missing_core_specs"",""missing_image"",""no_manufacturer_facts""]","[""public_record_needs_source_review""]","[""https://www.robothub.app/en/robots/kuavo-5-w""]","[]","[]","false","0","[]","[""Collect exact manufacturer product-page, manual or datasheet evidence; leave unpublished values unknown."",""Check German purchasing channels, published business contacts, buyer restrictions, authorization evidence and service coverage."",""Find task-specific deployment evidence including configuration, operating conditions, supervision and measured outcomes.""]"
"P1","unreviewed","fe02d45c-7635-4266-89d2-ce29a7a796d1","leju/kuavo-my","Leju Robotics","kuavo-my","base","Kuavo-my","humanoid","prototype","public","2026-10-01","https://www.lejurobot.com/en","6","0","0","","[""availability_note"",""dof_total"",""height_m"",""max_speed_ms"",""payload_kg"",""weight_kg""]","[]","0","0","[""missing_3d"",""missing_core_specs"",""no_manufacturer_facts""]","[""public_record_needs_source_review""]","[""https://humanoid.guide/product/kuavo-my/""]","[]","[]","false","0","[]","[""Collect exact manufacturer product-page, manual or datasheet evidence; leave unpublished values unknown."",""Check German purchasing channels, published business contacts, buyer restrictions, authorization evidence and service coverage."",""Find task-specific deployment evidence including configuration, operating conditions, supervision and measured outcomes.""]"
"P1","unreviewed","2f1f5909-62b0-4bdd-8fc0-be2e561c859c","leju/roban-2-d","Leju Robotics","roban-2-d","base","ROBAN 2 D","humanoid","prototype","public","2026-10-01","https://www.lejurobot.com/en","6","0","0","","[""cameras"",""compute_module"",""dof_total"",""has_lidar"",""height_m"",""weight_kg""]","[]","0","0","[""missing_3d"",""missing_core_specs"",""missing_image"",""no_manufacturer_facts""]","[""public_record_needs_source_review""]","[""https://www.robothub.app/en/robots/roban-2-d""]","[]","[]","false","0","[]","[""Collect exact manufacturer product-page, manual or datasheet evidence; leave unpublished values unknown."",""Check German purchasing channels, published business contacts, buyer restrictions, authorization evidence and service coverage."",""Find task-specific deployment evidence including configuration, operating conditions, supervision and measured outcomes.""]"
"P1","unreviewed","6cc8e0a3-9525-431e-a56b-eb2a15d86f57","leju/roban2","Leju Robotics","roban2","base","Roban2","humanoid","prototype","public","2026-10-01","https://www.lejurobot.com/en","15","0","0","","[""availability_note"",""collaborative"",""compute_module"",""connectivity"",""dof_hands"",""dof_total"",""finger_count"",""height_m"",""ip_rating"",""max_speed_ms"",""payload_kg"",""runtime_h:unstated"",""structural_material"",""walk_speed_ms"",""weight_kg""]","[]","0","0","[""missing_3d"",""no_manufacturer_facts""]","[""public_record_needs_source_review""]","[""https://humanoid.guide/product/roban-2/""]","[]","[]","false","0","[]","[""Collect exact manufacturer product-page, manual or datasheet evidence; leave unpublished values unknown."",""Check German purchasing channels, published business contacts, buyer restrictions, authorization evidence and service coverage."",""Find task-specific deployment evidence including configuration, operating conditions, supervision and measured outcomes.""]"
"P1","unreviewed","e0586944-4696-4e19-9496-44fffc221811","leju/xtron-kuavo-my","Leju Robotics","xtron-kuavo-my","base","XTRON KUAVO-MY","humanoid","prototype","public","2026-10-01","https://www.lejurobot.com/en","6","0","0","","[""availability_note"",""dof_total"",""height_m"",""max_speed_ms"",""payload_kg"",""weight_kg""]","[]","0","0","[""missing_3d"",""missing_core_specs"",""missing_image"",""no_manufacturer_facts""]","[""public_record_needs_source_review""]","[""https://humanoid.guide/product/xtron-kuavo-my/""]","[]","[]","false","0","[]","[""Collect exact manufacturer product-page, manual or datasheet evidence; leave unpublished values unknown."",""Check German purchasing channels, published business contacts, buyer restrictions, authorization evidence and service coverage."",""Find task-specific deployment evidence including configuration, operating conditions, supervision and measured outcomes.""]"
"P1","unreviewed","de1484e9-e33d-4935-bb45-515a107d5893","lg-electronics/kapex","LG Electronics","kapex","base","KAPEX","humanoid","prototype","public","2026-10-01","https://www.lg.com/global/newsroom/news/home-appliance-solution/lg-electronics-presents-lg-cloid-home-robot-to-demonstrate-zero-labor-home-at-ces-2026/","14","0","0","","[""availability_note"",""collaborative"",""compute_module"",""connectivity"",""dof_hands"",""finger_count"",""height_m"",""ip_rating"",""max_speed_ms"",""payload_kg"",""runtime_h:unstated"",""structural_material"",""walk_speed_ms"",""weight_kg""]","[]","0","0","[""missing_3d"",""missing_core_specs"",""missing_image"",""no_manufacturer_facts""]","[""public_record_needs_source_review""]","[""https://humanoid.guide/product/kapex/""]","[]","[]","false","0","[]","[""Collect exact manufacturer product-page, manual or datasheet evidence; leave unpublished values unknown."",""Check German purchasing channels, published business contacts, buyer restrictions, authorization evidence and service coverage."",""Find task-specific deployment evidence including configuration, operating conditions, supervision and measured outcomes.""]"
"P1","unreviewed","c77738cf-17bb-4b15-8946-72baaf01a7d7","li-gong/leadin-d1","Li-Gong","leadin-d1","base","LeadIn D1","humanoid","concept","public","2026-10-01","https://www.li-gong.com/F1","7","0","0","","[""dof_hands"",""dof_total"",""height_m"",""max_speed_ms"",""payload_kg:rated_dual"",""runtime_h:unstated"",""weight_kg""]","[]","0","0","[""missing_3d"",""missing_core_specs"",""missing_image"",""no_manufacturer_facts""]","[""public_record_needs_source_review""]","[""https://www.robothub.app/en/robots/leadin-d1""]","[]","[]","false","0","[]","[""Collect exact manufacturer product-page, manual or datasheet evidence; leave unpublished values unknown."",""Check German purchasing channels, published business contacts, buyer restrictions, authorization evidence and service coverage."",""Find task-specific deployment evidence including configuration, operating conditions, supervision and measured outcomes.""]"
"P1","unreviewed","7d4733ec-7e1f-4675-b72c-fc3af9354fd2","li-gong/leadin-f1","Li-Gong","leadin-f1","base","LeadIn  F1","mobile_manipulator","unknown","public","2026-10-01","https://www.li-gong.com/F1","7","0","0","","[""dof_hands"",""dof_total"",""height_m"",""max_speed_ms"",""payload_kg:sustained"",""runtime_h:unstated"",""weight_kg""]","[]","0","0","[""missing_3d"",""missing_core_specs"",""missing_image"",""no_manufacturer_facts""]","[""public_record_needs_source_review""]","[""https://www.robothub.app/en/robots/leadin-f1""]","[]","[]","false","0","[]","[""Collect exact manufacturer product-page, manual or datasheet evidence; leave unpublished values unknown."",""Check German purchasing channels, published business contacts, buyer restrictions, authorization evidence and service coverage."",""Find task-specific deployment evidence including configuration, operating conditions, supervision and measured outcomes.""]"
"P1","unreviewed","c67d886e-4b5e-440c-80a7-f9f852f2017e","lightberry/lumi","Lightberry","lumi","base","Lumi","humanoid","unknown","public","2026-10-01","https://lightberry.com/lumi","3","0","0","","[""dof_total"",""height_m"",""weight_kg""]","[]","0","0","[""missing_3d"",""missing_core_specs"",""no_manufacturer_facts"",""reported_availability""]","[""public_record_needs_source_review""]","[""https://robotpriceindex.com/robots/lightberry-lumi""]","[]","[]","false","0","[]","[""Collect exact manufacturer product-page, manual or datasheet evidence; leave unpublished values unknown."",""Check German purchasing channels, published business contacts, buyer restrictions, authorization evidence and service coverage."",""Find task-specific deployment evidence including configuration, operating conditions, supervision and measured outcomes.""]"
"P1","unreviewed","30c302b5-93df-4dfc-ac52-fd19977e7967","limx-dynamics/cl","LimX Dynamics","cl","base","LimX CL","humanoid","prototype","public","2026-10-01","https://www.limxdynamics.com/","9","0","0","","[""availability_note"",""dof_hands"",""dof_total"",""finger_count"",""height_m"",""max_speed_ms"",""payload_kg"",""runtime_h:unstated"",""weight_kg""]","[]","0","0","[""missing_3d"",""missing_core_specs"",""missing_image"",""no_manufacturer_facts""]","[""public_record_needs_source_review""]","[""https://humanoid.guide/product/limx-cl-series/""]","[]","[]","false","0","[]","[""Collect exact manufacturer product-page, manual or datasheet evidence; leave unpublished values unknown."",""Check German purchasing channels, published business contacts, buyer restrictions, authorization evidence and service coverage."",""Find task-specific deployment evidence including configuration, operating conditions, supervision and measured outcomes.""]"
"P1","unreviewed","b2408689-0b45-4b99-9738-a84c07b5926e","limx-dynamics/cl-1","LimX Dynamics","cl-1","base","CL-1","humanoid","unknown","public","2026-10-01","https://www.limxdynamics.com/","3","0","0","","[""availability_note"",""height_m"",""weight_kg""]","[]","0","0","[""missing_3d"",""missing_core_specs"",""no_manufacturer_facts""]","[""public_record_needs_source_review""]","[""https://www.humanoidhub.ai/robots/cl-1-humanoid-robot""]","[]","[]","false","0","[]","[""Collect exact manufacturer product-page, manual or datasheet evidence; leave unpublished values unknown."",""Check German purchasing channels, published business contacts, buyer restrictions, authorization evidence and service coverage."",""Find task-specific deployment evidence including configuration, operating conditions, supervision and measured outcomes.""]"
"P1","unreviewed","5fa47479-f181-4922-900f-7bff6d8a2664","limx-dynamics/limx","LimX Dynamics","limx","base","LimX","humanoid","prototype","public","2026-10-01","https://www.limxdynamics.com/","8","0","0","","[""availability_note"",""dof_total"",""height_m"",""max_speed_ms"",""payload_kg"",""runtime_h:unstated"",""walk_speed_ms"",""weight_kg""]","[]","0","0","[""missing_3d"",""missing_core_specs"",""missing_image"",""no_manufacturer_facts""]","[""public_record_needs_source_review""]","[""https://humanoid.guide/product/limx/""]","[]","[]","false","0","[]","[""Collect exact manufacturer product-page, manual or datasheet evidence; leave unpublished values unknown."",""Check German purchasing channels, published business contacts, buyer restrictions, authorization evidence and service coverage."",""Find task-specific deployment evidence including configuration, operating conditions, supervision and measured outcomes.""]"
"P1","unreviewed","568e9459-39be-419c-9e18-f6ce71ef848e","limx-dynamics/oli-cl-3","LimX Dynamics","oli-cl-3","base","LimX Oli (CL-3)","humanoid","unknown","public","2026-10-01","https://www.limxdynamics.com/","3","0","0","","[""dof_total"",""height_m"",""weight_kg""]","[]","0","0","[""missing_3d"",""missing_core_specs"",""missing_image"",""no_manufacturer_facts"",""reported_availability""]","[""public_record_needs_source_review""]","[""https://robotpriceindex.com/robots/limx-oli""]","[]","[]","false","1","[]","[""Collect exact manufacturer product-page, manual or datasheet evidence; leave unpublished values unknown."",""Check German purchasing channels, published business contacts, buyer restrictions, authorization evidence and service coverage."",""Find task-specific deployment evidence including configuration, operating conditions, supervision and measured outcomes.""]"
"P1","unreviewed","ec8b68c5-2360-469d-986b-a8265daa7292","lingyi-itech/linglong","LINGYI iTECH","linglong","base","Linglong","mobile_manipulator","concept","public","2026-10-01","https://en.lingyiitech.com/","0","0","0","","[]","[]","0","0","[""missing_3d"",""missing_core_specs"",""missing_image"",""no_facts"",""no_manufacturer_facts""]","[""public_record_needs_source_review""]","[]","[]","[]","false","0","[]","[""Collect exact manufacturer product-page, manual or datasheet evidence; leave unpublished values unknown."",""Check German purchasing channels, published business contacts, buyer restrictions, authorization evidence and service coverage."",""Find task-specific deployment evidence including configuration, operating conditions, supervision and measured outcomes.""]"
"P1","unreviewed","f2b10627-0fde-40a1-b164-ff5798306833","lingyi-itech/lingyue","LINGYI iTECH","lingyue","base","Lingyue","mobile_manipulator","concept","public","2026-10-01","https://en.lingyiitech.com/","0","0","0","","[]","[]","0","0","[""missing_3d"",""missing_core_specs"",""missing_image"",""no_facts"",""no_manufacturer_facts""]","[""public_record_needs_source_review""]","[]","[]","[]","false","0","[]","[""Collect exact manufacturer product-page, manual or datasheet evidence; leave unpublished values unknown."",""Check German purchasing channels, published business contacts, buyer restrictions, authorization evidence and service coverage."",""Find task-specific deployment evidence including configuration, operating conditions, supervision and measured outcomes.""]"
"P1","unreviewed","c73846ed-6a24-4808-ab45-8adafa4f8286","lingyi-itech/rockstone","LINGYI iTECH","rockstone","base","Rockstone","mobile_manipulator","concept","public","2026-10-01","https://en.lingyiitech.com/","0","0","0","","[]","[]","0","0","[""missing_3d"",""missing_core_specs"",""missing_image"",""no_facts"",""no_manufacturer_facts""]","[""public_record_needs_source_review""]","[]","[]","[]","false","0","[]","[""Collect exact manufacturer product-page, manual or datasheet evidence; leave unpublished values unknown."",""Check German purchasing channels, published business contacts, buyer restrictions, authorization evidence and service coverage."",""Find task-specific deployment evidence including configuration, operating conditions, supervision and measured outcomes.""]"
"P1","unreviewed","02ab24ac-578f-4631-9065-dbb0b677df1b","lingyi-itech/walker","LINGYI iTECH","walker","base","Walker","humanoid","concept","public","2026-10-01","https://en.lingyiitech.com/","0","0","0","","[]","[]","0","0","[""missing_3d"",""missing_core_specs"",""missing_image"",""no_facts"",""no_manufacturer_facts""]","[""public_record_needs_source_review""]","[]","[]","[]","false","0","[]","[""Collect exact manufacturer product-page, manual or datasheet evidence; leave unpublished values unknown."",""Check German purchasing channels, published business contacts, buyer restrictions, authorization evidence and service coverage."",""Find task-specific deployment evidence including configuration, operating conditions, supervision and measured outcomes.""]"
"P1","unreviewed","39ea05b9-220c-47e6-b9ea-9b7853deb1a9","lumos/mos-2","Lumos Robotics","mos-2","base","MOS 2","mobile_manipulator","prototype","public","2026-10-01","https://www.lumosbot.tech/","9","0","0","","[""cameras"",""compute_module"",""dof_total"",""has_lidar"",""height_m"",""max_speed_ms"",""payload_kg:sustained"",""runtime_h:unstated"",""weight_kg""]","[]","0","0","[""missing_3d"",""missing_core_specs"",""no_manufacturer_facts""]","[""public_record_needs_source_review""]","[""https://www.robothub.app/en/robots/lumos-mos2""]","[]","[]","false","0","[]","[""Collect exact manufacturer product-page, manual or datasheet evidence; leave unpublished values unknown."",""Check German purchasing channels, published business contacts, buyer restrictions, authorization evidence and service coverage."",""Find task-specific deployment evidence including configuration, operating conditions, supervision and measured outcomes.""]"
"P1","unreviewed","58095ab2-53eb-47d1-8bb9-99d552b23c1e","lumos/nix","Lumos Robotics","nix","base","NIX","humanoid","prototype","public","2026-10-01","https://www.lumosbot.tech/","10","0","0","","[""availability_note"",""collaborative"",""connectivity"",""height_m"",""max_speed_ms"",""payload_kg"",""runtime_h:unstated"",""structural_material"",""walk_speed_ms"",""weight_kg""]","[]","0","0","[""missing_3d"",""missing_core_specs"",""no_manufacturer_facts""]","[""public_record_needs_source_review""]","[""https://humanoid.guide/product/nix/""]","[]","[]","false","0","[]","[""Collect exact manufacturer product-page, manual or datasheet evidence; leave unpublished values unknown."",""Check German purchasing channels, published business contacts, buyer restrictions, authorization evidence and service coverage."",""Find task-specific deployment evidence including configuration, operating conditions, supervision and measured outcomes.""]"
"P1","unreviewed","e77ab2bf-ea81-4932-9fba-3a5cd6e962db","lumos/nix-s3","Lumos Robotics","nix-s3","base","NIX S3","humanoid","prototype","public","2026-10-01","https://www.lumosbot.tech/","7","0","0","","[""cameras"",""compute_module"",""dof_total"",""has_lidar"",""height_m"",""runtime_h:unstated"",""weight_kg""]","[]","0","0","[""missing_3d"",""missing_core_specs"",""no_manufacturer_facts""]","[""public_record_needs_source_review""]","[""https://www.robothub.app/en/robots/lumos-nix-s3""]","[]","[]","false","0","[]","[""Collect exact manufacturer product-page, manual or datasheet evidence; leave unpublished values unknown."",""Check German purchasing channels, published business contacts, buyer restrictions, authorization evidence and service coverage."",""Find task-specific deployment evidence including configuration, operating conditions, supervision and measured outcomes.""]"
"P1","unreviewed","0e6be81b-001d-47b7-861b-da0930320600","magiclab/magicbot","MagicLab","magicbot","base","MagicBot","humanoid","prototype","public","2026-10-01","https://www.magiclab.top/","6","0","0","","[""availability_note"",""dof_total"",""height_m"",""max_speed_ms"",""payload_kg"",""weight_kg""]","[]","0","0","[""missing_3d"",""missing_core_specs"",""missing_image"",""no_manufacturer_facts""]","[""public_record_needs_source_review""]","[""https://humanoid.guide/product/magicbot/""]","[]","[]","false","0","[]","[""Collect exact manufacturer product-page, manual or datasheet evidence; leave unpublished values unknown."",""Check German purchasing channels, published business contacts, buyer restrictions, authorization evidence and service coverage."",""Find task-specific deployment evidence including configuration, operating conditions, supervision and measured outcomes.""]"
"P1","unreviewed","996215e5-466d-4504-91ce-4dbb5eeb45ae","magiclab/magicbot-gen1","MagicLab","magicbot-gen1","base","MagicBot Gen1","humanoid","shipping","public","2026-10-01","https://www.magiclab.top/","7","0","0","","[""compute_module"",""dof_total"",""height_m"",""max_speed_ms"",""payload_kg:rated_dual"",""runtime_h:unstated"",""weight_kg""]","[]","0","0","[""missing_3d"",""missing_core_specs"",""no_manufacturer_facts""]","[""public_record_needs_source_review""]","[""https://www.magiclab.top/en/human"",""https://www.robothub.app/en/robots/magicbot-g1""]","[]","[""GLOBAL""]","false","0","[{""region"":""GLOBAL"",""status"":""for_sale"",""sourceTier"":1,""sourceKind"":""manufacturer"",""sourceUrl"":""https://www.magiclab.top/en/human"",""observedAt"":""2026-09-13T21:25:39.221Z"",""recordedInStock"":null,""recordedLeadTimeText"":""Available through MagicLab purchase consultation. Request a quotation and confirm configuration, lead time and delivery to Germany with the manufacturer; no stock or German delivery promise is published here.""}]","[""Collect exact manufacturer product-page, manual or datasheet evidence; leave unpublished values unknown."",""Check German purchasing channels, published business contacts, buyer restrictions, authorization evidence and service coverage."",""Find task-specific deployment evidence including configuration, operating conditions, supervision and measured outcomes.""]"
"P1","unreviewed","eafcab5b-7996-4223-bfb6-917a8fa033b4","magiclab/magicbot-x1","MagicLab","magicbot-x1","base","MagicBot X1","humanoid","shipping","public","2026-10-01","https://www.magiclab.top/","13","0","0","","[""availability_note"",""collaborative"",""compute_module"",""connectivity"",""dof_hands"",""dof_total"",""finger_count"",""height_m"",""max_speed_ms"",""payload_kg"",""runtime_h:unstated"",""structural_material"",""weight_kg""]","[]","0","0","[""missing_3d"",""missing_core_specs"",""no_manufacturer_facts""]","[""public_record_needs_source_review""]","[""https://humanoid.guide/product/magicbot-x1/"",""https://www.magiclab.top/en/x1""]","[]","[""GLOBAL""]","false","0","[{""region"":""GLOBAL"",""status"":""for_sale"",""sourceTier"":1,""sourceKind"":""manufacturer"",""sourceUrl"":""https://www.magiclab.top/en/x1"",""observedAt"":""2026-09-13T21:25:37.470Z"",""recordedInStock"":null,""recordedLeadTimeText"":""Available through MagicLab purchase consultation. Request a quotation and confirm configuration, lead time and delivery to Germany with the manufacturer; no stock or German delivery promise is published here.""}]","[""Collect exact manufacturer product-page, manual or datasheet evidence; leave unpublished values unknown."",""Check German purchasing channels, published business contacts, buyer restrictions, authorization evidence and service coverage."",""Find task-specific deployment evidence including configuration, operating conditions, supervision and measured outcomes.""]"
"P1","unreviewed","c58d2a2d-505b-40cc-a999-2f4271e3d8e3","matrix/1","Matrix Robotics","1","base","Matrix-1","humanoid","prototype","public","2026-10-01","https://matrixrobotics.ai/","7","0","0","","[""availability_note"",""dof_total"",""height_m"",""max_speed_ms"",""payload_kg"",""runtime_h:unstated"",""weight_kg""]","[]","0","0","[""missing_3d"",""missing_core_specs"",""no_manufacturer_facts""]","[""public_record_needs_source_review""]","[""https://humanoid.guide/product/matrix-1/""]","[]","[]","false","0","[]","[""Collect exact manufacturer product-page, manual or datasheet evidence; leave unpublished values unknown."",""Check German purchasing channels, published business contacts, buyer restrictions, authorization evidence and service coverage."",""Find task-specific deployment evidence including configuration, operating conditions, supervision and measured outcomes.""]"
"P1","unreviewed","69fd5bfe-42a8-443b-bebd-f4eb3ebb51c3","matrix/3","Matrix Robotics","3","base","MATRIX-3","humanoid","prototype","public","2026-10-01","https://matrixrobotics.ai/","7","0","0","","[""availability_note"",""collaborative"",""dof_total"",""finger_count"",""height_m"",""max_speed_ms"",""payload_kg""]","[]","0","0","[""missing_3d"",""missing_core_specs"",""no_manufacturer_facts""]","[""public_record_needs_source_review""]","[""https://humanoid.guide/product/matrix-3/""]","[]","[]","false","0","[]","[""Collect exact manufacturer product-page, manual or datasheet evidence; leave unpublished values unknown."",""Check German purchasing channels, published business contacts, buyer restrictions, authorization evidence and service coverage."",""Find task-specific deployment evidence including configuration, operating conditions, supervision and measured outcomes.""]"
"P1","unreviewed","4a2cc8fd-f87d-4c36-a42c-9c3a9eb8f5ee","maxtronics/nao6","Maxtronics","nao6","base","NAO6","humanoid","unknown","public","2026-10-01","https://maxtronics.com/en/","0","0","0","","[]","[]","0","0","[""missing_3d"",""missing_core_specs"",""no_facts"",""no_manufacturer_facts""]","[""public_record_needs_source_review""]","[]","[]","[]","false","0","[]","[""Collect exact manufacturer product-page, manual or datasheet evidence; leave unpublished values unknown."",""Check German purchasing channels, published business contacts, buyer restrictions, authorization evidence and service coverage."",""Find task-specific deployment evidence including configuration, operating conditions, supervision and measured outcomes.""]"
"P1","unreviewed","ce620666-0928-4413-a8f8-4dac660ed62c","menloai/asimov","MenloAI","asimov","base","Asimov","humanoid","shipping","public","2026-10-01","https://menlo.ai/","11","0","0","","[""availability_note"",""collaborative"",""connectivity"",""dof_total"",""finger_count"",""height_m"",""max_speed_ms"",""payload_kg"",""runtime_h:unstated"",""structural_material"",""weight_kg""]","[]","0","0","[""missing_3d"",""missing_core_specs"",""no_manufacturer_facts""]","[""public_record_needs_source_review""]","[""https://humanoid.guide/product/asimov/""]","[]","[]","false","0","[]","[""Collect exact manufacturer product-page, manual or datasheet evidence; leave unpublished values unknown."",""Check German purchasing channels, published business contacts, buyer restrictions, authorization evidence and service coverage."",""Find task-specific deployment evidence including configuration, operating conditions, supervision and measured outcomes.""]"
"P1","unreviewed","005b3f62-8b04-4f25-91b2-deb39ce12583","menloai/asimov-1","MenloAI","asimov-1","base","Asimov 1","humanoid","shipping","public","2026-10-01","https://menlo.ai/","10","0","0","","[""availability_note"",""collaborative"",""compute_module"",""connectivity"",""dof_total"",""height_m"",""max_speed_ms"",""payload_kg"",""runtime_h:unstated"",""weight_kg""]","[]","0","0","[""missing_3d"",""missing_core_specs"",""no_manufacturer_facts""]","[""public_record_needs_source_review""]","[""https://humanoid.guide/product/asimov-one/""]","[]","[]","false","0","[]","[""Collect exact manufacturer product-page, manual or datasheet evidence; leave unpublished values unknown."",""Check German purchasing channels, published business contacts, buyer restrictions, authorization evidence and service coverage."",""Find task-specific deployment evidence including configuration, operating conditions, supervision and measured outcomes.""]"
"P1","unreviewed","9c1078b5-6618-43d7-afd7-657dd8ca6ac8","menloai/asimov-2","MenloAI","asimov-2","base","Asimov 2","humanoid","prototype","public","2026-10-01","https://menlo.ai/","10","0","0","","[""availability_note"",""collaborative"",""compute_module"",""connectivity"",""dof_total"",""height_m"",""max_speed_ms"",""payload_kg"",""runtime_h:unstated"",""weight_kg""]","[]","0","0","[""missing_3d"",""missing_core_specs"",""no_manufacturer_facts""]","[""public_record_needs_source_review""]","[""https://humanoid.guide/product/asimov-two/""]","[]","[]","false","0","[]","[""Collect exact manufacturer product-page, manual or datasheet evidence; leave unpublished values unknown."",""Check German purchasing channels, published business contacts, buyer restrictions, authorization evidence and service coverage."",""Find task-specific deployment evidence including configuration, operating conditions, supervision and measured outcomes.""]"
"P1","unreviewed","8bdfce2f-e9c8-4979-9f86-b38c010022c6","mentee/menteebot-v3","Mentee Robotics","menteebot-v3","base","MenteeBot V3","humanoid","prototype","public","2026-10-01","https://www.menteebot.com/","7","0","0","","[""availability_note"",""dof_total"",""height_m"",""max_speed_ms"",""payload_kg"",""runtime_h:unstated"",""weight_kg""]","[]","0","0","[""missing_3d"",""missing_core_specs"",""missing_image"",""no_manufacturer_facts""]","[""public_record_needs_source_review""]","[""https://humanoid.guide/product/menteebot-v3/""]","[]","[]","false","0","[]","[""Collect exact manufacturer product-page, manual or datasheet evidence; leave unpublished values unknown."",""Check German purchasing channels, published business contacts, buyer restrictions, authorization evidence and service coverage."",""Find task-specific deployment evidence including configuration, operating conditions, supervision and measured outcomes.""]"
"P1","unreviewed","985859d4-5cfc-485a-86cc-6ad6da5de204","mentee/menteebot-v3-0","Mentee Robotics","menteebot-v3-0","base","MenteeBot V3.0","humanoid","unknown","public","2026-10-01","https://www.menteebot.com/","3","0","0","","[""dof_total"",""height_m"",""weight_kg""]","[]","0","0","[""missing_3d"",""missing_core_specs"",""missing_image"",""no_manufacturer_facts"",""reported_availability""]","[""public_record_needs_source_review""]","[""https://robotpriceindex.com/robots/mentee-menteebot-v3""]","[]","[]","false","0","[]","[""Collect exact manufacturer product-page, manual or datasheet evidence; leave unpublished values unknown."",""Check German purchasing channels, published business contacts, buyer restrictions, authorization evidence and service coverage."",""Find task-specific deployment evidence including configuration, operating conditions, supervision and measured outcomes.""]"
"P1","unreviewed","f5514d93-91e7-4c2a-a8f2-a52545f25af6","midea/miro","Midea","miro","base","MIRO","humanoid","prototype","public","2026-10-01","https://www.midea.com.cn/zh/about-midea/news/news12","3","0","0","","[""availability_note"",""max_speed_ms"",""payload_kg""]","[]","0","0","[""missing_3d"",""missing_core_specs"",""missing_image"",""no_manufacturer_facts""]","[""public_record_needs_source_review""]","[""https://humanoid.guide/product/miro/""]","[]","[]","false","0","[]","[""Collect exact manufacturer product-page, manual or datasheet evidence; leave unpublished values unknown."",""Check German purchasing channels, published business contacts, buyer restrictions, authorization evidence and service coverage."",""Find task-specific deployment evidence including configuration, operating conditions, supervision and measured outcomes.""]"
"P1","unreviewed","7236955c-0335-444a-8c62-982608d962f1","midea/miro-u","Midea","miro-u","base","MIRO U","mobile_manipulator","concept","public","2026-10-01","https://www.midea.com.cn/zh/about-midea/news/news12","0","0","0","","[]","[]","0","0","[""missing_3d"",""missing_core_specs"",""missing_image"",""no_facts"",""no_manufacturer_facts""]","[""public_record_needs_source_review""]","[]","[]","[]","false","0","[]","[""Collect exact manufacturer product-page, manual or datasheet evidence; leave unpublished values unknown."",""Check German purchasing channels, published business contacts, buyer restrictions, authorization evidence and service coverage."",""Find task-specific deployment evidence including configuration, operating conditions, supervision and measured outcomes.""]"
"P1","unreviewed","b47333e7-feb3-44b9-a5bc-869e54337f84","mirrorme/bolt","MirrorMe Technology","bolt","base","Bolt","humanoid","unknown","public","2026-10-01","https://www.mirrormetech.com/en/","3","0","0","","[""height_m"",""max_speed_ms"",""weight_kg""]","[]","0","0","[""missing_3d"",""missing_core_specs"",""no_manufacturer_facts""]","[""public_record_needs_source_review""]","[""https://www.robothub.app/en/robots/mirrorme-bolt""]","[]","[]","false","0","[]","[""Collect exact manufacturer product-page, manual or datasheet evidence; leave unpublished values unknown."",""Check German purchasing channels, published business contacts, buyer restrictions, authorization evidence and service coverage."",""Find task-specific deployment evidence including configuration, operating conditions, supervision and measured outcomes.""]"
"P1","unreviewed","e889f243-3154-4dd1-927d-4614ea01857b","mirsee/mh3","Mirsee Robotics","mh3","base","MH3","humanoid","shipping","public","2026-10-01","https://www.mirsee.com/","14","0","0","","[""availability_note"",""collaborative"",""compute_module"",""connectivity"",""dof_hands"",""dof_total"",""finger_count"",""height_m"",""ip_rating"",""max_speed_ms"",""payload_kg"",""runtime_h:unstated"",""structural_material"",""weight_kg""]","[]","0","0","[""missing_3d"",""missing_image"",""no_manufacturer_facts""]","[""public_record_needs_source_review""]","[""https://humanoid.guide/product/mh3/""]","[]","[]","false","0","[]","[""Collect exact manufacturer product-page, manual or datasheet evidence; leave unpublished values unknown."",""Check German purchasing channels, published business contacts, buyer restrictions, authorization evidence and service coverage."",""Find task-specific deployment evidence including configuration, operating conditions, supervision and measured outcomes.""]"
"P1","unreviewed","f5b317eb-3ab1-4392-9edb-817f800b3246","muks/spaceo","Muks Robotics","spaceo","base","Spaceo","humanoid","unknown","public","2026-10-01","https://muksrobotics.com/","0","0","0","","[]","[]","0","0","[""missing_3d"",""missing_core_specs"",""no_facts"",""no_manufacturer_facts""]","[""public_record_needs_source_review""]","[]","[]","[]","false","0","[]","[""Collect exact manufacturer product-page, manual or datasheet evidence; leave unpublished values unknown."",""Check German purchasing channels, published business contacts, buyer restrictions, authorization evidence and service coverage."",""Find task-specific deployment evidence including configuration, operating conditions, supervision and measured outcomes.""]"
"P1","unreviewed","943f4101-104e-4bf5-bd53-97870fb050c8","muks/spaceo-m1","Muks Robotics","spaceo-m1","base","Spaceo M1","humanoid","shipping","public","2026-10-01","https://muksrobotics.com/","12","0","0","","[""availability_note"",""collaborative"",""compute_module"",""connectivity"",""dof_total"",""finger_count"",""height_m"",""max_speed_ms"",""payload_kg"",""runtime_h:unstated"",""structural_material"",""weight_kg""]","[]","0","0","[""missing_3d"",""missing_core_specs"",""no_manufacturer_facts""]","[""public_record_needs_source_review""]","[""https://humanoid.guide/product/spaceo-m1/""]","[]","[]","false","0","[]","[""Collect exact manufacturer product-page, manual or datasheet evidence; leave unpublished values unknown."",""Check German purchasing channels, published business contacts, buyer restrictions, authorization evidence and service coverage."",""Find task-specific deployment evidence including configuration, operating conditions, supervision and measured outcomes.""]"
"P1","unreviewed","bb83fde2-2aaf-4574-a0af-9ef446f19b49","muks/spaceo-pro","Muks Robotics","spaceo-pro","base","Spaceo Pro","humanoid","shipping","public","2026-10-01","https://muksrobotics.com/","12","0","0","","[""availability_note"",""collaborative"",""compute_module"",""connectivity"",""dof_hands"",""dof_total"",""finger_count"",""height_m"",""max_speed_ms"",""payload_kg"",""runtime_h:unstated"",""weight_kg""]","[]","0","0","[""missing_3d"",""missing_core_specs"",""missing_image"",""no_manufacturer_facts""]","[""public_record_needs_source_review""]","[""https://humanoid.guide/product/spaceo-pro/""]","[]","[]","false","0","[]","[""Collect exact manufacturer product-page, manual or datasheet evidence; leave unpublished values unknown."",""Check German purchasing channels, published business contacts, buyer restrictions, authorization evidence and service coverage."",""Find task-specific deployment evidence including configuration, operating conditions, supervision and measured outcomes.""]"
"P1","unreviewed","bc4b044f-6056-4441-b348-ce6d8e707289","neodradynamics/neo1","NeodraDynamics","neo1","base","Neo1","humanoid","unknown","public","2026-10-01","http://www.neodradynamics.com/","1","0","0","","[""compute_module""]","[]","0","0","[""missing_3d"",""missing_core_specs"",""missing_image"",""no_manufacturer_facts""]","[""public_record_needs_source_review""]","[""https://www.robothub.app/en/robots/neo1""]","[]","[]","false","0","[]","[""Collect exact manufacturer product-page, manual or datasheet evidence; leave unpublished values unknown."",""Check German purchasing channels, published business contacts, buyer restrictions, authorization evidence and service coverage."",""Find task-specific deployment evidence including configuration, operating conditions, supervision and measured outcomes.""]"
"P1","unreviewed","266152e3-7b64-4ef1-805d-1691a9a81e82","neura/4ne-1-gen-3-5","NEURA Robotics","4ne-1-gen-3-5","base","4NE-1 (Gen 3.5)","humanoid","unknown","public","2026-10-01","https://neura-robotics.com/","3","0","0","","[""dof_total"",""height_m"",""weight_kg""]","[]","0","0","[""missing_3d"",""missing_core_specs"",""no_manufacturer_facts"",""reported_availability""]","[""public_record_needs_source_review""]","[""https://robotpriceindex.com/robots/neura-4ne-1""]","[]","[]","false","0","[]","[""Collect exact manufacturer product-page, manual or datasheet evidence; leave unpublished values unknown."",""Check German purchasing channels, published business contacts, buyer restrictions, authorization evidence and service coverage."",""Find task-specific deployment evidence including configuration, operating conditions, supervision and measured outcomes.""]"
"P1","unreviewed","983842d6-127c-48f4-a9e3-88259af99e3a","neura/4ne1-mini","NEURA Robotics","4ne1-mini","base","NEURA 4NE1 Mini","humanoid","unknown","public","2026-10-01","https://neura-robotics.com/","3","0","0","","[""dof_total"",""height_m"",""weight_kg""]","[]","0","0","[""missing_3d"",""missing_core_specs"",""no_manufacturer_facts"",""reported_availability""]","[""public_record_needs_source_review""]","[""https://robotpriceindex.com/robots/neura-4ne1-mini""]","[]","[]","false","0","[]","[""Collect exact manufacturer product-page, manual or datasheet evidence; leave unpublished values unknown."",""Check German purchasing channels, published business contacts, buyer restrictions, authorization evidence and service coverage."",""Find task-specific deployment evidence including configuration, operating conditions, supervision and measured outcomes.""]"
"P1","unreviewed","bf958a34-df35-474d-af7b-2fac41452644","nineray/raynex-g3","NineRay","raynex-g3","base","RayNex G3","humanoid","shipping","public","2026-10-01","https://www.nineraygroup.com/","14","0","0","","[""availability_note"",""collaborative"",""compute_module"",""connectivity"",""dof_hands"",""dof_total"",""finger_count"",""height_m"",""max_speed_ms"",""payload_kg"",""runtime_h:unstated"",""structural_material"",""walk_speed_ms"",""weight_kg""]","[]","0","0","[""missing_3d"",""missing_core_specs"",""missing_image"",""no_manufacturer_facts""]","[""public_record_needs_source_review""]","[""https://humanoid.guide/product/raynex-g3/""]","[]","[]","false","0","[]","[""Collect exact manufacturer product-page, manual or datasheet evidence; leave unpublished values unknown."",""Check German purchasing channels, published business contacts, buyer restrictions, authorization evidence and service coverage."",""Find task-specific deployment evidence including configuration, operating conditions, supervision and measured outcomes.""]"
"P1","unreviewed","42ea2465-b16d-4935-bec0-c0e027f21025","noble-machines/moby","Noble Machines","moby","base","Moby","humanoid","prototype","public","2026-10-01","https://www.noblemachines.ai/","23","0","0","","[""availability_note"",""collaborative"",""compute_module"",""connectivity"",""dof_hands"",""dof_total"",""finger_count"",""height_m"",""ip_rating"",""max_speed_ms"",""payload_kg"",""payload_kg:rated_dual"",""runtime_h:unstated"",""structural_material"",""walk_speed_ms"",""weight_kg""]","[]","0","0","[""missing_3d"",""missing_image"",""no_manufacturer_facts""]","[""public_record_needs_source_review""]","[""https://humanoid.guide/product/moby/"",""https://www.robothub.app/en/robots/moby""]","[]","[]","false","0","[]","[""Collect exact manufacturer product-page, manual or datasheet evidence; leave unpublished values unknown."",""Check German purchasing channels, published business contacts, buyer restrictions, authorization evidence and service coverage."",""Find task-specific deployment evidence including configuration, operating conditions, supervision and measured outcomes.""]"
"P1","unreviewed","7fe5f5b4-a44c-4f03-9d34-729302914b45","noetix/bumi-edu-max","Noetix Robotics","bumi-edu-max","base","Bumi EDU Max","humanoid","unknown","public","2026-10-01","https://en.noetixrobotics.com/","5","0","0","","[""compute_module"",""dof_total"",""height_m"",""runtime_h:unstated"",""weight_kg""]","[]","0","0","[""missing_3d"",""missing_core_specs"",""missing_image"",""no_manufacturer_facts""]","[""public_record_needs_source_review""]","[""https://www.robothub.app/en/robots/bumi-edu-max""]","[]","[]","false","0","[]","[""Collect exact manufacturer product-page, manual or datasheet evidence; leave unpublished values unknown."",""Check German purchasing channels, published business contacts, buyer restrictions, authorization evidence and service coverage."",""Find task-specific deployment evidence including configuration, operating conditions, supervision and measured outcomes.""]"
"P1","unreviewed","3af2689a-f008-4186-903b-664b98ede486","noetix/e1-du","Noetix Robotics","e1-du","base","E1 DU","humanoid","prototype","public","2026-10-01","https://en.noetixrobotics.com/","8","0","0","","[""actuators"",""compute_module"",""dof_total"",""height_m"",""max_speed_ms"",""payload_kg:rated_dual"",""runtime_h:unstated"",""weight_kg""]","[]","0","0","[""missing_core_specs"",""no_manufacturer_facts""]","[""public_record_needs_source_review""]","[""https://github.com/Noetix-Robotics/noetix_e1_lab/blob/5a1d62d57d26499f10fc840df7b9f9d0331f5c72/source/NoetixE1/NoetixE1/assets/robots/e1/urdf/e1_24dof.urdf"",""https://www.robothub.app/en/robots/e1-du""]","[]","[]","false","0","[]","[""Collect exact manufacturer product-page, manual or datasheet evidence; leave unpublished values unknown."",""Check German purchasing channels, published business contacts, buyer restrictions, authorization evidence and service coverage."",""Find task-specific deployment evidence including configuration, operating conditions, supervision and measured outcomes.""]"
"P1","unreviewed","37538135-284f-4854-a608-7d7ce24bb8a8","noetix/edu-n2","Noetix Robotics","edu-n2","base","EDU N2","humanoid","prototype","public","2026-10-01","https://en.noetixrobotics.com/","7","0","0","","[""compute_module"",""dof_total"",""height_m"",""max_speed_ms"",""payload_kg:rated_dual"",""runtime_h:unstated"",""weight_kg""]","[]","0","0","[""missing_3d"",""missing_core_specs"",""missing_image"",""no_manufacturer_facts""]","[""public_record_needs_source_review""]","[""https://www.robothub.app/en/robots/edu-n2""]","[]","[]","false","0","[]","[""Collect exact manufacturer product-page, manual or datasheet evidence; leave unpublished values unknown."",""Check German purchasing channels, published business contacts, buyer restrictions, authorization evidence and service coverage."",""Find task-specific deployment evidence including configuration, operating conditions, supervision and measured outcomes.""]"
"P1","unreviewed","bef95b94-8493-4249-8c3d-3c00c1f36894","noetix/hobbs","Noetix Robotics","hobbs","base","Hobbs","humanoid","shipping","public","2026-10-01","https://en.noetixrobotics.com/","10","0","0","","[""availability_note"",""collaborative"",""compute_module"",""connectivity"",""dof_total"",""finger_count"",""height_m"",""payload_kg"",""structural_material"",""weight_kg""]","[]","0","0","[""missing_3d"",""missing_core_specs"",""missing_image"",""no_manufacturer_facts""]","[""public_record_needs_source_review""]","[""https://humanoid.guide/product/hobbs/""]","[]","[]","false","0","[]","[""Collect exact manufacturer product-page, manual or datasheet evidence; leave unpublished values unknown."",""Check German purchasing channels, published business contacts, buyer restrictions, authorization evidence and service coverage."",""Find task-specific deployment evidence including configuration, operating conditions, supervision and measured outcomes.""]"
"P1","unreviewed","f2bbace7-6f40-41c2-a2ee-8f2614aa642d","noetix/hobbs-3","Noetix Robotics","hobbs-3","base","Hobbs 3","humanoid","unknown","public","2026-10-01","https://en.noetixrobotics.com/","3","0","0","","[""dof_total"",""height_m"",""weight_kg""]","[]","0","0","[""missing_3d"",""missing_core_specs"",""missing_image"",""no_manufacturer_facts""]","[""public_record_needs_source_review""]","[""https://www.robothub.app/en/robots/noetix-xiaonuo""]","[]","[]","false","0","[]","[""Collect exact manufacturer product-page, manual or datasheet evidence; leave unpublished values unknown."",""Check German purchasing channels, published business contacts, buyer restrictions, authorization evidence and service coverage."",""Find task-specific deployment evidence including configuration, operating conditions, supervision and measured outcomes.""]"
"P1","unreviewed","55782ea6-a7df-426b-8aff-4616180e2104","noetix/n2","Noetix Robotics","n2","base","N2","humanoid","prototype","public","2026-10-01","https://en.noetixrobotics.com/","10","0","0","","[""actuators"",""availability_note"",""compute_module"",""connectivity"",""dof_total"",""height_m"",""max_speed_ms"",""payload_kg"",""runtime_h:unstated"",""weight_kg""]","[]","0","0","[""missing_core_specs"",""no_manufacturer_facts""]","[""public_record_needs_source_review""]","[""https://github.com/Noetix-Robotics/noetix_n2_gym/blob/153aad12dcc44aeafe378efe2f652873b02e0d89/resources/robots/N2/urdf/N2.urdf"",""https://humanoid.guide/product/n2/""]","[]","[]","false","0","[]","[""Collect exact manufacturer product-page, manual or datasheet evidence; leave unpublished values unknown."",""Check German purchasing channels, published business contacts, buyer restrictions, authorization evidence and service coverage."",""Find task-specific deployment evidence including configuration, operating conditions, supervision and measured outcomes.""]"
"P1","unreviewed","6a0e7a07-10dd-4863-9341-19827c7f2697","nori/a3","Nori Robotics","a3","base","Nori A3","mobile_manipulator","shipping","public","2026-10-01","https://www.norirobotics.com/","6","0","0","","[""cameras"",""compute_module"",""dof_total"",""has_lidar"",""payload_kg:sustained"",""weight_kg""]","[]","0","0","[""missing_3d"",""missing_core_specs"",""no_manufacturer_facts""]","[""public_record_needs_source_review""]","[""https://www.robothub.app/en/robots/nori-a3""]","[]","[]","false","0","[]","[""Collect exact manufacturer product-page, manual or datasheet evidence; leave unpublished values unknown."",""Check German purchasing channels, published business contacts, buyer restrictions, authorization evidence and service coverage."",""Find task-specific deployment evidence including configuration, operating conditions, supervision and measured outcomes.""]"
"P1","unreviewed","559aa20a-2fe7-4708-9483-c9e61c680c37","nori/l3","Nori Robotics","l3","base","NORI L3","humanoid","shipping","public","2026-10-01","https://www.norirobotics.com/","13","0","0","","[""availability_note"",""collaborative"",""compute_module"",""connectivity"",""dof_hands"",""dof_total"",""finger_count"",""height_m"",""max_speed_ms"",""payload_kg"",""runtime_h:unstated"",""structural_material"",""weight_kg""]","[]","0","0","[""missing_3d"",""missing_core_specs"",""missing_image"",""no_manufacturer_facts""]","[""public_record_needs_source_review""]","[""https://humanoid.guide/product/nori-l3/""]","[]","[]","false","0","[]","[""Collect exact manufacturer product-page, manual or datasheet evidence; leave unpublished values unknown."",""Check German purchasing channels, published business contacts, buyer restrictions, authorization evidence and service coverage."",""Find task-specific deployment evidence including configuration, operating conditions, supervision and measured outcomes.""]"
"P1","unreviewed","f6505852-e026-4246-8fdc-7853c179739b","o-id/modular","O-ID","modular","base","Modular","humanoid","shipping","public","2026-10-01","https://o-id.net/","11","0","0","","[""availability_note"",""collaborative"",""connectivity"",""dof_total"",""finger_count"",""height_m"",""max_speed_ms"",""payload_kg"",""runtime_h:unstated"",""structural_material"",""weight_kg""]","[]","0","0","[""missing_3d"",""missing_core_specs"",""missing_image"",""no_manufacturer_facts""]","[""public_record_needs_source_review""]","[""https://humanoid.guide/product/modular/""]","[]","[]","false","0","[]","[""Collect exact manufacturer product-page, manual or datasheet evidence; leave unpublished values unknown."",""Check German purchasing channels, published business contacts, buyer restrictions, authorization evidence and service coverage."",""Find task-specific deployment evidence including configuration, operating conditions, supervision and measured outcomes.""]"
"P1","unreviewed","ac912b7c-3e3a-4ae5-8fe8-e55877660f8c","openloong/linglong-2-0","OpenLoong","linglong-2-0","base","Linglong 2.0","humanoid","unknown","public","2026-10-01","https://www.openloong.net/","1","0","0","","[""compute_module""]","[]","0","0","[""missing_3d"",""missing_core_specs"",""missing_image"",""no_manufacturer_facts""]","[""public_record_needs_source_review""]","[""https://www.robothub.app/en/robots/linglong-20""]","[]","[]","false","0","[]","[""Collect exact manufacturer product-page, manual or datasheet evidence; leave unpublished values unknown."",""Check German purchasing channels, published business contacts, buyer restrictions, authorization evidence and service coverage."",""Find task-specific deployment evidence including configuration, operating conditions, supervision and measured outcomes.""]"
"P1","unreviewed","6bcdf9d6-3a0c-47c3-a56e-8fea9841b41e","openloong/qinglong","OpenLoong","qinglong","base","Qinglong","humanoid","unknown","public","2026-10-01","https://www.openloong.net/","4","0","0","","[""compute_module"",""dof_total"",""height_m"",""weight_kg""]","[]","0","0","[""missing_3d"",""missing_core_specs"",""missing_image"",""no_manufacturer_facts""]","[""public_record_needs_source_review""]","[""https://www.robothub.app/en/robots/qinglong-humanoid""]","[]","[]","false","0","[]","[""Collect exact manufacturer product-page, manual or datasheet evidence; leave unpublished values unknown."",""Check German purchasing channels, published business contacts, buyer restrictions, authorization evidence and service coverage."",""Find task-specific deployment evidence including configuration, operating conditions, supervision and measured outcomes.""]"
"P1","unreviewed","ba2fa980-09ea-4130-93c9-5cd41550d85a","openloong/qinglong-v3-0","OpenLoong","qinglong-v3-0","base","Qinglong V3.0","humanoid","shipping","public","2026-10-01","https://www.openloong.net/","12","0","0","","[""availability_note"",""collaborative"",""connectivity"",""dof_hands"",""dof_total"",""finger_count"",""height_m"",""max_speed_ms"",""payload_kg"",""runtime_h:unstated"",""walk_speed_ms"",""weight_kg""]","[]","0","0","[""missing_3d"",""missing_core_specs"",""missing_image"",""no_manufacturer_facts""]","[""public_record_needs_source_review""]","[""https://humanoid.guide/product/qinglong-v3-0/""]","[]","[]","false","0","[]","[""Collect exact manufacturer product-page, manual or datasheet evidence; leave unpublished values unknown."",""Check German purchasing channels, published business contacts, buyer restrictions, authorization evidence and service coverage."",""Find task-specific deployment evidence including configuration, operating conditions, supervision and measured outcomes.""]"
"P1","unreviewed","71ea355a-1ad7-4f8c-bf2f-db34f0873fe8","oversonic/robee","Oversonic Robotics","robee","base","RoBee","humanoid","shipping","public","2026-10-01","https://www.oversonicrobotics.com/","15","9","0","","[""availability_note"",""collaborative"",""compute_module"",""connectivity"",""dof_hands"",""dof_total"",""finger_count"",""height_m"",""ip_rating"",""max_speed_ms"",""payload_kg"",""runtime_h:unstated"",""structural_material"",""walk_speed_ms"",""weight_kg""]","[]","0","0","[""missing_3d"",""no_manufacturer_facts""]","[""public_record_needs_source_review""]","[""https://humanoid.guide/product/robee/"",""https://www.oversonicrobotics.com/robee-m/"",""https://www.oversonicrobotics.com/robee-r/""]","[]","[]","false","0","[]","[""Collect exact manufacturer product-page, manual or datasheet evidence; leave unpublished values unknown."",""Check German purchasing channels, published business contacts, buyer restrictions, authorization evidence and service coverage."",""Find task-specific deployment evidence including configuration, operating conditions, supervision and measured outcomes.""]"
"P1","unreviewed","2b368e47-a46d-4ce2-b12a-2f2ac9c1605b","pal/talos","PAL Robotics","talos","base","TALOS","humanoid","shipping","public","2026-10-01","https://pal-robotics.com/","6","0","5","2026-09-13T20:55:40.346Z","[""actuators"",""height_m"",""payload_kg:rated"",""runtime_h:idle"",""runtime_h:walking"",""weight_kg""]","[""height_m"",""payload_kg:rated"",""runtime_h:idle"",""runtime_h:walking"",""weight_kg""]","0","0","[""missing_core_specs""]","[""public_record_needs_source_review""]","[""https://github.com/google-deepmind/mujoco_menagerie/blob/8161bba264d7fa7c99ca301e91e7fb44737676ad/pal_talos/talos.xml"",""https://pal-robotics.com/robot/talos/""]","[""https://pal-robotics.com/robot/talos/""]","[""EU""]","false","0","[{""region"":""EU"",""status"":""enterprise_only"",""sourceTier"":1,""sourceKind"":""manufacturer"",""sourceUrl"":""https://pal-robotics.com/robot/talos/"",""observedAt"":""2026-09-13T20:55:40.346Z"",""recordedInStock"":null,""recordedLeadTimeText"":""Quote only""}]","[""Recheck recorded manufacturer facts for this exact configuration, units, qualifiers and operating conditions."",""Check German purchasing channels, published business contacts, buyer restrictions, authorization evidence and service coverage."",""Find task-specific deployment evidence including configuration, operating conditions, supervision and measured outcomes.""]"
"P1","unreviewed","b8950bfe-6bb4-4d36-9b33-dd5c1b3da42a","perceptyne/pr-34d","Perceptyne","pr-34d","base","PR-34D","humanoid","shipping","public","2026-10-01","https://www.perceptyne.com/","7","0","0","","[""availability_note"",""collaborative"",""compute_module"",""connectivity"",""dof_hands"",""dof_total"",""payload_kg""]","[]","0","0","[""missing_3d"",""missing_core_specs"",""missing_image"",""no_manufacturer_facts""]","[""public_record_needs_source_review""]","[""https://humanoid.guide/product/pr-34d/""]","[]","[]","false","0","[]","[""Collect exact manufacturer product-page, manual or datasheet evidence; leave unpublished values unknown."",""Check German purchasing channels, published business contacts, buyer restrictions, authorization evidence and service coverage."",""Find task-specific deployment evidence including configuration, operating conditions, supervision and measured outcomes.""]"
"P1","unreviewed","f6d04457-94fd-4c7d-a371-89ad63fb5db6","persona/persona-ai","Persona AI","persona-ai","base","Persona AI","humanoid","concept","public","2026-10-01","https://persona.ai/humanoid/","5","0","0","","[""dof_total"",""height_m"",""max_speed_ms"",""runtime_h:unstated"",""weight_kg""]","[]","0","0","[""missing_3d"",""missing_core_specs"",""no_manufacturer_facts""]","[""public_record_needs_source_review""]","[""https://www.robothub.app/en/robots/persona-ai""]","[]","[]","false","0","[]","[""Collect exact manufacturer product-page, manual or datasheet evidence; leave unpublished values unknown."",""Check German purchasing channels, published business contacts, buyer restrictions, authorization evidence and service coverage."",""Find task-specific deployment evidence including configuration, operating conditions, supervision and measured outcomes.""]"
"P1","unreviewed","d5327a5e-62f0-48af-b579-90d899194d84","phybot/c1","PHYBOT","c1","base","PHYBOT C1","humanoid","prototype","public","2026-10-01","https://www.phybot.tech/","14","0","0","","[""availability_note"",""collaborative"",""connectivity"",""dof_hands"",""dof_total"",""finger_count"",""height_m"",""ip_rating"",""max_speed_ms"",""payload_kg"",""runtime_h:unstated"",""structural_material"",""walk_speed_ms"",""weight_kg""]","[]","0","0","[""missing_3d"",""missing_image"",""no_manufacturer_facts""]","[""public_record_needs_source_review""]","[""https://humanoid.guide/product/phybot-c1/""]","[]","[]","false","0","[]","[""Collect exact manufacturer product-page, manual or datasheet evidence; leave unpublished values unknown."",""Check German purchasing channels, published business contacts, buyer restrictions, authorization evidence and service coverage."",""Find task-specific deployment evidence including configuration, operating conditions, supervision and measured outcomes.""]"
"P1","unreviewed","9bc57390-8a8a-4893-96c1-1ea6acb1cc31","phybot/m1","PHYBOT","m1","base","PHYBOT M1","humanoid","shipping","public","2026-10-01","https://www.phybot.tech/","14","0","0","","[""availability_note"",""collaborative"",""compute_module"",""connectivity"",""dof_hands"",""dof_total"",""finger_count"",""height_m"",""ip_rating"",""max_speed_ms"",""payload_kg"",""structural_material"",""walk_speed_ms"",""weight_kg""]","[]","0","0","[""missing_3d"",""missing_core_specs"",""missing_image"",""no_manufacturer_facts""]","[""public_record_needs_source_review""]","[""https://humanoid.guide/product/phybot-m1/""]","[]","[]","false","0","[]","[""Collect exact manufacturer product-page, manual or datasheet evidence; leave unpublished values unknown."",""Check German purchasing channels, published business contacts, buyer restrictions, authorization evidence and service coverage."",""Find task-specific deployment evidence including configuration, operating conditions, supervision and measured outcomes.""]"
"P1","unreviewed","6427b38a-5373-4719-9784-9f8714604a01","physical/robot-pi","Physical Robotics","robot-pi","base","Robot Pi (π)","humanoid","unknown","public","2026-10-01","https://www.physicalrobotics.com/","0","0","0","","[]","[]","0","0","[""missing_3d"",""missing_core_specs"",""no_facts"",""no_manufacturer_facts""]","[""public_record_needs_source_review""]","[]","[]","[]","false","0","[]","[""Collect exact manufacturer product-page, manual or datasheet evidence; leave unpublished values unknown."",""Check German purchasing channels, published business contacts, buyer restrictions, authorization evidence and service coverage."",""Find task-specific deployment evidence including configuration, operating conditions, supervision and measured outcomes.""]"
"P1","unreviewed","99a73a23-6208-41bf-8af9-c4f267ffc742","pl-universe/prowhite-robot-2-0","PL-Universe","prowhite-robot-2-0","base","PL-Universe ProWhite Robot 2.0","humanoid","unknown","public","2026-10-01","https://en.pl-universe.com/","7","0","0","","[""cameras"",""has_lidar"",""height_m"",""max_speed_ms"",""payload_kg:sustained"",""runtime_h:unstated"",""weight_kg""]","[]","0","0","[""missing_3d"",""missing_core_specs"",""no_manufacturer_facts""]","[""public_record_needs_source_review""]","[""https://www.robothub.app/en/robots/pl-universe-prowhite-robot-20""]","[]","[]","false","0","[]","[""Collect exact manufacturer product-page, manual or datasheet evidence; leave unpublished values unknown."",""Check German purchasing channels, published business contacts, buyer restrictions, authorization evidence and service coverage."",""Find task-specific deployment evidence including configuration, operating conditions, supervision and measured outcomes.""]"
"P1","unreviewed","56976b23-9dea-439a-b0a1-f66654499467","pl-universe/zeus-1","PL-Universe","zeus-1","base","Zeus 1","humanoid","prototype","public","2026-10-01","https://en.pl-universe.com/","12","0","0","","[""availability_note"",""collaborative"",""connectivity"",""dof_hands"",""dof_total"",""finger_count"",""height_m"",""max_speed_ms"",""payload_kg"",""runtime_h:unstated"",""structural_material"",""weight_kg""]","[]","0","0","[""missing_3d"",""missing_core_specs"",""missing_image"",""no_manufacturer_facts""]","[""public_record_needs_source_review""]","[""https://humanoid.guide/product/zeus-1/""]","[]","[]","false","0","[]","[""Collect exact manufacturer product-page, manual or datasheet evidence; leave unpublished values unknown."",""Check German purchasing channels, published business contacts, buyer restrictions, authorization evidence and service coverage."",""Find task-specific deployment evidence including configuration, operating conditions, supervision and measured outcomes.""]"
"P1","unreviewed","8838cc75-d051-4770-8ec6-76bbd0031996","pndbotics/adam","PNDbotics","adam","base","PNDbotics Adam","humanoid","unknown","public","2026-10-01","https://pndbotics.com/","3","0","0","","[""dof_total"",""height_m"",""weight_kg""]","[]","0","0","[""missing_3d"",""missing_core_specs"",""missing_image"",""no_manufacturer_facts"",""reported_availability""]","[""public_record_needs_source_review""]","[""https://robotpriceindex.com/robots/pndbotics-adam""]","[]","[]","false","1","[]","[""Collect exact manufacturer product-page, manual or datasheet evidence; leave unpublished values unknown."",""Check German purchasing channels, published business contacts, buyer restrictions, authorization evidence and service coverage."",""Find task-specific deployment evidence including configuration, operating conditions, supervision and measured outcomes.""]"
"P1","unreviewed","8ec3e487-ecb6-4d5f-8028-f43a3f9195db","pndbotics/adam-lite","PNDbotics","adam-lite","base","Adam Lite","humanoid","prototype","public","2026-10-01","https://pndbotics.com/","9","0","0","","[""actuators"",""availability_note"",""dof_total"",""height_m"",""max_speed_ms"",""payload_kg"",""runtime_h:unstated"",""walk_speed_ms"",""weight_kg""]","[]","0","0","[""missing_core_specs"",""no_manufacturer_facts""]","[""public_record_needs_source_review""]","[""https://github.com/google-deepmind/mujoco_menagerie/blob/8161bba264d7fa7c99ca301e91e7fb44737676ad/pndbotics_adam_lite/adam_lite.xml"",""https://humanoid.guide/product/adam/""]","[]","[]","false","0","[]","[""Collect exact manufacturer product-page, manual or datasheet evidence; leave unpublished values unknown."",""Check German purchasing channels, published business contacts, buyer restrictions, authorization evidence and service coverage."",""Find task-specific deployment evidence including configuration, operating conditions, supervision and measured outcomes.""]"
"P1","unreviewed","8ba75c73-cecf-42f1-a356-10cf935e14c4","pndbotics/adam-sp","PNDbotics","adam-sp","base","Adam SP","humanoid","prototype","public","2026-10-01","https://pndbotics.com/","11","0","0","","[""availability_note"",""collaborative"",""dof_hands"",""dof_total"",""finger_count"",""height_m"",""max_speed_ms"",""payload_kg"",""runtime_h:unstated"",""structural_material"",""weight_kg""]","[]","0","0","[""missing_3d"",""missing_core_specs"",""missing_image"",""no_manufacturer_facts""]","[""public_record_needs_source_review""]","[""https://humanoid.guide/product/adamsp/""]","[]","[]","false","0","[]","[""Collect exact manufacturer product-page, manual or datasheet evidence; leave unpublished values unknown."",""Check German purchasing channels, published business contacts, buyer restrictions, authorization evidence and service coverage."",""Find task-specific deployment evidence including configuration, operating conditions, supervision and measured outcomes.""]"
"P1","unreviewed","1b472acb-a9b3-4820-b22c-bcbbc46848a3","pollen/reachy-2","Pollen Robotics","reachy-2","base","Reachy 2","humanoid","prototype","public","2026-10-01","https://www.pollen-robotics.com/","7","0","0","","[""availability_note"",""dof_total"",""height_m"",""max_speed_ms"",""payload_kg"",""runtime_h:unstated"",""weight_kg""]","[]","0","0","[""missing_3d"",""missing_core_specs"",""no_manufacturer_facts""]","[""public_record_needs_source_review""]","[""https://humanoid.guide/product/reachy-2/""]","[]","[]","false","0","[]","[""Collect exact manufacturer product-page, manual or datasheet evidence; leave unpublished values unknown."",""Check German purchasing channels, published business contacts, buyer restrictions, authorization evidence and service coverage."",""Find task-specific deployment evidence including configuration, operating conditions, supervision and measured outcomes.""]"
"P1","unreviewed","5cb54e04-1c5d-4085-814b-e0284405016f","primebot/q1","PrimeBOT (Swancor)","q1","base","PrimeBOT Q1","humanoid","prototype","public","2026-10-01","https://www.primebot.cn/","4","0","0","","[""availability_note"",""collaborative"",""dof_total"",""height_m""]","[]","0","0","[""missing_3d"",""missing_core_specs"",""missing_image"",""no_manufacturer_facts""]","[""public_record_needs_source_review""]","[""https://humanoid.guide/product/primebot-q1/""]","[]","[]","false","0","[]","[""Collect exact manufacturer product-page, manual or datasheet evidence; leave unpublished values unknown."",""Check German purchasing channels, published business contacts, buyer restrictions, authorization evidence and service coverage."",""Find task-specific deployment evidence including configuration, operating conditions, supervision and measured outcomes.""]"
"P1","unreviewed","b8a6afda-bf2a-401e-922e-9ff89e2f4e28","primebot/t1","PrimeBOT (Swancor)","t1","base","PrimeBOT T1","mobile_manipulator","prototype","public","2026-10-01","https://www.primebot.cn/","11","0","0","","[""availability_note"",""collaborative"",""connectivity"",""dof_hands"",""dof_total"",""height_m"",""max_speed_ms"",""payload_kg"",""runtime_h:unstated"",""structural_material"",""weight_kg""]","[]","0","0","[""missing_3d"",""missing_core_specs"",""missing_image"",""no_manufacturer_facts""]","[""public_record_needs_source_review""]","[""https://humanoid.guide/product/primebot-t1/""]","[]","[]","false","0","[]","[""Collect exact manufacturer product-page, manual or datasheet evidence; leave unpublished values unknown."",""Check German purchasing channels, published business contacts, buyer restrictions, authorization evidence and service coverage."",""Find task-specific deployment evidence including configuration, operating conditions, supervision and measured outcomes.""]"
"P1","unreviewed","c7b00e25-e4f8-4c70-b3ea-20f1700fc074","psibot/psi-v1","PsiBot","psi-v1","base","Psi V1","humanoid","shipping","public","2026-10-01","https://www.psibot.ai/","13","0","0","","[""availability_note"",""collaborative"",""compute_module"",""connectivity"",""dof_hands"",""dof_total"",""finger_count"",""height_m"",""max_speed_ms"",""payload_kg"",""runtime_h:unstated"",""structural_material"",""weight_kg""]","[]","0","0","[""missing_3d"",""missing_core_specs"",""missing_image"",""no_manufacturer_facts""]","[""public_record_needs_source_review""]","[""https://humanoid.guide/product/psi-v1/""]","[]","[]","false","0","[]","[""Collect exact manufacturer product-page, manual or datasheet evidence; leave unpublished values unknown."",""Check German purchasing channels, published business contacts, buyer restrictions, authorization evidence and service coverage."",""Find task-specific deployment evidence including configuration, operating conditions, supervision and measured outcomes.""]"
"P1","unreviewed","8fa40030-e85b-4cdb-b6eb-b8a040fbe7e3","psibot/synrobot","PsiBot","synrobot","base","ψ-SynRobot","humanoid","prototype","public","2026-10-01","https://www.psibot.ai/","13","0","0","","[""availability_note"",""collaborative"",""compute_module"",""connectivity"",""dof_hands"",""dof_total"",""finger_count"",""height_m"",""max_speed_ms"",""payload_kg"",""runtime_h:unstated"",""structural_material"",""weight_kg""]","[]","0","0","[""missing_3d"",""missing_core_specs"",""no_manufacturer_facts""]","[""public_record_needs_source_review""]","[""https://humanoid.guide/product/%cf%88-synrobot/""]","[]","[]","false","0","[]","[""Collect exact manufacturer product-page, manual or datasheet evidence; leave unpublished values unknown."",""Check German purchasing channels, published business contacts, buyer restrictions, authorization evidence and service coverage."",""Find task-specific deployment evidence including configuration, operating conditions, supervision and measured outcomes.""]"
"P1","unreviewed","729b2a5a-4c07-45bf-b12d-73a9c3a068a7","pudu/d7","Pudu Robotics","d7","base","Pudu D7","mobile_manipulator","prototype","public","2026-10-01","https://www.pudurobotics.com/","14","0","0","","[""availability_note"",""compute_module"",""dof_total"",""height_m"",""max_speed_ms"",""payload_kg"",""payload_kg:sustained"",""runtime_h:unstated"",""walk_speed_ms"",""weight_kg""]","[]","0","0","[""missing_3d"",""missing_core_specs"",""missing_image"",""no_manufacturer_facts""]","[""public_record_needs_source_review""]","[""https://humanoid.guide/product/pudu-d7/"",""https://www.robothub.app/en/robots/pudu-d7""]","[]","[]","false","0","[]","[""Collect exact manufacturer product-page, manual or datasheet evidence; leave unpublished values unknown."",""Check German purchasing channels, published business contacts, buyer restrictions, authorization evidence and service coverage."",""Find task-specific deployment evidence including configuration, operating conditions, supervision and measured outcomes.""]"
"P1","unreviewed","a35fdba2-2ea1-4bbd-b72d-3c697a7289ef","realbotix/aria","Realbotix","aria","base","Aria","humanoid","prototype","public","2026-10-01","https://realbotix.ai/","0","0","0","","[]","[]","0","0","[""missing_3d"",""missing_core_specs"",""missing_image"",""no_facts"",""no_manufacturer_facts""]","[""public_record_needs_source_review""]","[]","[]","[]","false","0","[]","[""Collect exact manufacturer product-page, manual or datasheet evidence; leave unpublished values unknown."",""Check German purchasing channels, published business contacts, buyer restrictions, authorization evidence and service coverage."",""Find task-specific deployment evidence including configuration, operating conditions, supervision and measured outcomes.""]"
"P1","unreviewed","70d60869-686b-4886-ac5c-26f6b366ce9e","realbotix/melody","Realbotix","melody","base","Melody","humanoid","unknown","public","2026-10-01","https://realbotix.ai/","0","0","0","","[]","[]","0","0","[""missing_3d"",""missing_core_specs"",""missing_image"",""no_facts"",""no_manufacturer_facts""]","[""public_record_needs_source_review""]","[]","[]","[]","false","0","[]","[""Collect exact manufacturer product-page, manual or datasheet evidence; leave unpublished values unknown."",""Check German purchasing channels, published business contacts, buyer restrictions, authorization evidence and service coverage."",""Find task-specific deployment evidence including configuration, operating conditions, supervision and measured outcomes.""]"
"P1","unreviewed","71d53b09-d86f-45c7-b5f8-d81f371b9cb0","realman/dual-arm-compound-robot","RealMan","dual-arm-compound-robot","base","Dual-Arm Compound Robot","mobile_manipulator","prototype","public","2026-10-01","https://www.realman-robotics.com/en/main/about-us.html","1","0","0","","[""payload_kg:sustained""]","[]","0","0","[""missing_3d"",""missing_core_specs"",""missing_image"",""no_manufacturer_facts""]","[""public_record_needs_source_review""]","[""https://www.robothub.app/en/robots/dual-arm-compound-robot-mmxk7rvf""]","[]","[]","false","0","[]","[""Collect exact manufacturer product-page, manual or datasheet evidence; leave unpublished values unknown."",""Check German purchasing channels, published business contacts, buyer restrictions, authorization evidence and service coverage."",""Find task-specific deployment evidence including configuration, operating conditions, supervision and measured outcomes.""]"
"P1","unreviewed","1ce66d32-4488-4637-b095-585ace32eb44","realman/dual-arm-lifting-robot","RealMan","dual-arm-lifting-robot","base","Dual-Arm Lifting Robot","mobile_manipulator","prototype","public","2026-10-01","https://www.realman-robotics.com/en/main/about-us.html","5","0","0","","[""height_m"",""max_speed_ms"",""payload_kg:sustained"",""runtime_h:unstated"",""weight_kg""]","[]","0","0","[""missing_3d"",""missing_core_specs"",""missing_image"",""no_manufacturer_facts""]","[""public_record_needs_source_review""]","[""https://www.robothub.app/en/robots/dual-arm-lifting-robot-mmxk79r2""]","[]","[]","false","0","[]","[""Collect exact manufacturer product-page, manual or datasheet evidence; leave unpublished values unknown."",""Check German purchasing channels, published business contacts, buyer restrictions, authorization evidence and service coverage."",""Find task-specific deployment evidence including configuration, operating conditions, supervision and measured outcomes.""]"
"P1","unreviewed","1f7a55d5-f845-4612-ad50-df1a8bb06f1a","realman/realbot","RealMan","realbot","base","RealBOT","mobile_manipulator","prototype","public","2026-10-01","https://www.realman-robotics.com/en/main/about-us.html","5","0","0","","[""dof_total"",""height_m"",""max_speed_ms"",""payload_kg:sustained"",""weight_kg""]","[]","0","0","[""missing_3d"",""missing_core_specs"",""missing_image"",""no_manufacturer_facts""]","[""public_record_needs_source_review""]","[""https://www.robothub.app/en/robots/realbot-mmxjq8o9""]","[]","[]","false","0","[]","[""Collect exact manufacturer product-page, manual or datasheet evidence; leave unpublished values unknown."",""Check German purchasing channels, published business contacts, buyer restrictions, authorization evidence and service coverage."",""Find task-specific deployment evidence including configuration, operating conditions, supervision and measured outcomes.""]"
"P1","unreviewed","9bd8d34d-f121-4911-95a2-fc7f67bf3f1a","robbyant-part-ant/r1","Robbyant","r1","base","Robbyant R1","humanoid","shipping","public","2026-10-01","https://www.antgroup.com/en","8","0","0","","[""availability_note"",""connectivity"",""dof_total"",""height_m"",""max_speed_ms"",""payload_kg"",""walk_speed_ms"",""weight_kg""]","[]","0","0","[""missing_3d"",""missing_core_specs"",""missing_image"",""no_manufacturer_facts""]","[""public_record_needs_source_review""]","[""https://humanoid.guide/product/robbyant-r1/""]","[]","[]","false","0","[]","[""Collect exact manufacturer product-page, manual or datasheet evidence; leave unpublished values unknown."",""Check German purchasing channels, published business contacts, buyer restrictions, authorization evidence and service coverage."",""Find task-specific deployment evidence including configuration, operating conditions, supervision and measured outcomes.""]"
"P1","unreviewed","e683bca6-9ced-4ba0-ad7b-1fc8209cfc29","robbyant/r1","Robbyant","r1","base","Robbyant R1","mobile_manipulator","prototype","public","2026-10-01","https://www.antgroup.com/en","3","0","0","","[""dof_total"",""height_m"",""runtime_h:unstated""]","[]","0","0","[""missing_3d"",""missing_core_specs"",""missing_image"",""no_manufacturer_facts""]","[""public_record_needs_source_review""]","[""https://www.robothub.app/en/robots/robbyant-w1""]","[]","[]","false","0","[]","[""Collect exact manufacturer product-page, manual or datasheet evidence; leave unpublished values unknown."",""Check German purchasing channels, published business contacts, buyer restrictions, authorization evidence and service coverage."",""Find task-specific deployment evidence including configuration, operating conditions, supervision and measured outcomes.""]"
"P1","unreviewed","bfc0f70a-b064-4f60-bf31-752ba8ed1dbe","robbyant/r1-s","Robbyant","r1-s","base","Robbyant R1-S","mobile_manipulator","concept","public","2026-10-01","https://www.antgroup.com/en","3","0","0","","[""dof_total"",""height_m"",""runtime_h:unstated""]","[]","0","0","[""missing_3d"",""missing_core_specs"",""missing_image"",""no_manufacturer_facts""]","[""public_record_needs_source_review""]","[""https://www.robothub.app/en/robots/robbyant-r1-s""]","[]","[]","false","0","[]","[""Collect exact manufacturer product-page, manual or datasheet evidence; leave unpublished values unknown."",""Check German purchasing channels, published business contacts, buyer restrictions, authorization evidence and service coverage."",""Find task-specific deployment evidence including configuration, operating conditions, supervision and measured outcomes.""]"
"P1","unreviewed","e5a1fd1e-d6d7-4e93-ba67-f24c5d4ff979","robo/t1","Robo Robotics Inc.","t1","base","ROBO-T1","humanoid","shipping","public","2026-10-01","https://www.robo.inc/","12","0","0","","[""availability_note"",""collaborative"",""connectivity"",""dof_hands"",""dof_total"",""finger_count"",""height_m"",""max_speed_ms"",""payload_kg"",""runtime_h:unstated"",""structural_material"",""weight_kg""]","[]","0","0","[""missing_3d"",""missing_core_specs"",""missing_image"",""no_manufacturer_facts""]","[""public_record_needs_source_review""]","[""https://humanoid.guide/product/robo-t1/""]","[]","[]","false","0","[]","[""Collect exact manufacturer product-page, manual or datasheet evidence; leave unpublished values unknown."",""Check German purchasing channels, published business contacts, buyer restrictions, authorization evidence and service coverage."",""Find task-specific deployment evidence including configuration, operating conditions, supervision and measured outcomes.""]"
"P1","unreviewed","38d5b397-3278-44a1-898b-f26f753f450d","roboforce/titan","RoboForce","titan","base","TITAN","humanoid","prototype","public","2026-10-01","http://www.roboforce.ai/","8","0","0","","[""availability_note"",""collaborative"",""finger_count"",""height_m"",""max_speed_ms"",""payload_kg"",""runtime_h:unstated"",""walk_speed_ms""]","[]","0","0","[""missing_3d"",""missing_core_specs"",""no_manufacturer_facts""]","[""public_record_needs_source_review""]","[""https://humanoid.guide/product/titan/""]","[]","[]","false","0","[]","[""Collect exact manufacturer product-page, manual or datasheet evidence; leave unpublished values unknown."",""Check German purchasing channels, published business contacts, buyer restrictions, authorization evidence and service coverage."",""Find task-specific deployment evidence including configuration, operating conditions, supervision and measured outcomes.""]"
"P1","unreviewed","0fde24b5-1b18-445b-b61c-cbf35ad83f1e","roboligent/robin","Roboligent Inc.","robin","base","Robin","humanoid","shipping","public","2026-10-01","https://www.roboligent.com/","11","0","0","","[""availability_note"",""collaborative"",""connectivity"",""dof_total"",""finger_count"",""height_m"",""ip_rating"",""max_speed_ms"",""payload_kg"",""runtime_h:unstated"",""weight_kg""]","[]","0","0","[""missing_3d"",""no_manufacturer_facts""]","[""public_record_needs_source_review""]","[""https://humanoid.guide/product/robin/""]","[]","[]","false","0","[]","[""Collect exact manufacturer product-page, manual or datasheet evidence; leave unpublished values unknown."",""Check German purchasing channels, published business contacts, buyer restrictions, authorization evidence and service coverage."",""Find task-specific deployment evidence including configuration, operating conditions, supervision and measured outcomes.""]"
"P1","unreviewed","79c9f817-70bb-4a9a-8c8b-be327cdbf1d8","roboscience/rex-g1","RoboScience","rex-g1","base","REX G1","mobile_manipulator","prototype","public","2026-10-01","https://www.roboscience.co/","4","0","0","","[""compute_module"",""dof_total"",""payload_kg:sustained"",""runtime_h:unstated""]","[]","0","0","[""missing_3d"",""missing_core_specs"",""missing_image"",""no_manufacturer_facts""]","[""public_record_needs_source_review""]","[""https://www.robothub.app/en/robots/rex-g1""]","[]","[]","false","0","[]","[""Collect exact manufacturer product-page, manual or datasheet evidence; leave unpublished values unknown."",""Check German purchasing channels, published business contacts, buyer restrictions, authorization evidence and service coverage."",""Find task-specific deployment evidence including configuration, operating conditions, supervision and measured outcomes.""]"
"P1","unreviewed","74b646bd-f936-4c13-bd4e-97a527cbefce","robot-com/rnoid","Robot.com","rnoid","base","RNoid","humanoid","prototype","public","2026-10-01","https://www.robot.com/","14","0","0","","[""availability_note"",""collaborative"",""connectivity"",""dof_hands"",""dof_total"",""finger_count"",""height_m"",""ip_rating"",""max_speed_ms"",""payload_kg"",""runtime_h:unstated"",""structural_material"",""walk_speed_ms"",""weight_kg""]","[]","0","0","[""missing_3d"",""missing_image"",""no_manufacturer_facts""]","[""public_record_needs_source_review""]","[""https://humanoid.guide/product/r-noid/""]","[]","[]","false","0","[]","[""Collect exact manufacturer product-page, manual or datasheet evidence; leave unpublished values unknown."",""Check German purchasing channels, published business contacts, buyer restrictions, authorization evidence and service coverage."",""Find task-specific deployment evidence including configuration, operating conditions, supervision and measured outcomes.""]"
"P1","unreviewed","b249afe5-b91c-43c0-a201-aef6e1b16dd9","robotis/ai-sapiens-k1","Robotis","ai-sapiens-k1","base","AI Sapiens K1","humanoid","shipping","public","2026-10-01","https://ai.robotis.com/","13","0","0","","[""availability_note"",""collaborative"",""compute_module"",""connectivity"",""dof_hands"",""dof_total"",""finger_count"",""height_m"",""max_speed_ms"",""payload_kg"",""runtime_h:unstated"",""structural_material"",""weight_kg""]","[]","0","0","[""missing_3d"",""missing_core_specs"",""no_manufacturer_facts""]","[""public_record_needs_source_review""]","[""https://humanoid.guide/product/ai-sapiens-k1/""]","[]","[]","false","0","[]","[""Collect exact manufacturer product-page, manual or datasheet evidence; leave unpublished values unknown."",""Check German purchasing channels, published business contacts, buyer restrictions, authorization evidence and service coverage."",""Find task-specific deployment evidence including configuration, operating conditions, supervision and measured outcomes.""]"
"P1","unreviewed","19b39887-0daa-4019-b378-a857822ed62f","robotis/k0","Robotis","k0","base","K0","humanoid","prototype","public","2026-10-01","https://ai.robotis.com/","11","0","0","","[""availability_note"",""collaborative"",""compute_module"",""connectivity"",""dof_total"",""height_m"",""max_speed_ms"",""payload_kg"",""runtime_h:unstated"",""structural_material"",""weight_kg""]","[]","0","0","[""missing_3d"",""missing_core_specs"",""no_manufacturer_facts""]","[""public_record_needs_source_review""]","[""https://humanoid.guide/product/k0-by-robotis/""]","[]","[]","false","0","[]","[""Collect exact manufacturer product-page, manual or datasheet evidence; leave unpublished values unknown."",""Check German purchasing channels, published business contacts, buyer restrictions, authorization evidence and service coverage."",""Find task-specific deployment evidence including configuration, operating conditions, supervision and measured outcomes.""]"
"P1","unreviewed","d8059015-4bba-4655-835b-e803b2f60ea9","robotis/op3","Robotis","op3","base","OP3","humanoid","prototype","public","2026-10-01","https://ai.robotis.com/","4","0","0","","[""availability_note"",""height_m"",""runtime_h:unstated"",""weight_kg""]","[]","0","0","[""missing_core_specs"",""no_manufacturer_facts""]","[""public_record_needs_source_review""]","[""https://www.humanoidhub.ai/robots/op3-humanoid""]","[]","[]","false","0","[]","[""Collect exact manufacturer product-page, manual or datasheet evidence; leave unpublished values unknown."",""Check German purchasing channels, published business contacts, buyer restrictions, authorization evidence and service coverage."",""Find task-specific deployment evidence including configuration, operating conditions, supervision and measured outcomes.""]"
"P1","unreviewed","a2af5509-479e-427e-b2ba-b3bcdb7c1053","robotphoenix/hongjun","Robotphoenix","hongjun","base","HongJun","mobile_manipulator","unknown","public","2026-10-01","https://www.rprobotic.com/","5","0","0","","[""cameras"",""compute_module"",""has_lidar"",""max_speed_ms"",""payload_kg:sustained""]","[]","0","0","[""missing_3d"",""missing_core_specs"",""missing_image"",""no_manufacturer_facts""]","[""public_record_needs_source_review""]","[""https://www.robothub.app/en/robots/hongjun""]","[]","[]","false","0","[]","[""Collect exact manufacturer product-page, manual or datasheet evidence; leave unpublished values unknown."",""Check German purchasing channels, published business contacts, buyer restrictions, authorization evidence and service coverage."",""Find task-specific deployment evidence including configuration, operating conditions, supervision and measured outcomes.""]"
"P1","unreviewed","7c907490-29b1-4dfd-b7fa-a70d5ddba3c4","robros/igris-c","ROBROS","igris-c","base","IGRIS-C","humanoid","shipping","public","2026-10-01","https://www.robros.co.kr/en","13","0","0","","[""availability_note"",""collaborative"",""compute_module"",""dof_hands"",""dof_total"",""finger_count"",""height_m"",""max_speed_ms"",""payload_kg"",""runtime_h:unstated"",""structural_material"",""walk_speed_ms"",""weight_kg""]","[]","0","0","[""missing_3d"",""missing_core_specs"",""no_manufacturer_facts""]","[""public_record_needs_source_review""]","[""https://humanoid.guide/product/igris-c/""]","[]","[]","false","0","[]","[""Collect exact manufacturer product-page, manual or datasheet evidence; leave unpublished values unknown."",""Check German purchasing channels, published business contacts, buyer restrictions, authorization evidence and service coverage."",""Find task-specific deployment evidence including configuration, operating conditions, supervision and measured outcomes.""]"
"P1","unreviewed","3265fc50-cd01-480d-b2d5-089257c48a6a","rokae/helios","ROKAE Robotics","helios","base","Helios","mobile_manipulator","prototype","public","2026-10-01","https://www.rokae.com/cn/product/show/583/%E8%BD%AE%E5%BC%8F%E5%8F%8C%E8%87%82%E6%9C%BA%E5%99%A8%E4%BA%BAHelios.html","10","0","0","","[""cameras"",""compute_module"",""dof_hands"",""dof_total"",""has_lidar"",""height_m"",""max_speed_ms"",""payload_kg:sustained"",""runtime_h:unstated"",""weight_kg""]","[]","0","0","[""missing_3d"",""missing_core_specs"",""missing_image"",""no_manufacturer_facts""]","[""public_record_needs_source_review""]","[""https://www.robothub.app/en/robots/helios""]","[]","[]","false","0","[]","[""Collect exact manufacturer product-page, manual or datasheet evidence; leave unpublished values unknown."",""Check German purchasing channels, published business contacts, buyer restrictions, authorization evidence and service coverage."",""Find task-specific deployment evidence including configuration, operating conditions, supervision and measured outcomes.""]"
"P1","unreviewed","a30a8227-d443-4660-8045-36dfa4b5938c","rokae/human-x","ROKAE Robotics","human-x","base","Human.X","humanoid","prototype","public","2026-10-01","https://www.rokae.com/cn/product/show/583/%E8%BD%AE%E5%BC%8F%E5%8F%8C%E8%87%82%E6%9C%BA%E5%99%A8%E4%BA%BAHelios.html","9","0","0","","[""cameras"",""compute_module"",""dof_hands"",""dof_total"",""has_lidar"",""height_m"",""max_speed_ms"",""payload_kg:rated_dual"",""weight_kg""]","[]","0","0","[""missing_3d"",""missing_core_specs"",""missing_image"",""no_manufacturer_facts""]","[""public_record_needs_source_review""]","[""https://www.robothub.app/en/robots/humanx""]","[]","[]","false","0","[]","[""Collect exact manufacturer product-page, manual or datasheet evidence; leave unpublished values unknown."",""Check German purchasing channels, published business contacts, buyer restrictions, authorization evidence and service coverage."",""Find task-specific deployment evidence including configuration, operating conditions, supervision and measured outcomes.""]"
"P1","unreviewed","0e63c6c9-87b1-4d79-82b0-10b8a5499709","sanctuary/phoenix-gen-8","Sanctuary AI","phoenix-gen-8","base","Phoenix (Gen 8)","humanoid","unknown","public","2026-10-01","https://sanctuary.ai/product/","2","0","0","","[""height_m"",""weight_kg""]","[]","0","0","[""missing_3d"",""missing_core_specs"",""missing_image"",""no_manufacturer_facts"",""reported_availability""]","[""public_record_needs_source_review""]","[""https://robotpriceindex.com/robots/sanctuary-phoenix""]","[]","[]","false","1","[]","[""Collect exact manufacturer product-page, manual or datasheet evidence; leave unpublished values unknown."",""Check German purchasing channels, published business contacts, buyer restrictions, authorization evidence and service coverage."",""Find task-specific deployment evidence including configuration, operating conditions, supervision and measured outcomes.""]"
"P1","unreviewed","f9c8146e-6b25-4082-a477-e78c767fb30d","seer/x1-pro","SEER Robotics","x1-pro","base","X1-PRO","humanoid","unknown","public","2026-10-01","https://cn-cdn.seer-group.com/en/media/287","0","0","0","","[]","[]","0","0","[""missing_3d"",""missing_core_specs"",""missing_image"",""no_facts"",""no_manufacturer_facts""]","[""public_record_needs_source_review""]","[]","[]","[]","false","0","[]","[""Collect exact manufacturer product-page, manual or datasheet evidence; leave unpublished values unknown."",""Check German purchasing channels, published business contacts, buyer restrictions, authorization evidence and service coverage."",""Find task-specific deployment evidence including configuration, operating conditions, supervision and measured outcomes.""]"
"P1","unreviewed","6c88bede-bf20-4563-9d35-57671496267b","seer/x2-pro","SEER Robotics","x2-pro","base","X2-PRO","humanoid","unknown","public","2026-10-01","https://cn-cdn.seer-group.com/en/media/287","0","0","0","","[]","[]","0","0","[""missing_3d"",""missing_core_specs"",""missing_image"",""no_facts"",""no_manufacturer_facts""]","[""public_record_needs_source_review""]","[]","[]","[]","false","0","[]","[""Collect exact manufacturer product-page, manual or datasheet evidence; leave unpublished values unknown."",""Check German purchasing channels, published business contacts, buyer restrictions, authorization evidence and service coverage."",""Find task-specific deployment evidence including configuration, operating conditions, supervision and measured outcomes.""]"
"P1","unreviewed","c41503ea-8053-400a-903f-dd45ccc4ac39","siasun-amp-automation/duco","SIASUN","duco","base","DUCO","humanoid","prototype","public","2026-10-01","https://www.siasun.com/","13","0","0","","[""availability_note"",""collaborative"",""compute_module"",""connectivity"",""dof_hands"",""dof_total"",""finger_count"",""height_m"",""max_speed_ms"",""payload_kg"",""runtime_h:unstated"",""structural_material"",""weight_kg""]","[]","0","0","[""missing_3d"",""missing_core_specs"",""missing_image"",""no_manufacturer_facts""]","[""public_record_needs_source_review""]","[""https://humanoid.guide/product/duco/""]","[]","[]","false","0","[]","[""Collect exact manufacturer product-page, manual or datasheet evidence; leave unpublished values unknown."",""Check German purchasing channels, published business contacts, buyer restrictions, authorization evidence and service coverage."",""Find task-specific deployment evidence including configuration, operating conditions, supervision and measured outcomes.""]"
"P1","unreviewed","314018e0-a45e-41eb-9dac-47ecae76ea5e","siasun-amp-automation/songxing","SIASUN","songxing","base","Songxing","humanoid","shipping","public","2026-10-01","https://www.siasun.com/","14","0","0","","[""availability_note"",""collaborative"",""connectivity"",""dof_hands"",""dof_total"",""finger_count"",""height_m"",""ip_rating"",""max_speed_ms"",""payload_kg"",""runtime_h:unstated"",""structural_material"",""walk_speed_ms"",""weight_kg""]","[]","0","0","[""missing_3d"",""missing_image"",""no_manufacturer_facts""]","[""public_record_needs_source_review""]","[""https://humanoid.guide/product/songxing/""]","[]","[]","false","0","[]","[""Collect exact manufacturer product-page, manual or datasheet evidence; leave unpublished values unknown."",""Check German purchasing channels, published business contacts, buyer restrictions, authorization evidence and service coverage."",""Find task-specific deployment evidence including configuration, operating conditions, supervision and measured outcomes.""]"
"P1","unreviewed","55bd8aa3-79f1-4d88-8689-ae5a56a4e7cc","siasun/rico-mr73a","SIASUN","rico-mr73a","base","Rico MR73A","humanoid","prototype","public","2026-10-01","https://www.siasun.com/","2","0","0","","[""dof_total"",""height_m""]","[]","0","0","[""missing_3d"",""missing_core_specs"",""missing_image"",""no_manufacturer_facts""]","[""public_record_needs_source_review""]","[""https://www.robothub.app/en/robots/siasun-rico-mr73a""]","[]","[]","false","0","[]","[""Collect exact manufacturer product-page, manual or datasheet evidence; leave unpublished values unknown."",""Check German purchasing channels, published business contacts, buyer restrictions, authorization evidence and service coverage."",""Find task-specific deployment evidence including configuration, operating conditions, supervision and measured outcomes.""]"
"P1","unreviewed","6d18796b-f9e1-460f-8ac7-7cd2217fb26b","siasun/rico-mr73b","SIASUN","rico-mr73b","base","Rico MR73B","humanoid","prototype","public","2026-10-01","https://www.siasun.com/","3","0","0","","[""dof_total"",""height_m"",""max_speed_ms""]","[]","0","0","[""missing_3d"",""missing_core_specs"",""missing_image"",""no_manufacturer_facts""]","[""public_record_needs_source_review""]","[""https://www.robothub.app/en/robots/siasun-rico-mr73b""]","[]","[]","false","0","[]","[""Collect exact manufacturer product-page, manual or datasheet evidence; leave unpublished values unknown."",""Check German purchasing channels, published business contacts, buyer restrictions, authorization evidence and service coverage."",""Find task-specific deployment evidence including configuration, operating conditions, supervision and measured outcomes.""]"
"P1","unreviewed","bd4b4362-10c8-4e52-a218-078a60384b98","simplexity/i-series","Simplexity Robotics","i-series","base","I-Series","humanoid","prototype","public","2026-10-01","https://www.simplexityrobotics.com/","12","0","0","","[""availability_note"",""collaborative"",""connectivity"",""dof_hands"",""dof_total"",""finger_count"",""height_m"",""max_speed_ms"",""payload_kg"",""runtime_h:unstated"",""structural_material"",""weight_kg""]","[]","0","0","[""missing_3d"",""missing_core_specs"",""missing_image"",""no_manufacturer_facts""]","[""public_record_needs_source_review""]","[""https://humanoid.guide/product/simplexity-robotics-i-series/""]","[]","[]","false","0","[]","[""Collect exact manufacturer product-page, manual or datasheet evidence; leave unpublished values unknown."",""Check German purchasing channels, published business contacts, buyer restrictions, authorization evidence and service coverage."",""Find task-specific deployment evidence including configuration, operating conditions, supervision and measured outcomes.""]"
"P1","unreviewed","65f8bbcd-9e1a-4305-9933-718a4ca1cace","softbank/nao","SoftBank Robotics","nao","base","Nao","humanoid","shipping","public","2026-10-01","http://doc.aldebaran.com/2-8/home_nao.html","4","0","0","","[""compute_module"",""dof_total"",""height_m"",""weight_kg""]","[]","0","0","[""missing_3d"",""missing_core_specs"",""missing_image"",""no_manufacturer_facts""]","[""public_record_needs_source_review""]","[""https://www.robothub.app/en/robots/softbank-nao""]","[]","[]","false","0","[]","[""Collect exact manufacturer product-page, manual or datasheet evidence; leave unpublished values unknown."",""Check German purchasing channels, published business contacts, buyer restrictions, authorization evidence and service coverage."",""Find task-specific deployment evidence including configuration, operating conditions, supervision and measured outcomes.""]"
"P1","unreviewed","fad8e42c-7647-4170-8880-690aa1190ef3","softbank/pepper","SoftBank Robotics","pepper","base","Pepper","mobile_manipulator","shipping","public","2026-10-01","http://doc.aldebaran.com/2-8/home_nao.html","3","0","0","","[""compute_module"",""height_m"",""weight_kg""]","[]","0","0","[""missing_3d"",""missing_core_specs"",""no_manufacturer_facts""]","[""public_record_needs_source_review""]","[""https://www.robothub.app/en/robots/softbank-pepper""]","[]","[]","false","0","[]","[""Collect exact manufacturer product-page, manual or datasheet evidence; leave unpublished values unknown."",""Check German purchasing channels, published business contacts, buyer restrictions, authorization evidence and service coverage."",""Find task-specific deployment evidence including configuration, operating conditions, supervision and measured outcomes.""]"
"P1","unreviewed","b1b2f706-32f7-42be-99ff-7b21a0da5693","standard/darwin-01","Standard Robots","darwin-01","base","DARWIN-01","humanoid","unknown","public","2026-10-01","https://en.standard-robots.com/products/cid-9.html","0","0","0","","[]","[]","0","0","[""missing_3d"",""missing_core_specs"",""missing_image"",""no_facts"",""no_manufacturer_facts""]","[""public_record_needs_source_review""]","[]","[]","[]","false","0","[]","[""Collect exact manufacturer product-page, manual or datasheet evidence; leave unpublished values unknown."",""Check German purchasing channels, published business contacts, buyer restrictions, authorization evidence and service coverage."",""Find task-specific deployment evidence including configuration, operating conditions, supervision and measured outcomes.""]"
"P1","unreviewed","7f4303cb-a2ef-4f78-9a76-8526ff1baaff","step/synda-r1","STEP","synda-r1","base","SYNDA R1","humanoid","unknown","public","2026-10-01","https://www.stepelectric.com/","0","0","0","","[]","[]","0","0","[""missing_3d"",""missing_core_specs"",""no_facts"",""no_manufacturer_facts""]","[""public_record_needs_source_review""]","[]","[]","[]","false","0","[]","[""Collect exact manufacturer product-page, manual or datasheet evidence; leave unpublished values unknown."",""Check German purchasing channels, published business contacts, buyer restrictions, authorization evidence and service coverage."",""Find task-specific deployment evidence including configuration, operating conditions, supervision and measured outcomes.""]"
"P1","unreviewed","4d65bda6-16cc-48ed-b126-777b77efa422","stial/steven","Stial","steven","base","Stial Steven","humanoid","prototype","public","2026-10-01","","0","0","0","","[]","[]","0","0","[""missing_3d"",""missing_core_specs"",""missing_image"",""missing_maker_website"",""no_facts"",""no_manufacturer_facts""]","[""public_record_needs_source_review""]","[]","[]","[]","false","0","[]","[""Find and validate the manufacturer website and exact product page."",""Collect exact manufacturer product-page, manual or datasheet evidence; leave unpublished values unknown."",""Check German purchasing channels, published business contacts, buyer restrictions, authorization evidence and service coverage."",""Find task-specific deployment evidence including configuration, operating conditions, supervision and measured outcomes.""]"
"P1","unreviewed","a1200d78-ec9f-4e42-9675-66a0e2b4ce49","sunday/memo","Sunday Robotics","memo","base","MEMO","humanoid","prototype","public","2026-10-01","https://www.sunday.ai/","12","0","0","","[""availability_note"",""collaborative"",""dof_hands"",""dof_total"",""finger_count"",""height_m"",""max_speed_ms"",""payload_kg"",""runtime_h:unstated"",""structural_material"",""walk_speed_ms"",""weight_kg""]","[]","0","0","[""missing_3d"",""missing_core_specs"",""no_manufacturer_facts""]","[""public_record_needs_source_review""]","[""https://humanoid.guide/product/memo/""]","[]","[]","false","0","[]","[""Collect exact manufacturer product-page, manual or datasheet evidence; leave unpublished values unknown."",""Check German purchasing channels, published business contacts, buyer restrictions, authorization evidence and service coverage."",""Find task-specific deployment evidence including configuration, operating conditions, supervision and measured outcomes.""]"
"P1","unreviewed","0daf9033-cf2b-4516-8571-317a92da0871","svaya/bimanual","Svaya Robotics","bimanual","base","Bimanual","humanoid","shipping","public","2026-10-01","https://svayarobotics.com/","11","0","0","","[""availability_note"",""collaborative"",""connectivity"",""dof_total"",""finger_count"",""height_m"",""ip_rating"",""payload_kg"",""runtime_h:unstated"",""structural_material"",""weight_kg""]","[]","0","0","[""missing_3d"",""no_manufacturer_facts""]","[""public_record_needs_source_review""]","[""https://humanoid.guide/product/bimanual/""]","[]","[]","false","0","[]","[""Collect exact manufacturer product-page, manual or datasheet evidence; leave unpublished values unknown."",""Check German purchasing channels, published business contacts, buyer restrictions, authorization evidence and service coverage."",""Find task-specific deployment evidence including configuration, operating conditions, supervision and measured outcomes.""]"
"P1","unreviewed","f6a36244-eb76-463a-81a9-827a5988c08e","svt/smartwheel","SVT Robotics (Hangzhou)","smartwheel","base","SmartWheel","mobile_manipulator","concept","public","2026-10-01","https://www.svtrobot.com/","5","0","0","","[""dof_total"",""height_m"",""max_speed_ms"",""runtime_h:unstated"",""weight_kg""]","[]","0","0","[""missing_3d"",""missing_core_specs"",""missing_image"",""no_manufacturer_facts""]","[""public_record_needs_source_review""]","[""https://www.robothub.app/en/robots/smartwheel""]","[]","[]","false","0","[]","[""Collect exact manufacturer product-page, manual or datasheet evidence; leave unpublished values unknown."",""Check German purchasing channels, published business contacts, buyer restrictions, authorization evidence and service coverage."",""Find task-specific deployment evidence including configuration, operating conditions, supervision and measured outcomes.""]"
"P1","unreviewed","52a5e956-1524-4e46-ba1a-901bbabc6125","swancor/q1","PrimeBOT (Swancor)","q1","base","Swancor Q1","humanoid","unknown","public","2026-10-01","https://www.primebot.cn/","1","0","0","","[""height_m""]","[]","0","0","[""missing_3d"",""missing_core_specs"",""missing_image"",""no_manufacturer_facts""]","[""public_record_needs_source_review""]","[""https://www.robothub.app/en/robots/swancor-q1""]","[]","[]","false","0","[]","[""Collect exact manufacturer product-page, manual or datasheet evidence; leave unpublished values unknown."",""Check German purchasing channels, published business contacts, buyer restrictions, authorization evidence and service coverage."",""Find task-specific deployment evidence including configuration, operating conditions, supervision and measured outcomes.""]"
"P1","unreviewed","aeb8ba4a-f1ec-497f-9603-c07f2f27e459","swancor/t1","PrimeBOT (Swancor)","t1","base","Swancor T1","humanoid","unknown","public","2026-10-01","https://www.primebot.cn/","0","0","0","","[]","[]","0","0","[""missing_3d"",""missing_core_specs"",""missing_image"",""no_facts"",""no_manufacturer_facts""]","[""public_record_needs_source_review""]","[]","[]","[]","false","0","[]","[""Collect exact manufacturer product-page, manual or datasheet evidence; leave unpublished values unknown."",""Check German purchasing channels, published business contacts, buyer restrictions, authorization evidence and service coverage."",""Find task-specific deployment evidence including configuration, operating conditions, supervision and measured outcomes.""]"
"P1","unreviewed","6ae330d3-27dd-4eff-b504-ae8425f919a1","switchbot/onero-h1","SwitchBot","onero-h1","base","Onero H1","humanoid","prototype","public","2026-10-01","https://www.switch-bot.com/","12","0","0","","[""availability_note"",""collaborative"",""connectivity"",""dof_hands"",""dof_total"",""finger_count"",""height_m"",""max_speed_ms"",""payload_kg"",""runtime_h:unstated"",""structural_material"",""weight_kg""]","[]","0","0","[""missing_3d"",""missing_core_specs"",""no_manufacturer_facts""]","[""public_record_needs_source_review""]","[""https://humanoid.guide/product/onero-h1/""]","[]","[]","false","0","[]","[""Collect exact manufacturer product-page, manual or datasheet evidence; leave unpublished values unknown."",""Check German purchasing channels, published business contacts, buyer restrictions, authorization evidence and service coverage."",""Find task-specific deployment evidence including configuration, operating conditions, supervision and measured outcomes.""]"
"P1","unreviewed","491e77eb-4a92-48b7-9eda-607561ef5d52","sxzlt/star-d","SXZLT Robotics","star-d","base","Star D","mobile_manipulator","unknown","public","2026-10-01","https://www.chinafastgear.com/default/detail/2025090914nwKTI.html","4","0","0","","[""dof_total"",""height_m"",""runtime_h:unstated"",""weight_kg""]","[]","0","0","[""missing_3d"",""missing_core_specs"",""missing_image"",""no_manufacturer_facts""]","[""public_record_needs_source_review""]","[""https://www.robothub.app/en/robots/star-d""]","[]","[]","false","0","[]","[""Collect exact manufacturer product-page, manual or datasheet evidence; leave unpublished values unknown."",""Check German purchasing channels, published business contacts, buyer restrictions, authorization evidence and service coverage."",""Find task-specific deployment evidence including configuration, operating conditions, supervision and measured outcomes.""]"
"P1","unreviewed","66060ad6-01df-4f1a-bf91-0f0475b9f2fa","sxzlt/star-v","SXZLT Robotics","star-v","base","Star V","humanoid","unknown","public","2026-10-01","https://www.chinafastgear.com/default/detail/2025090914nwKTI.html","4","0","0","","[""dof_total"",""height_m"",""runtime_h:unstated"",""weight_kg""]","[]","0","0","[""missing_3d"",""missing_core_specs"",""missing_image"",""no_manufacturer_facts""]","[""public_record_needs_source_review""]","[""https://www.robothub.app/en/robots/star-v""]","[]","[]","false","0","[]","[""Collect exact manufacturer product-page, manual or datasheet evidence; leave unpublished values unknown."",""Check German purchasing channels, published business contacts, buyer restrictions, authorization evidence and service coverage."",""Find task-specific deployment evidence including configuration, operating conditions, supervision and measured outcomes.""]"
"P1","unreviewed","d01d9d85-eeaa-4d7d-a1fe-074d1b4ca57f","sxzlt/star-vv","SXZLT Robotics","star-vv","base","Star VV","mobile_manipulator","unknown","public","2026-10-01","https://www.chinafastgear.com/default/detail/2025090914nwKTI.html","5","0","0","","[""dof_hands"",""height_m"",""payload_kg:sustained"",""runtime_h:unstated"",""weight_kg""]","[]","0","0","[""missing_3d"",""missing_core_specs"",""missing_image"",""no_manufacturer_facts""]","[""public_record_needs_source_review""]","[""https://www.robothub.app/en/robots/star-vv""]","[]","[]","false","0","[]","[""Collect exact manufacturer product-page, manual or datasheet evidence; leave unpublished values unknown."",""Check German purchasing channels, published business contacts, buyer restrictions, authorization evidence and service coverage."",""Find task-specific deployment evidence including configuration, operating conditions, supervision and measured outcomes.""]"
"P1","unreviewed","431c5c67-b2b3-4bb7-a5d7-62bc99cdb178","tangible/eggie","Tangible Robots","eggie","base","Eggie","humanoid","prototype","public","2026-10-01","https://tangiblerobots.ai/","13","0","0","","[""availability_note"",""collaborative"",""connectivity"",""dof_hands"",""dof_total"",""finger_count"",""height_m"",""ip_rating"",""max_speed_ms"",""payload_kg"",""runtime_h:unstated"",""structural_material"",""weight_kg""]","[]","0","0","[""missing_3d"",""missing_image"",""no_manufacturer_facts""]","[""public_record_needs_source_review""]","[""https://humanoid.guide/product/eggie/""]","[]","[]","false","0","[]","[""Collect exact manufacturer product-page, manual or datasheet evidence; leave unpublished values unknown."",""Check German purchasing channels, published business contacts, buyer restrictions, authorization evidence and service coverage."",""Find task-specific deployment evidence including configuration, operating conditions, supervision and measured outcomes.""]"
"P1","unreviewed","73f40355-4209-4118-951d-c197df0271d7","tars/a1","TARS Robotics","a1","base","A1","mobile_manipulator","unknown","public","2026-10-01","https://wiyh.tars-ai.com/","0","0","0","","[]","[]","0","0","[""missing_3d"",""missing_core_specs"",""missing_image"",""no_facts"",""no_manufacturer_facts""]","[""public_record_needs_source_review""]","[]","[]","[]","false","0","[]","[""Collect exact manufacturer product-page, manual or datasheet evidence; leave unpublished values unknown."",""Check German purchasing channels, published business contacts, buyer restrictions, authorization evidence and service coverage."",""Find task-specific deployment evidence including configuration, operating conditions, supervision and measured outcomes.""]"
"P1","unreviewed","d4875d94-f9dc-4a51-a7ac-e46e0ad1aaea","tars/t-1","TARS Robotics","t-1","base","T 1","humanoid","unknown","public","2026-10-01","https://wiyh.tars-ai.com/","0","0","0","","[]","[]","0","0","[""missing_3d"",""missing_core_specs"",""missing_image"",""no_facts"",""no_manufacturer_facts""]","[""public_record_needs_source_review""]","[]","[]","[]","false","0","[]","[""Collect exact manufacturer product-page, manual or datasheet evidence; leave unpublished values unknown."",""Check German purchasing channels, published business contacts, buyer restrictions, authorization evidence and service coverage."",""Find task-specific deployment evidence including configuration, operating conditions, supervision and measured outcomes.""]"
"P1","unreviewed","e72e9af4-c9e1-4f1b-be31-d6aa1c9da0c8","tars/tars","TARS Robotics","tars","base","TARS","humanoid","prototype","public","2026-10-01","https://wiyh.tars-ai.com/","12","0","0","","[""availability_note"",""collaborative"",""connectivity"",""finger_count"",""height_m"",""ip_rating"",""max_speed_ms"",""payload_kg"",""runtime_h:unstated"",""structural_material"",""walk_speed_ms"",""weight_kg""]","[]","0","0","[""missing_3d"",""missing_core_specs"",""missing_image"",""no_manufacturer_facts""]","[""public_record_needs_source_review""]","[""https://humanoid.guide/product/tars/""]","[]","[]","false","0","[]","[""Collect exact manufacturer product-page, manual or datasheet evidence; leave unpublished values unknown."",""Check German purchasing channels, published business contacts, buyer restrictions, authorization evidence and service coverage."",""Find task-specific deployment evidence including configuration, operating conditions, supervision and measured outcomes.""]"
"P1","unreviewed","c748a5c3-2a8c-4e04-be8a-acbf659d7d5d","techman/tm-xplore-1","Techman Robot","tm-xplore-1","base","TM Xplore 1","humanoid","prototype","public","2026-10-01","https://www.tm-robot.com/en/","11","0","0","","[""availability_note"",""collaborative"",""compute_module"",""connectivity"",""dof_total"",""finger_count"",""height_m"",""max_speed_ms"",""payload_kg"",""runtime_h:unstated"",""structural_material""]","[]","0","0","[""missing_3d"",""missing_core_specs"",""missing_image"",""no_manufacturer_facts""]","[""public_record_needs_source_review""]","[""https://humanoid.guide/product/tm-xplore-1/""]","[]","[]","false","0","[]","[""Collect exact manufacturer product-page, manual or datasheet evidence; leave unpublished values unknown."",""Check German purchasing channels, published business contacts, buyer restrictions, authorization evidence and service coverage."",""Find task-specific deployment evidence including configuration, operating conditions, supervision and measured outcomes.""]"
"P1","unreviewed","dfd8bff6-92c1-447f-b4fb-400a96e8cfdb","tekntrash/alpha","TeknTrash","alpha","base","ALPHA","humanoid","prototype","public","2026-10-01","https://www.tekntrash.com/","14","0","0","","[""availability_note"",""collaborative"",""compute_module"",""connectivity"",""dof_hands"",""dof_total"",""finger_count"",""height_m"",""ip_rating"",""max_speed_ms"",""payload_kg"",""runtime_h:unstated"",""structural_material"",""weight_kg""]","[]","0","0","[""missing_3d"",""no_manufacturer_facts""]","[""public_record_needs_source_review""]","[""https://humanoid.guide/product/alpha/""]","[]","[]","false","0","[]","[""Collect exact manufacturer product-page, manual or datasheet evidence; leave unpublished values unknown."",""Check German purchasing channels, published business contacts, buyer restrictions, authorization evidence and service coverage."",""Find task-specific deployment evidence including configuration, operating conditions, supervision and measured outcomes.""]"
"P1","unreviewed","ffdadcf1-a918-44a4-af99-062a444b3b5a","tesla/optimus-gen-1","Tesla","optimus-gen-1","base","Optimus Gen 1","humanoid","unknown","public","2026-10-01","https://www.tesla.com/en_th/AI","8","0","0","","[""cameras"",""compute_module"",""dof_hands"",""dof_total"",""has_lidar"",""height_m"",""payload_kg:rated_dual"",""weight_kg""]","[]","0","0","[""missing_3d"",""missing_core_specs"",""missing_image"",""no_manufacturer_facts""]","[""public_record_needs_source_review""]","[""https://www.robothub.app/en/robots/optimus-gen1""]","[]","[]","false","0","[]","[""Collect exact manufacturer product-page, manual or datasheet evidence; leave unpublished values unknown."",""Check German purchasing channels, published business contacts, buyer restrictions, authorization evidence and service coverage."",""Find task-specific deployment evidence including configuration, operating conditions, supervision and measured outcomes.""]"
"P1","unreviewed","e6eee795-b3ae-4307-a3ce-baf1c8306d5c","tesla/optimus-v2-5","Tesla","optimus-v2-5","base","OPTIMUS V2.5","humanoid","prototype","public","2026-10-01","https://www.tesla.com/en_th/AI","13","0","0","","[""availability_note"",""collaborative"",""compute_module"",""connectivity"",""dof_hands"",""dof_total"",""finger_count"",""height_m"",""max_speed_ms"",""payload_kg"",""runtime_h:unstated"",""walk_speed_ms"",""weight_kg""]","[]","0","0","[""missing_3d"",""missing_core_specs"",""missing_image"",""no_manufacturer_facts""]","[""public_record_needs_source_review""]","[""https://humanoid.guide/product/tesla-optimus-v2-5/""]","[]","[]","false","0","[]","[""Collect exact manufacturer product-page, manual or datasheet evidence; leave unpublished values unknown."",""Check German purchasing channels, published business contacts, buyer restrictions, authorization evidence and service coverage."",""Find task-specific deployment evidence including configuration, operating conditions, supervision and measured outcomes.""]"
"P1","unreviewed","68d66265-d26a-48a6-819c-265cd3ccbed7","tetrabot/tiankui-1","TetraBOT","tiankui-1","base","Tiankui 1","humanoid","unknown","public","2026-10-01","https://tetraelc.com/lists/9.html","4","0","0","","[""dof_total"",""height_m"",""payload_kg:rated_dual"",""runtime_h:unstated""]","[]","0","0","[""missing_3d"",""missing_core_specs"",""missing_image"",""no_manufacturer_facts""]","[""public_record_needs_source_review""]","[""https://www.robothub.app/en/robots/tiankui-1""]","[]","[]","false","0","[]","[""Collect exact manufacturer product-page, manual or datasheet evidence; leave unpublished values unknown."",""Check German purchasing channels, published business contacts, buyer restrictions, authorization evidence and service coverage."",""Find task-specific deployment evidence including configuration, operating conditions, supervision and measured outcomes.""]"
"P1","unreviewed","b8836682-8db6-4fb5-a9b5-762fefbacb24","ti5robot/t140","Ti5robot","t140","base","T140","humanoid","unknown","public","2026-10-01","https://www.ti5robotics.com/","0","0","0","","[]","[]","0","0","[""missing_3d"",""missing_core_specs"",""missing_image"",""no_facts"",""no_manufacturer_facts""]","[""public_record_needs_source_review""]","[]","[]","[]","false","0","[]","[""Collect exact manufacturer product-page, manual or datasheet evidence; leave unpublished values unknown."",""Check German purchasing channels, published business contacts, buyer restrictions, authorization evidence and service coverage."",""Find task-specific deployment evidence including configuration, operating conditions, supervision and measured outcomes.""]"
"P1","unreviewed","0c213ab7-a1ec-499d-9106-3a29c25f52f8","ti5robot/t170a-modi","Ti5robot","t170a-modi","base","T170A Modi","humanoid","unknown","public","2026-10-01","https://www.ti5robotics.com/","2","0","0","","[""dof_total"",""height_m""]","[]","0","0","[""missing_3d"",""missing_core_specs"",""missing_image"",""no_manufacturer_facts""]","[""public_record_needs_source_review""]","[""https://www.robothub.app/en/robots/tigerbot-t170a-modi""]","[]","[]","false","0","[]","[""Collect exact manufacturer product-page, manual or datasheet evidence; leave unpublished values unknown."",""Check German purchasing channels, published business contacts, buyer restrictions, authorization evidence and service coverage."",""Find task-specific deployment evidence including configuration, operating conditions, supervision and measured outcomes.""]"
"P1","unreviewed","283bf5b1-6132-4b89-b7bd-fe96466e3910","ti5robot/t170a-yaoguang","Ti5robot","t170a-yaoguang","base","T170A Yaoguang","humanoid","unknown","public","2026-10-01","https://www.ti5robotics.com/","2","0","0","","[""dof_total"",""height_m""]","[]","0","0","[""missing_3d"",""missing_core_specs"",""missing_image"",""no_manufacturer_facts""]","[""public_record_needs_source_review""]","[""https://www.robothub.app/en/robots/tigerbot-t170a-yaoguang""]","[]","[]","false","0","[]","[""Collect exact manufacturer product-page, manual or datasheet evidence; leave unpublished values unknown."",""Check German purchasing channels, published business contacts, buyer restrictions, authorization evidence and service coverage."",""Find task-specific deployment evidence including configuration, operating conditions, supervision and measured outcomes.""]"
"P1","unreviewed","5e35cec5-65ac-41e0-873a-e581d4785ea2","ti5robot/t170v2-1","Ti5robot","t170v2-1","base","T170V2.1","humanoid","unknown","public","2026-10-01","https://www.ti5robotics.com/","0","0","0","","[]","[]","0","0","[""missing_3d"",""missing_core_specs"",""missing_image"",""no_facts"",""no_manufacturer_facts""]","[""public_record_needs_source_review""]","[]","[]","[]","false","0","[]","[""Collect exact manufacturer product-page, manual or datasheet evidence; leave unpublished values unknown."",""Check German purchasing channels, published business contacts, buyer restrictions, authorization evidence and service coverage."",""Find task-specific deployment evidence including configuration, operating conditions, supervision and measured outcomes.""]"
"P1","unreviewed","d6d1920c-c41d-482a-b648-daeab7bec9d7","topstar/tdm020","Topstar","tdm020","base","TDM020","humanoid","concept","public","2026-10-01","https://www.topstarmachine.com/","4","0","0","","[""cameras"",""dof_total"",""has_lidar"",""payload_kg:sustained""]","[]","0","0","[""missing_3d"",""missing_core_specs"",""missing_image"",""no_manufacturer_facts""]","[""public_record_needs_source_review""]","[""https://www.robothub.app/en/robots/tdm020""]","[]","[]","false","0","[]","[""Collect exact manufacturer product-page, manual or datasheet evidence; leave unpublished values unknown."",""Check German purchasing channels, published business contacts, buyer restrictions, authorization evidence and service coverage."",""Find task-specific deployment evidence including configuration, operating conditions, supervision and measured outcomes.""]"
"P1","unreviewed","dc44ffc2-cd4a-4552-afb4-fc965ce89e38","topstar/twh020","Topstar","twh020","base","TWH020","mobile_manipulator","concept","public","2026-10-01","https://www.topstarmachine.com/","6","0","0","","[""cameras"",""dof_hands"",""dof_total"",""has_lidar"",""max_speed_ms"",""payload_kg:sustained""]","[]","0","0","[""missing_3d"",""missing_core_specs"",""missing_image"",""no_manufacturer_facts""]","[""public_record_needs_source_review""]","[""https://www.robothub.app/en/robots/twh020""]","[]","[]","false","0","[]","[""Collect exact manufacturer product-page, manual or datasheet evidence; leave unpublished values unknown."",""Check German purchasing channels, published business contacts, buyer restrictions, authorization evidence and service coverage."",""Find task-specific deployment evidence including configuration, operating conditions, supervision and measured outcomes.""]"
"P1","unreviewed","96981730-8810-495e-9226-beab201e572d","topstar/xiao-tuo","Topstar","xiao-tuo","base","Xiao Tuo","humanoid","prototype","public","2026-10-01","https://www.topstarmachine.com/","13","0","0","","[""availability_note"",""collaborative"",""connectivity"",""dof_hands"",""dof_total"",""finger_count"",""height_m"",""max_speed_ms"",""payload_kg"",""runtime_h:unstated"",""structural_material"",""walk_speed_ms"",""weight_kg""]","[]","0","0","[""missing_3d"",""missing_core_specs"",""missing_image"",""no_manufacturer_facts""]","[""public_record_needs_source_review""]","[""https://humanoid.guide/product/xiao-tuo/""]","[]","[]","false","0","[]","[""Collect exact manufacturer product-page, manual or datasheet evidence; leave unpublished values unknown."",""Check German purchasing channels, published business contacts, buyer restrictions, authorization evidence and service coverage."",""Find task-specific deployment evidence including configuration, operating conditions, supervision and measured outcomes.""]"
"P1","unreviewed","7403328f-72c2-4cdb-b505-065319c6d394","twolabs/tobi","TwoLabs","tobi","base","Tobi","humanoid","prototype","public","2026-10-01","https://www.twolabs.ai/","12","0","0","","[""availability_note"",""collaborative"",""connectivity"",""dof_hands"",""dof_total"",""finger_count"",""height_m"",""max_speed_ms"",""payload_kg"",""runtime_h:unstated"",""structural_material"",""weight_kg""]","[]","0","0","[""missing_3d"",""missing_core_specs"",""no_manufacturer_facts""]","[""public_record_needs_source_review""]","[""https://humanoid.guide/product/tobi/""]","[]","[]","false","0","[]","[""Collect exact manufacturer product-page, manual or datasheet evidence; leave unpublished values unknown."",""Check German purchasing channels, published business contacts, buyer restrictions, authorization evidence and service coverage."",""Find task-specific deployment evidence including configuration, operating conditions, supervision and measured outcomes.""]"
"P1","unreviewed","1a649a2b-e647-4689-8c10-dabc9543dc92","ubtech/alpha-1e","UBTECH Robotics","alpha-1e","base","Alpha 1E","humanoid","unknown","public","2026-10-01","https://www.ubtrobot.com/","2","0","1","2026-09-12T12:03:37.023Z","[""availability_note"",""compute_module""]","[""compute_module""]","0","0","[""missing_3d"",""missing_core_specs""]","[""public_record_needs_source_review""]","[""https://www.humanoidhub.ai/robots/ubtech-alpha-1e"",""https://www.ubtrobot.com/en/consumer/humanoid-robots/alpha-series/alpha-1e""]","[""https://www.ubtrobot.com/en/consumer/humanoid-robots/alpha-series/alpha-1e""]","[]","false","0","[]","[""Recheck recorded manufacturer facts for this exact configuration, units, qualifiers and operating conditions."",""Check German purchasing channels, published business contacts, buyer restrictions, authorization evidence and service coverage."",""Find task-specific deployment evidence including configuration, operating conditions, supervision and measured outcomes.""]"
"P1","unreviewed","b4ea470e-edde-4a2c-9c25-a6db29e3e0b7","ubtech/cruzr-y1","UBTECH Robotics","cruzr-y1","base","Cruzr Y1","humanoid","shipping","public","2026-10-01","https://www.ubtrobot.com/","13","0","0","","[""availability_note"",""collaborative"",""compute_module"",""connectivity"",""dof_hands"",""dof_total"",""finger_count"",""height_m"",""max_speed_ms"",""payload_kg"",""runtime_h:unstated"",""structural_material"",""weight_kg""]","[]","0","0","[""missing_3d"",""missing_core_specs"",""no_manufacturer_facts""]","[""public_record_needs_source_review""]","[""https://humanoid.guide/product/cruzr-y1/""]","[]","[]","false","0","[]","[""Collect exact manufacturer product-page, manual or datasheet evidence; leave unpublished values unknown."",""Check German purchasing channels, published business contacts, buyer restrictions, authorization evidence and service coverage."",""Find task-specific deployment evidence including configuration, operating conditions, supervision and measured outcomes.""]"
"P1","unreviewed","8f0ea2d5-e407-4fba-91c8-de823e4d1acc","ubtech/panda-robot","UBTECH Robotics","panda-robot","base","Panda Robot","humanoid","unknown","public","2026-10-01","https://www.ubtrobot.com/","7","0","0","","[""availability_note"",""battery_pack"",""compute_module"",""connectivity"",""dof_total"",""height_m"",""weight_kg""]","[]","0","0","[""missing_3d"",""missing_core_specs"",""no_manufacturer_facts""]","[""public_record_needs_source_review""]","[""https://www.humanoidhub.ai/robots/ubtech-panda-robot"",""https://www.ubtrobot.com/en/humanoid/products/panda-robot""]","[]","[]","false","0","[]","[""Collect exact manufacturer product-page, manual or datasheet evidence; leave unpublished values unknown."",""Check German purchasing channels, published business contacts, buyer restrictions, authorization evidence and service coverage."",""Find task-specific deployment evidence including configuration, operating conditions, supervision and measured outcomes.""]"
"P1","unreviewed","fb0876fc-3c9c-47bc-ab1f-fc5d1558049f","ubtech/panda-yoyo","UBTECH Robotics","panda-yoyo","base","Panda yoyo","humanoid","shipping","public","2026-10-01","https://www.ubtrobot.com/","6","0","0","","[""dof_total"",""height_m"",""max_speed_ms"",""payload_kg:rated_dual"",""runtime_h:unstated"",""weight_kg""]","[]","0","0","[""missing_3d"",""missing_core_specs"",""missing_image"",""no_manufacturer_facts""]","[""public_record_needs_source_review""]","[""https://www.robothub.app/en/robots/ubtech-atom-m""]","[]","[]","false","0","[]","[""Collect exact manufacturer product-page, manual or datasheet evidence; leave unpublished values unknown."",""Check German purchasing channels, published business contacts, buyer restrictions, authorization evidence and service coverage."",""Find task-specific deployment evidence including configuration, operating conditions, supervision and measured outcomes.""]"
"P1","unreviewed","dcbbb70f-6ddc-430f-9983-ef9721406f56","ubtech/uworld-u1","UBTECH Robotics","uworld-u1","base","UBTech UWORLD U1","humanoid","unknown","public","2026-10-01","https://www.ubtrobot.com/","3","0","0","","[""dof_total"",""height_m"",""weight_kg""]","[]","0","0","[""missing_3d"",""missing_core_specs"",""missing_image"",""no_manufacturer_facts"",""reported_availability""]","[""public_record_needs_source_review""]","[""https://robotpriceindex.com/robots/ubtech-uworld-u1""]","[]","[]","false","0","[]","[""Collect exact manufacturer product-page, manual or datasheet evidence; leave unpublished values unknown."",""Check German purchasing channels, published business contacts, buyer restrictions, authorization evidence and service coverage."",""Find task-specific deployment evidence including configuration, operating conditions, supervision and measured outcomes.""]"
"P1","unreviewed","5654a88b-8832-4539-93e2-dc0058030d17","ubtech/walker-c1","UBTECH Robotics","walker-c1","base","Walker C1","humanoid","prototype","public","2026-10-01","https://www.ubtrobot.com/","13","0","0","","[""availability_note"",""collaborative"",""connectivity"",""dof_hands"",""dof_total"",""finger_count"",""height_m"",""max_speed_ms"",""payload_kg"",""runtime_h:unstated"",""structural_material"",""walk_speed_ms"",""weight_kg""]","[]","0","0","[""missing_3d"",""missing_core_specs"",""no_manufacturer_facts""]","[""public_record_needs_source_review""]","[""https://humanoid.guide/product/walker-c1/""]","[]","[]","false","0","[]","[""Collect exact manufacturer product-page, manual or datasheet evidence; leave unpublished values unknown."",""Check German purchasing channels, published business contacts, buyer restrictions, authorization evidence and service coverage."",""Find task-specific deployment evidence including configuration, operating conditions, supervision and measured outcomes.""]"
"P1","unreviewed","1e58cfcb-be06-4345-aa6c-13e8c32ef92f","ubtech/walker-s","UBTECH Robotics","walker-s","base","Walker S","humanoid","shipping","public","2026-10-01","https://www.ubtrobot.com/","7","0","0","","[""availability_note"",""dof_total"",""height_m"",""max_speed_ms"",""payload_kg:rated_dual"",""runtime_h:unstated"",""weight_kg""]","[]","0","0","[""missing_3d"",""missing_core_specs"",""no_manufacturer_facts""]","[""public_record_needs_source_review""]","[""https://www.humanoidhub.ai/robots/ubtech-robotics-walker-s"",""https://www.robothub.app/en/robots/walker-s""]","[]","[]","false","0","[]","[""Collect exact manufacturer product-page, manual or datasheet evidence; leave unpublished values unknown."",""Check German purchasing channels, published business contacts, buyer restrictions, authorization evidence and service coverage."",""Find task-specific deployment evidence including configuration, operating conditions, supervision and measured outcomes.""]"
"P1","unreviewed","c0ebd1cb-efaf-4686-a2df-613addeac099","ubtech/walker-x","UBTECH Robotics","walker-x","base","Walker X","humanoid","shipping","public","2026-10-01","https://www.ubtrobot.com/","7","0","0","","[""availability_note"",""dof_total"",""height_m"",""max_speed_ms"",""payload_kg:rated_dual"",""runtime_h:unstated"",""weight_kg""]","[]","0","0","[""missing_3d"",""missing_core_specs"",""no_manufacturer_facts""]","[""public_record_needs_source_review""]","[""https://www.humanoidhub.ai/robots/ubtech-robotics-walker-x"",""https://www.robothub.app/en/robots/walker-x""]","[]","[]","false","0","[]","[""Collect exact manufacturer product-page, manual or datasheet evidence; leave unpublished values unknown."",""Check German purchasing channels, published business contacts, buyer restrictions, authorization evidence and service coverage."",""Find task-specific deployment evidence including configuration, operating conditions, supervision and measured outcomes.""]"
"P1","unreviewed","e2441964-81f0-49f5-b3df-026188db4f71","ultra/operator-op1","Ultra Robotics Corp","operator-op1","base","Operator (OP1)","humanoid","shipping","public","2026-10-01","https://www.ultra.tech/","13","0","0","","[""availability_note"",""collaborative"",""compute_module"",""connectivity"",""dof_hands"",""dof_total"",""finger_count"",""height_m"",""max_speed_ms"",""payload_kg"",""runtime_h:unstated"",""structural_material"",""weight_kg""]","[]","0","0","[""missing_3d"",""missing_core_specs"",""missing_image"",""no_manufacturer_facts""]","[""public_record_needs_source_review""]","[""https://humanoid.guide/product/operator-op1/""]","[]","[]","false","0","[]","[""Collect exact manufacturer product-page, manual or datasheet evidence; leave unpublished values unknown."",""Check German purchasing channels, published business contacts, buyer restrictions, authorization evidence and service coverage."",""Find task-specific deployment evidence including configuration, operating conditions, supervision and measured outcomes.""]"
"P1","unreviewed","91ae7985-8fb7-40e7-936e-38e5af890ae5","uma/northstar","UMA","northstar","base","Northstar","humanoid","prototype","public","2026-10-01","https://uma.bot/","10","0","0","","[""availability_note"",""collaborative"",""dof_hands"",""dof_total"",""finger_count"",""height_m"",""max_speed_ms"",""payload_kg"",""walk_speed_ms"",""weight_kg""]","[]","0","0","[""missing_3d"",""missing_core_specs"",""missing_image"",""no_manufacturer_facts""]","[""public_record_needs_source_review""]","[""https://humanoid.guide/product/northstar/""]","[]","[]","false","0","[]","[""Collect exact manufacturer product-page, manual or datasheet evidence; leave unpublished values unknown."",""Check German purchasing channels, published business contacts, buyer restrictions, authorization evidence and service coverage."",""Find task-specific deployment evidence including configuration, operating conditions, supervision and measured outcomes.""]"
"P1","unreviewed","14880574-fd9a-46d2-8326-14fbdd68d38a","under-control/moby-old","Noble Machines","moby-old","base","Moby (old)","humanoid","prototype","public","2026-10-01","https://www.noblemachines.ai/","14","0","0","","[""availability_note"",""collaborative"",""connectivity"",""dof_hands"",""dof_total"",""finger_count"",""height_m"",""ip_rating"",""max_speed_ms"",""payload_kg"",""runtime_h:unstated"",""structural_material"",""walk_speed_ms"",""weight_kg""]","[]","0","0","[""missing_3d"",""missing_image"",""no_manufacturer_facts""]","[""public_record_needs_source_review""]","[""https://humanoid.guide/product/moby-old/""]","[]","[]","false","0","[]","[""Collect exact manufacturer product-page, manual or datasheet evidence; leave unpublished values unknown."",""Check German purchasing channels, published business contacts, buyer restrictions, authorization evidence and service coverage."",""Find task-specific deployment evidence including configuration, operating conditions, supervision and measured outcomes.""]"
"P1","unreviewed","b178b83e-ae32-40cc-8035-ab2901396dad","unitree/a2","Unitree Robotics","a2","base","Unitree A2","quadruped","shipping","public","2026-10-01","https://www.unitree.com/","6","2","2","2026-09-12T12:02:39.584Z","[""actuators"",""height_m"",""payload_kg:sustained"",""stair_capable"",""step_height_m"",""weight_kg""]","[""stair_capable"",""step_height_m""]","0","0","[""missing_core_specs"",""reported_availability""]","[""public_record_needs_source_review""]","[""https://github.com/unitreerobotics/unitree_ros/blob/7d6075f7f58588b189b940130e3edab3c839b2df/robots/a2_description/urdf/a2.urdf"",""https://robotpriceindex.com/robots/unitree-a2"",""https://shop.unitree.com/products/unitree-a2"",""https://www.unitree.com/A2"",""https://www.unitree.com/A2-W""]","[""https://www.unitree.com/A2""]","[""US""]","false","1","[{""region"":""US"",""status"":""enterprise_only"",""sourceTier"":1,""sourceKind"":""manufacturer"",""sourceUrl"":""https://shop.unitree.com/products/unitree-a2"",""observedAt"":""2026-09-13T20:55:33.647Z"",""recordedInStock"":null,""recordedLeadTimeText"":""Quote only — the store lists a placeholder price""}]","[""Recheck recorded manufacturer facts for this exact configuration, units, qualifiers and operating conditions."",""Check German purchasing channels, published business contacts, buyer restrictions, authorization evidence and service coverage."",""Find task-specific deployment evidence including configuration, operating conditions, supervision and measured outcomes.""]"
"P1","unreviewed","5a8ea0c1-eda1-41bf-9b01-7812a3d2a6f9","unitree/as2","Unitree Robotics","as2","base","Unitree As2","quadruped","shipping","public","2026-10-01","https://www.unitree.com/","2","0","0","","[""payload_kg:sustained"",""weight_kg""]","[]","0","0","[""missing_3d"",""missing_core_specs"",""no_manufacturer_facts"",""reported_availability""]","[""public_record_needs_source_review""]","[""https://robotpriceindex.com/robots/unitree-as2"",""https://shop.unitree.com/products/unitree-as2""]","[]","[""US""]","false","1","[{""region"":""US"",""status"":""enterprise_only"",""sourceTier"":1,""sourceKind"":""manufacturer"",""sourceUrl"":""https://shop.unitree.com/products/unitree-as2"",""observedAt"":""2026-09-13T20:55:33.647Z"",""recordedInStock"":null,""recordedLeadTimeText"":""Quote only — the store lists a placeholder price""}]","[""Collect exact manufacturer product-page, manual or datasheet evidence; leave unpublished values unknown."",""Check German purchasing channels, published business contacts, buyer restrictions, authorization evidence and service coverage."",""Find task-specific deployment evidence including configuration, operating conditions, supervision and measured outcomes.""]"
"P1","unreviewed","8231d7c1-73e4-458e-8e2d-db985e9af4af","unitree/b2","Unitree Robotics","b2","base","Unitree B2","quadruped","shipping","public","2026-10-01","https://www.unitree.com/","28","0","19","2026-09-13T20:55:30.726Z","[""battery_pack"",""battery_wh"",""cameras"",""certifications"",""compute_module"",""connectivity"",""footprint"",""has_lidar"",""height_m"",""ip_rating"",""max_slope_deg"",""max_speed_ms"",""operating_temp_c"",""outdoor_rated"",""payload_kg:carry_walking"",""payload_kg:instant"",""payload_kg:sustained"",""requires_operator"",""runtime_h:unstated"",""stair_capable"",""step_height_m"",""task_capabilities"",""terrain_notes"",""trl"",""weight_kg""]","[""battery_pack"",""battery_wh"",""cameras"",""compute_module"",""connectivity"",""footprint"",""has_lidar"",""height_m"",""ip_rating"",""max_slope_deg"",""max_speed_ms"",""operating_temp_c"",""payload_kg:carry_walking"",""payload_kg:instant"",""runtime_h:unstated"",""stair_capable"",""step_height_m"",""terrain_notes"",""weight_kg""]","1","0","[""missing_core_specs"",""reported_availability""]","[""public_record_needs_source_review""]","[""curated://unitree/b2.yaml#certifications"",""curated://unitree/b2.yaml#outdoor_rated"",""curated://unitree/b2.yaml#requires_operator"",""curated://unitree/b2.yaml#stair_capable"",""curated://unitree/b2.yaml#task_capabilities"",""curated://unitree/b2.yaml#trl"",""https://robotpriceindex.com/robots/unitree-b2"",""https://shop.unitree.com/products/unitree-b2"",""https://www.unitree.com/b2""]","[""https://www.unitree.com/b2""]","[""US""]","false","1","[{""region"":""US"",""status"":""enterprise_only"",""sourceTier"":1,""sourceKind"":""manufacturer"",""sourceUrl"":""https://shop.unitree.com/products/unitree-b2"",""observedAt"":""2026-09-13T20:55:33.647Z"",""recordedInStock"":null,""recordedLeadTimeText"":""Quote only — the store lists a placeholder price""}]","[""Recheck recorded manufacturer facts for this exact configuration, units, qualifiers and operating conditions."",""Check German purchasing channels, published business contacts, buyer restrictions, authorization evidence and service coverage."",""Find task-specific deployment evidence including configuration, operating conditions, supervision and measured outcomes.""]"
"P1","unreviewed","4e3fbb50-0d38-4d58-b7a9-b58e488e2e65","unitree/b2#w","Unitree Robotics","b2","w","Unitree B2-W","quadruped","shipping","public","2026-10-01","https://www.unitree.com/","9","0","0","","[""certifications"",""height_m"",""outdoor_rated"",""payload_kg:sustained"",""requires_operator"",""stair_capable"",""task_capabilities"",""trl"",""weight_kg""]","[]","1","0","[""missing_core_specs"",""no_manufacturer_facts"",""reported_availability""]","[""public_record_needs_source_review""]","[""curated://unitree/b2.yaml#certifications"",""curated://unitree/b2.yaml#outdoor_rated"",""curated://unitree/b2.yaml#requires_operator"",""curated://unitree/b2.yaml#stair_capable"",""curated://unitree/b2.yaml#task_capabilities"",""curated://unitree/b2.yaml#trl"",""https://robotpriceindex.com/robots/unitree-b2-w"",""https://shop.unitree.com/products/unitree-b2-w""]","[]","[""US""]","false","1","[{""region"":""US"",""status"":""enterprise_only"",""sourceTier"":1,""sourceKind"":""manufacturer"",""sourceUrl"":""https://shop.unitree.com/products/unitree-b2-w"",""observedAt"":""2026-09-13T20:55:33.647Z"",""recordedInStock"":null,""recordedLeadTimeText"":""Quote only — the store lists a placeholder price""}]","[""Collect exact manufacturer product-page, manual or datasheet evidence; leave unpublished values unknown."",""Check German purchasing channels, published business contacts, buyer restrictions, authorization evidence and service coverage."",""Find task-specific deployment evidence including configuration, operating conditions, supervision and measured outcomes.""]"
"P1","unreviewed","60c39eec-3a43-46aa-a04d-93180b4507aa","unitree/g1-d","Unitree Robotics","g1-d","base","Unitree G1-D","humanoid","shipping","public","2026-10-01","https://www.unitree.com/","11","0","0","","[""actuators"",""cameras"",""compute_module"",""dof_hands"",""dof_total"",""has_lidar"",""height_m"",""max_speed_ms"",""payload_kg:sustained"",""runtime_h:unstated"",""weight_kg""]","[]","0","0","[""missing_core_specs"",""no_manufacturer_facts""]","[""public_record_needs_source_review""]","[""https://github.com/unitreerobotics/unitree_ros/blob/7d6075f7f58588b189b940130e3edab3c839b2df/robots/g1_d_description/g1_d.urdf"",""https://www.robothub.app/en/robots/unitree-g1-d""]","[]","[]","false","0","[]","[""Collect exact manufacturer product-page, manual or datasheet evidence; leave unpublished values unknown."",""Check German purchasing channels, published business contacts, buyer restrictions, authorization evidence and service coverage."",""Find task-specific deployment evidence including configuration, operating conditions, supervision and measured outcomes.""]"
"P1","unreviewed","e05db229-b5ad-4bd0-a861-6ee55945402b","unitree/go2","Unitree Robotics","go2","base","Unitree Go2","quadruped","shipping","public","2026-10-01","https://www.unitree.com/","5","0","1","2026-09-13T20:55:33.647Z","[""actuators"",""equipment_options"",""height_m"",""payload_kg:sustained"",""weight_kg""]","[""equipment_options""]","0","0","[""missing_core_specs""]","[""public_record_needs_source_review""]","[""https://github.com/unitreerobotics/unitree_ros/blob/7d6075f7f58588b189b940130e3edab3c839b2df/robots/go2_description/urdf/go2_description.urdf"",""https://robotpriceindex.com/robots/unitree-go2"",""https://shop.unitree.com/products.json"",""https://shop.unitree.com/products/unitree-go2""]","[""https://shop.unitree.com/products.json""]","[""GLOBAL""]","false","0","[{""region"":""GLOBAL"",""status"":""for_sale"",""sourceTier"":1,""sourceKind"":""manufacturer"",""sourceUrl"":""https://shop.unitree.com/products/unitree-go2"",""observedAt"":""2026-09-13T21:08:22.835Z"",""recordedInStock"":null,""recordedLeadTimeText"":""The official Go2 store offers named Air, Pro and X configurations and checkout. Availability of each configuration and delivery destination must be confirmed.""}]","[""Recheck recorded manufacturer facts for this exact configuration, units, qualifiers and operating conditions."",""Check German purchasing channels, published business contacts, buyer restrictions, authorization evidence and service coverage."",""Find task-specific deployment evidence including configuration, operating conditions, supervision and measured outcomes.""]"
"P1","unreviewed","6cf9eddd-8c7d-4fe3-a256-4e6a3cf0f1a7","unitree/go2#air","Unitree Robotics","go2","air","Unitree Go2 Air","quadruped","shipping","public","2026-10-01","https://www.unitree.com/","19","1","13","2026-09-13T20:55:28.793Z","[""certifications"",""connectivity"",""footprint"",""height_m"",""max_slope_deg"",""max_speed_ms"",""outdoor_rated"",""payload_kg:instant"",""payload_kg:sustained"",""requires_operator"",""runtime_h:unstated"",""stair_capable"",""step_height_m"",""structural_material"",""task_capabilities"",""trl"",""warranty_months"",""weight_kg""]","[""connectivity"",""footprint"",""height_m"",""max_slope_deg"",""max_speed_ms"",""payload_kg:instant"",""payload_kg:sustained"",""runtime_h:unstated"",""stair_capable"",""step_height_m"",""structural_material"",""warranty_months"",""weight_kg""]","1","0","[""missing_core_specs""]","[""public_record_needs_source_review""]","[""curated://unitree/go2.yaml#certifications"",""curated://unitree/go2.yaml#outdoor_rated"",""curated://unitree/go2.yaml#requires_operator"",""curated://unitree/go2.yaml#stair_capable"",""curated://unitree/go2.yaml#task_capabilities"",""curated://unitree/go2.yaml#trl"",""https://shop.unitree.com/products/unitree-go2"",""https://www.unitree.com/go2""]","[""https://www.unitree.com/go2""]","[""US""]","false","0","[{""region"":""US"",""status"":""for_sale"",""sourceTier"":1,""sourceKind"":""manufacturer"",""sourceUrl"":""https://shop.unitree.com/products/unitree-go2"",""observedAt"":""2026-09-13T20:55:33.647Z"",""recordedInStock"":null,""recordedLeadTimeText"":""Available to order from the manufacturer store; confirm stock and delivery""}]","[""Recheck recorded manufacturer facts for this exact configuration, units, qualifiers and operating conditions."",""Check German purchasing channels, published business contacts, buyer restrictions, authorization evidence and service coverage."",""Find task-specific deployment evidence including configuration, operating conditions, supervision and measured outcomes.""]"
"P1","unreviewed","ef500447-946c-478b-96d2-91e2ab0183bd","unitree/go2#pro","Unitree Robotics","go2","pro","Unitree Go2 Pro","quadruped","shipping","public","2026-10-01","https://www.unitree.com/","20","1","14","2026-09-13T20:55:28.793Z","[""certifications"",""compute_module"",""connectivity"",""footprint"",""height_m"",""max_slope_deg"",""max_speed_ms"",""outdoor_rated"",""payload_kg:instant"",""payload_kg:sustained"",""requires_operator"",""runtime_h:unstated"",""stair_capable"",""step_height_m"",""structural_material"",""task_capabilities"",""trl"",""warranty_months"",""weight_kg""]","[""compute_module"",""connectivity"",""footprint"",""height_m"",""max_slope_deg"",""max_speed_ms"",""payload_kg:instant"",""payload_kg:sustained"",""runtime_h:unstated"",""stair_capable"",""step_height_m"",""structural_material"",""warranty_months"",""weight_kg""]","1","0","[""missing_core_specs""]","[""public_record_needs_source_review""]","[""curated://unitree/go2.yaml#certifications"",""curated://unitree/go2.yaml#outdoor_rated"",""curated://unitree/go2.yaml#requires_operator"",""curated://unitree/go2.yaml#stair_capable"",""curated://unitree/go2.yaml#task_capabilities"",""curated://unitree/go2.yaml#trl"",""https://shop.unitree.com/products/unitree-go2"",""https://www.unitree.com/go2""]","[""https://www.unitree.com/go2""]","[""US""]","false","0","[{""region"":""US"",""status"":""for_sale"",""sourceTier"":1,""sourceKind"":""manufacturer"",""sourceUrl"":""https://shop.unitree.com/products/unitree-go2"",""observedAt"":""2026-09-13T20:55:33.647Z"",""recordedInStock"":null,""recordedLeadTimeText"":""Available to order from the manufacturer store; confirm stock and delivery""}]","[""Recheck recorded manufacturer facts for this exact configuration, units, qualifiers and operating conditions."",""Check German purchasing channels, published business contacts, buyer restrictions, authorization evidence and service coverage."",""Find task-specific deployment evidence including configuration, operating conditions, supervision and measured outcomes.""]"
"P1","unreviewed","c676d82d-0977-45c2-a059-1c332e00a039","unitree/go2#w","Unitree Robotics","go2","w","Unitree Go2-W","quadruped","unknown","public","2026-10-01","https://www.unitree.com/","4","0","0","","[""actuators"",""height_m"",""payload_kg:sustained"",""weight_kg""]","[]","0","0","[""missing_core_specs"",""no_manufacturer_facts"",""reported_availability""]","[""public_record_needs_source_review""]","[""https://github.com/unitreerobotics/unitree_ros/blob/7d6075f7f58588b189b940130e3edab3c839b2df/robots/go2w_description/urdf/go2w_description.urdf"",""https://robotpriceindex.com/robots/unitree-go2-w""]","[]","[]","false","1","[]","[""Collect exact manufacturer product-page, manual or datasheet evidence; leave unpublished values unknown."",""Check German purchasing channels, published business contacts, buyer restrictions, authorization evidence and service coverage."",""Find task-specific deployment evidence including configuration, operating conditions, supervision and measured outcomes.""]"
"P1","unreviewed","4a49b504-e64f-4f50-8b1e-53260ee7f4f8","unitree/go2#x","Unitree Robotics","go2","x","Unitree Go2-X","quadruped","shipping","public","2026-10-01","https://www.unitree.com/","20","1","14","2026-09-13T20:55:28.793Z","[""certifications"",""compute_module"",""connectivity"",""footprint"",""height_m"",""max_slope_deg"",""max_speed_ms"",""outdoor_rated"",""payload_kg:instant"",""payload_kg:sustained"",""requires_operator"",""runtime_h:unstated"",""stair_capable"",""step_height_m"",""structural_material"",""task_capabilities"",""trl"",""warranty_months"",""weight_kg""]","[""compute_module"",""connectivity"",""footprint"",""height_m"",""max_slope_deg"",""max_speed_ms"",""payload_kg:instant"",""payload_kg:sustained"",""runtime_h:unstated"",""stair_capable"",""step_height_m"",""structural_material"",""warranty_months"",""weight_kg""]","1","0","[""missing_core_specs""]","[""public_record_needs_source_review""]","[""curated://unitree/go2.yaml#certifications"",""curated://unitree/go2.yaml#outdoor_rated"",""curated://unitree/go2.yaml#requires_operator"",""curated://unitree/go2.yaml#stair_capable"",""curated://unitree/go2.yaml#task_capabilities"",""curated://unitree/go2.yaml#trl"",""https://shop.unitree.com/products/unitree-go2"",""https://www.unitree.com/go2""]","[""https://www.unitree.com/go2""]","[""US""]","false","0","[{""region"":""US"",""status"":""for_sale"",""sourceTier"":1,""sourceKind"":""manufacturer"",""sourceUrl"":""https://shop.unitree.com/products/unitree-go2"",""observedAt"":""2026-09-13T20:55:33.647Z"",""recordedInStock"":null,""recordedLeadTimeText"":""Available to order from the manufacturer store; confirm stock and delivery""}]","[""Recheck recorded manufacturer facts for this exact configuration, units, qualifiers and operating conditions."",""Check German purchasing channels, published business contacts, buyer restrictions, authorization evidence and service coverage."",""Find task-specific deployment evidence including configuration, operating conditions, supervision and measured outcomes.""]"
"P1","unreviewed","60b0f246-83f1-4bf3-b4fa-77cd78060a69","unitree/r1#air","Unitree Robotics","r1","air","Unitree R1 Air","humanoid","shipping","public","2026-10-01","https://www.unitree.com/","0","0","0","","[]","[]","0","0","[""missing_3d"",""missing_core_specs"",""no_facts"",""no_manufacturer_facts""]","[""public_record_needs_source_review""]","[""https://shop.unitree.com/products/unitree-r1""]","[]","[""US""]","false","0","[{""region"":""US"",""status"":""for_sale"",""sourceTier"":1,""sourceKind"":""manufacturer"",""sourceUrl"":""https://shop.unitree.com/products/unitree-r1"",""observedAt"":""2026-09-13T20:55:33.647Z"",""recordedInStock"":null,""recordedLeadTimeText"":""Available to order from the manufacturer store; confirm stock and delivery""}]","[""Collect exact manufacturer product-page, manual or datasheet evidence; leave unpublished values unknown."",""Check German purchasing channels, published business contacts, buyer restrictions, authorization evidence and service coverage."",""Find task-specific deployment evidence including configuration, operating conditions, supervision and measured outcomes.""]"
"P1","unreviewed","cfa7a353-59b3-4b72-9968-d81491b3ef5c","unitree/r1#edu","Unitree Robotics","r1","edu","Unitree R1 EDU","humanoid","shipping","public","2026-10-01","https://www.unitree.com/","1","0","0","","[""actuators""]","[]","0","0","[""missing_core_specs"",""no_manufacturer_facts""]","[""public_record_needs_source_review""]","[""https://github.com/unitreerobotics/unitree_ros/blob/7d6075f7f58588b189b940130e3edab3c839b2df/robots/r1_description/R1.urdf"",""https://shop.unitree.com/products/unitree-r1""]","[]","[""US""]","false","0","[{""region"":""US"",""status"":""for_sale"",""sourceTier"":1,""sourceKind"":""manufacturer"",""sourceUrl"":""https://shop.unitree.com/products/unitree-r1"",""observedAt"":""2026-09-13T20:55:33.647Z"",""recordedInStock"":null,""recordedLeadTimeText"":""Available to order from the manufacturer store; confirm stock and delivery""}]","[""Collect exact manufacturer product-page, manual or datasheet evidence; leave unpublished values unknown."",""Check German purchasing channels, published business contacts, buyer restrictions, authorization evidence and service coverage."",""Find task-specific deployment evidence including configuration, operating conditions, supervision and measured outcomes.""]"
"P1","unreviewed","c6144d03-3236-4ef6-abe3-6040287fb13c","unitree/superman","Unitree Robotics","superman","base","Superman","humanoid","prototype","public","2026-10-01","https://www.unitree.com/","13","0","0","","[""availability_note"",""collaborative"",""compute_module"",""connectivity"",""dof_total"",""height_m"",""max_speed_ms"",""payload_kg"",""runtime_h:unstated"",""structural_material"",""walk_speed_ms"",""weight_kg""]","[]","0","0","[""missing_3d"",""missing_core_specs"",""missing_image"",""no_manufacturer_facts""]","[""public_record_needs_source_review""]","[""https://humanoid.guide/product/superman/"",""https://www.robothub.app/en/robots/unitree-superman""]","[]","[]","false","0","[]","[""Collect exact manufacturer product-page, manual or datasheet evidence; leave unpublished values unknown."",""Check German purchasing channels, published business contacts, buyer restrictions, authorization evidence and service coverage."",""Find task-specific deployment evidence including configuration, operating conditions, supervision and measured outcomes.""]"
"P1","unreviewed","f7deef5d-c1d8-49ed-888b-53496c8a9a7d","unitree/superman-prototype","Unitree Robotics","superman-prototype","base","Superman (prototype)","humanoid","unknown","public","2026-10-01","https://www.unitree.com/","0","0","0","","[]","[]","0","0","[""missing_3d"",""missing_core_specs"",""missing_image"",""no_facts"",""no_manufacturer_facts"",""reported_availability""]","[""public_record_needs_source_review""]","[""https://robotpriceindex.com/robots/unitree-superman""]","[]","[]","false","0","[]","[""Collect exact manufacturer product-page, manual or datasheet evidence; leave unpublished values unknown."",""Check German purchasing channels, published business contacts, buyer restrictions, authorization evidence and service coverage."",""Find task-specific deployment evidence including configuration, operating conditions, supervision and measured outcomes.""]"
"P1","unreviewed","3acee33b-1f3b-4d0c-b519-a4a4509826eb","unknown/tina","Tianlian Robotics","tina","base","Tina","humanoid","unknown","public","2026-10-01","https://www.tlibot.com/","0","0","0","","[]","[]","0","0","[""missing_3d"",""missing_core_specs"",""missing_image"",""no_facts"",""no_manufacturer_facts""]","[""public_record_needs_source_review""]","[]","[]","[]","false","0","[]","[""Collect exact manufacturer product-page, manual or datasheet evidence; leave unpublished values unknown."",""Check German purchasing channels, published business contacts, buyer restrictions, authorization evidence and service coverage."",""Find task-specific deployment evidence including configuration, operating conditions, supervision and measured outcomes.""]"
"P1","unreviewed","1773b23f-15ba-4ea5-a275-fddb819636a7","vanar/generation-1","Vanar Robots","generation-1","base","Vanar Generation 1","humanoid","unknown","public","2026-10-01","https://www.vanarrobots.com/","6","0","3","2026-09-12T13:07:43.578Z","[""dof_total"",""height_m"",""weight_kg""]","[""dof_total"",""height_m"",""weight_kg""]","0","0","[""missing_3d"",""missing_core_specs""]","[""public_record_needs_source_review""]","[""https://www.robothub.app/en/robots/vanar-humanoid"",""https://www.vanarrobots.com/""]","[""https://www.vanarrobots.com/""]","[]","false","0","[]","[""Recheck recorded manufacturer facts for this exact configuration, units, qualifiers and operating conditions."",""Check German purchasing channels, published business contacts, buyer restrictions, authorization evidence and service coverage."",""Find task-specific deployment evidence including configuration, operating conditions, supervision and measured outcomes.""]"
"P1","unreviewed","545628c0-dd0c-4a1c-917f-6215d4490a33","vinmotion/motion-1","VinMotion","motion-1","base","Motion 1","humanoid","unknown","public","2026-10-01","https://vinmotion.net/","0","0","0","","[]","[]","0","0","[""missing_3d"",""missing_core_specs"",""missing_image"",""no_facts"",""no_manufacturer_facts""]","[""public_record_needs_source_review""]","[]","[]","[]","false","0","[]","[""Collect exact manufacturer product-page, manual or datasheet evidence; leave unpublished values unknown."",""Check German purchasing channels, published business contacts, buyer restrictions, authorization evidence and service coverage."",""Find task-specific deployment evidence including configuration, operating conditions, supervision and measured outcomes.""]"
"P1","unreviewed","f7137756-ebb5-4e1d-94ab-daedc186d9f5","vinmotion/motion-2","VinMotion","motion-2","base","Motion 2","humanoid","prototype","public","2026-10-01","https://vinmotion.net/","14","0","0","","[""availability_note"",""collaborative"",""connectivity"",""dof_hands"",""dof_total"",""finger_count"",""height_m"",""ip_rating"",""max_speed_ms"",""payload_kg"",""runtime_h:unstated"",""structural_material"",""walk_speed_ms"",""weight_kg""]","[]","0","0","[""missing_3d"",""missing_image"",""no_manufacturer_facts""]","[""public_record_needs_source_review""]","[""https://humanoid.guide/product/motion-2/""]","[]","[]","false","0","[]","[""Collect exact manufacturer product-page, manual or datasheet evidence; leave unpublished values unknown."",""Check German purchasing channels, published business contacts, buyer restrictions, authorization evidence and service coverage."",""Find task-specific deployment evidence including configuration, operating conditions, supervision and measured outcomes.""]"
"P1","unreviewed","bf552d1e-3096-4099-883b-48a365adc65a","vinrobotics/district-1","VinRobotics","district-1","base","District 1","humanoid","unknown","public","2026-10-01","https://vinrobotics.net/","1","0","0","","[""availability_note""]","[]","0","0","[""missing_3d"",""missing_core_specs"",""missing_image"",""no_manufacturer_facts""]","[""public_record_needs_source_review""]","[""https://www.humanoidhub.ai/robots/vinrobotics-district-1""]","[]","[]","false","0","[]","[""Collect exact manufacturer product-page, manual or datasheet evidence; leave unpublished values unknown."",""Check German purchasing channels, published business contacts, buyer restrictions, authorization evidence and service coverage."",""Find task-specific deployment evidence including configuration, operating conditions, supervision and measured outcomes.""]"
"P1","unreviewed","b64bc4a1-16e4-4eda-9a64-e4b3bb2d911f","vita-dynamics/atom","Vita Dynamics / Vbot","atom","base","ATOM","humanoid","prototype","public","2026-10-01","https://www.vbot.cn/","3","0","0","","[""compute_module"",""dof_total"",""height_m""]","[]","0","0","[""missing_3d"",""missing_core_specs"",""missing_image"",""no_manufacturer_facts""]","[""public_record_needs_source_review""]","[""https://www.robothub.app/en/robots/vita-atom""]","[]","[]","false","0","[]","[""Collect exact manufacturer product-page, manual or datasheet evidence; leave unpublished values unknown."",""Check German purchasing channels, published business contacts, buyer restrictions, authorization evidence and service coverage."",""Find task-specific deployment evidence including configuration, operating conditions, supervision and measured outcomes.""]"
"P1","unreviewed","66ddef56-3a88-496c-905c-45ad832942c1","vizumtech/harvesting-robot","Vizum Technology","harvesting-robot","base","Harvesting Robot","humanoid","unknown","public","2026-10-01","https://www.vizumtech.com/","2","0","0","","[""dof_total"",""height_m""]","[]","0","0","[""missing_3d"",""missing_core_specs"",""missing_image"",""no_manufacturer_facts""]","[""public_record_needs_source_review""]","[""https://www.robothub.app/en/robots/weijing-harvesting-robot""]","[]","[]","false","0","[]","[""Collect exact manufacturer product-page, manual or datasheet evidence; leave unpublished values unknown."",""Check German purchasing channels, published business contacts, buyer restrictions, authorization evidence and service coverage."",""Find task-specific deployment evidence including configuration, operating conditions, supervision and measured outcomes.""]"
"P1","unreviewed","3eeecfdb-9c20-4cbf-80f2-c7564272b932","vizumtech/xiaowei-agv","Vizum Technology","xiaowei-agv","base","XiaoWei AGV","humanoid","prototype","public","2026-10-01","https://www.vizumtech.com/","2","0","0","","[""dof_total"",""height_m""]","[]","0","0","[""missing_3d"",""missing_core_specs"",""missing_image"",""no_manufacturer_facts""]","[""public_record_needs_source_review""]","[""https://www.robothub.app/en/robots/weijing-xiaowei-agv""]","[]","[]","false","0","[]","[""Collect exact manufacturer product-page, manual or datasheet evidence; leave unpublished values unknown."",""Check German purchasing channels, published business contacts, buyer restrictions, authorization evidence and service coverage."",""Find task-specific deployment evidence including configuration, operating conditions, supervision and measured outcomes.""]"
"P1","unreviewed","75e78904-5b65-45e3-bd49-6b080d3fdd39","walden/robot","Walden Robotics","robot","base","Walden Robot","mobile_manipulator","prototype","public","2026-10-01","https://www.waldenrobotics.com/","1","0","0","","[""compute_module""]","[]","0","0","[""missing_3d"",""missing_core_specs"",""no_manufacturer_facts""]","[""public_record_needs_source_review""]","[""https://www.robothub.app/en/robots/walden-robot""]","[]","[]","false","0","[]","[""Collect exact manufacturer product-page, manual or datasheet evidence; leave unpublished values unknown."",""Check German purchasing channels, published business contacts, buyer restrictions, authorization evidence and service coverage."",""Find task-specific deployment evidence including configuration, operating conditions, supervision and measured outcomes.""]"
"P1","unreviewed","a080ca1f-a13c-4a31-a47b-8d7b6ce02a19","walden/walden","Walden Robotics","walden","base","Walden","humanoid","shipping","public","2026-10-01","https://www.waldenrobotics.com/","10","0","0","","[""availability_note"",""collaborative"",""dof_hands"",""dof_total"",""finger_count"",""height_m"",""max_speed_ms"",""payload_kg"",""runtime_h:unstated"",""weight_kg""]","[]","0","0","[""missing_3d"",""missing_core_specs"",""no_manufacturer_facts""]","[""public_record_needs_source_review""]","[""https://humanoid.guide/product/walden/""]","[]","[]","false","0","[]","[""Collect exact manufacturer product-page, manual or datasheet evidence; leave unpublished values unknown."",""Check German purchasing channels, published business contacts, buyer restrictions, authorization evidence and service coverage."",""Find task-specific deployment evidence including configuration, operating conditions, supervision and measured outcomes.""]"
"P1","unreviewed","8056304b-6ed1-45ce-b4b1-3ae2ab1b56a6","wandercraft/calvin-40","Wandercraft","calvin-40","base","CALVIN-40","humanoid","shipping","public","2026-10-01","https://en.wandercraft.eu/","15","0","0","","[""availability_note"",""collaborative"",""compute_module"",""connectivity"",""dof_hands"",""dof_total"",""height_m"",""ip_rating"",""max_speed_ms"",""payload_kg"",""payload_kg:rated_dual"",""runtime_h:unstated"",""structural_material"",""walk_speed_ms"",""weight_kg""]","[]","0","0","[""missing_3d"",""missing_image"",""no_manufacturer_facts""]","[""public_record_needs_source_review""]","[""https://humanoid.guide/product/calvin-40/"",""https://www.robothub.app/en/robots/calvin-40""]","[]","[]","false","0","[]","[""Collect exact manufacturer product-page, manual or datasheet evidence; leave unpublished values unknown."",""Check German purchasing channels, published business contacts, buyer restrictions, authorization evidence and service coverage."",""Find task-specific deployment evidence including configuration, operating conditions, supervision and measured outcomes.""]"
"P1","unreviewed","3437996a-34c6-4f82-9f4e-fcea7f380878","weave/isaac-0","Weave Robotics, Inc.","isaac-0","base","Isaac 0","humanoid","shipping","public","2026-10-01","https://www.weaverobotics.com/","8","0","0","","[""availability_note"",""collaborative"",""connectivity"",""dof_hands"",""dof_total"",""finger_count"",""height_m"",""payload_kg""]","[]","0","0","[""missing_3d"",""missing_core_specs"",""no_manufacturer_facts""]","[""public_record_needs_source_review""]","[""https://humanoid.guide/product/isaac-0/""]","[]","[]","false","0","[]","[""Collect exact manufacturer product-page, manual or datasheet evidence; leave unpublished values unknown."",""Check German purchasing channels, published business contacts, buyer restrictions, authorization evidence and service coverage."",""Find task-specific deployment evidence including configuration, operating conditions, supervision and measured outcomes.""]"
"P1","unreviewed","8f9fd996-6502-4732-aedf-9e40e733e921","weave/isaac-1","Weave Robotics, Inc.","isaac-1","base","Isaac 1","mobile_manipulator","pre_order","public","2026-10-01","https://www.weaverobotics.com/","13","0","0","","[""availability_note"",""collaborative"",""connectivity"",""dof_hands"",""dof_total"",""finger_count"",""height_m"",""max_speed_ms"",""payload_kg"",""runtime_h:unstated"",""structural_material"",""weight_kg""]","[]","0","0","[""missing_3d"",""missing_core_specs"",""no_manufacturer_facts"",""reported_availability""]","[""public_record_needs_source_review""]","[""https://humanoid.guide/product/isaac-1/"",""https://robotpriceindex.com/robots/weave-isaac-1""]","[]","[]","false","0","[]","[""Collect exact manufacturer product-page, manual or datasheet evidence; leave unpublished values unknown."",""Check German purchasing channels, published business contacts, buyer restrictions, authorization evidence and service coverage."",""Find task-specific deployment evidence including configuration, operating conditions, supervision and measured outcomes.""]"
"P1","unreviewed","ee50c512-c741-46f2-bd2f-eaa0ac7e890d","west-lake/titan-o1","West Lake Robotics","titan-o1","base","TITAN O1","humanoid","unknown","public","2026-10-01","https://wlrobo.com/","8","0","0","","[""cameras"",""compute_module"",""dof_total"",""has_lidar"",""height_m"",""payload_kg:rated_dual"",""runtime_h:unstated"",""weight_kg""]","[]","0","0","[""missing_3d"",""missing_core_specs"",""missing_image"",""no_manufacturer_facts""]","[""public_record_needs_source_review""]","[""https://www.robothub.app/en/robots/titan-o1""]","[]","[]","false","0","[]","[""Collect exact manufacturer product-page, manual or datasheet evidence; leave unpublished values unknown."",""Check German purchasing channels, published business contacts, buyer restrictions, authorization evidence and service coverage."",""Find task-specific deployment evidence including configuration, operating conditions, supervision and measured outcomes.""]"
"P1","unreviewed","dcc0634e-3aa6-439f-b7ef-7ced5960c7fd","westwood/themis-v2","Westwood Robotics","themis-v2","base","THEMIS V2","humanoid","shipping","public","2026-10-01","https://www.westwoodrobotics.io/","6","0","0","","[""availability_note"",""dof_total"",""height_m"",""max_speed_ms"",""payload_kg"",""weight_kg""]","[]","0","0","[""missing_3d"",""missing_core_specs"",""missing_image"",""no_manufacturer_facts""]","[""public_record_needs_source_review""]","[""https://humanoid.guide/product/themis-v2/""]","[]","[]","false","0","[]","[""Collect exact manufacturer product-page, manual or datasheet evidence; leave unpublished values unknown."",""Check German purchasing channels, published business contacts, buyer restrictions, authorization evidence and service coverage."",""Find task-specific deployment evidence including configuration, operating conditions, supervision and measured outcomes.""]"
"P1","unreviewed","e286c9b6-55b8-40b0-955b-05e369909c2f","wirobotics/allex","WIRobotics","allex","base","ALLEX","mobile_manipulator","prototype","public","2026-10-01","https://www.wirobotics.com/","4","0","0","","[""availability_note"",""dof_hands"",""finger_count"",""payload_kg""]","[]","0","0","[""missing_3d"",""missing_core_specs"",""no_manufacturer_facts""]","[""public_record_needs_source_review""]","[""https://humanoid.guide/product/allex/""]","[]","[]","false","0","[]","[""Collect exact manufacturer product-page, manual or datasheet evidence; leave unpublished values unknown."",""Check German purchasing channels, published business contacts, buyer restrictions, authorization evidence and service coverage."",""Find task-specific deployment evidence including configuration, operating conditions, supervision and measured outcomes.""]"
"P1","unreviewed","f2790953-70b9-479b-86af-8e23d588f62f","wl/totan-o1","West Lake Robotics","totan-o1","base","Totan O1","humanoid","shipping","public","2026-10-01","https://wlrobo.com/","13","0","0","","[""availability_note"",""collaborative"",""connectivity"",""dof_hands"",""dof_total"",""finger_count"",""height_m"",""max_speed_ms"",""payload_kg"",""runtime_h:unstated"",""structural_material"",""walk_speed_ms"",""weight_kg""]","[]","0","0","[""missing_3d"",""missing_core_specs"",""missing_image"",""no_manufacturer_facts""]","[""public_record_needs_source_review""]","[""https://humanoid.guide/product/totan-o1/""]","[]","[]","false","0","[]","[""Collect exact manufacturer product-page, manual or datasheet evidence; leave unpublished values unknown."",""Check German purchasing channels, published business contacts, buyer restrictions, authorization evidence and service coverage."",""Find task-specific deployment evidence including configuration, operating conditions, supervision and measured outcomes.""]"
"P1","unreviewed","d1712e48-58c1-4cd5-abb5-b0e3e3718e31","x-humanoid/omni","X-Humanoid","omni","base","Omni","humanoid","prototype","public","2026-10-01","https://www.x-humanoid.com/","13","0","0","","[""availability_note"",""collaborative"",""connectivity"",""dof_hands"",""dof_total"",""finger_count"",""height_m"",""max_speed_ms"",""payload_kg"",""runtime_h:unstated"",""structural_material"",""walk_speed_ms"",""weight_kg""]","[]","0","0","[""missing_3d"",""missing_core_specs"",""no_manufacturer_facts""]","[""public_record_needs_source_review""]","[""https://humanoid.guide/product/omni/""]","[]","[]","false","0","[]","[""Collect exact manufacturer product-page, manual or datasheet evidence; leave unpublished values unknown."",""Check German purchasing channels, published business contacts, buyer restrictions, authorization evidence and service coverage."",""Find task-specific deployment evidence including configuration, operating conditions, supervision and measured outcomes.""]"
"P1","unreviewed","b70ebd61-2f57-4964-8157-a38f36a7274a","x-humanoid/tian-yi-2-0","X-Humanoid","tian-yi-2-0","base","Tian Yi 2.0","humanoid","shipping","public","2026-10-01","https://www.x-humanoid.com/","8","0","0","","[""availability_note"",""collaborative"",""compute_module"",""connectivity"",""finger_count"",""height_m"",""max_speed_ms"",""payload_kg""]","[]","0","0","[""missing_3d"",""missing_core_specs"",""missing_image"",""no_manufacturer_facts""]","[""public_record_needs_source_review""]","[""https://humanoid.guide/product/tian-yi-2-0/""]","[]","[]","false","0","[]","[""Collect exact manufacturer product-page, manual or datasheet evidence; leave unpublished values unknown."",""Check German purchasing channels, published business contacts, buyer restrictions, authorization evidence and service coverage."",""Find task-specific deployment evidence including configuration, operating conditions, supervision and measured outcomes.""]"
"P1","unreviewed","3e497d8a-98c9-4380-be94-112f2be8ffa6","x-humanoid/tiangong-walker-tien-kung","X-Humanoid","tiangong-walker-tien-kung","base","TianGong Walker (Tien Kung)","humanoid","unknown","public","2026-10-01","https://www.x-humanoid.com/","2","0","0","","[""dof_total"",""height_m""]","[]","0","0","[""missing_3d"",""missing_core_specs"",""missing_image"",""no_manufacturer_facts"",""reported_availability""]","[""public_record_needs_source_review""]","[""https://robotpriceindex.com/robots/tiangong-walker""]","[]","[]","false","1","[]","[""Collect exact manufacturer product-page, manual or datasheet evidence; leave unpublished values unknown."",""Check German purchasing channels, published business contacts, buyer restrictions, authorization evidence and service coverage."",""Find task-specific deployment evidence including configuration, operating conditions, supervision and measured outcomes.""]"
"P1","unreviewed","b67ea9da-5e5e-4bee-bf4c-7f7a9c225d7e","x-humanoid/tien-kung-2-0","X-Humanoid","tien-kung-2-0","base","Tien Kung 2.0","humanoid","shipping","public","2026-10-01","https://www.x-humanoid.com/","12","0","0","","[""availability_note"",""collaborative"",""compute_module"",""connectivity"",""dof_total"",""finger_count"",""height_m"",""max_speed_ms"",""payload_kg"",""structural_material"",""walk_speed_ms"",""weight_kg""]","[]","0","0","[""missing_3d"",""missing_core_specs"",""missing_image"",""no_manufacturer_facts""]","[""public_record_needs_source_review""]","[""https://humanoid.guide/product/tien-kung-2-0/""]","[]","[]","false","0","[]","[""Collect exact manufacturer product-page, manual or datasheet evidence; leave unpublished values unknown."",""Check German purchasing channels, published business contacts, buyer restrictions, authorization evidence and service coverage."",""Find task-specific deployment evidence including configuration, operating conditions, supervision and measured outcomes.""]"
"P1","unreviewed","cf608404-2f75-487a-8a8c-572c18e38c26","x-humanoid/tien-kung-3-0","X-Humanoid","tien-kung-3-0","base","Tien Kung 3.0","humanoid","prototype","public","2026-10-01","https://www.x-humanoid.com/","13","0","0","","[""availability_note"",""collaborative"",""connectivity"",""dof_hands"",""dof_total"",""finger_count"",""height_m"",""max_speed_ms"",""payload_kg"",""runtime_h:unstated"",""structural_material"",""walk_speed_ms"",""weight_kg""]","[]","0","0","[""missing_3d"",""missing_core_specs"",""missing_image"",""no_manufacturer_facts""]","[""public_record_needs_source_review""]","[""https://humanoid.guide/product/tien-kung-3-0/""]","[]","[]","false","0","[]","[""Collect exact manufacturer product-page, manual or datasheet evidence; leave unpublished values unknown."",""Check German purchasing channels, published business contacts, buyer restrictions, authorization evidence and service coverage."",""Find task-specific deployment evidence including configuration, operating conditions, supervision and measured outcomes.""]"
"P1","unreviewed","6aef51ee-713d-42ea-b425-5ace256dc3b6","x-square/quanta-x1","X Square Robot","quanta-x1","base","Quanta X1","mobile_manipulator","prototype","public","2026-10-01","https://x2robot.com/","8","0","0","","[""cameras"",""dof_hands"",""dof_total"",""has_lidar"",""height_m"",""max_speed_ms"",""payload_kg:sustained"",""runtime_h:unstated""]","[]","0","0","[""missing_3d"",""missing_core_specs"",""missing_image"",""no_manufacturer_facts""]","[""public_record_needs_source_review""]","[""https://www.robothub.app/en/robots/quanta-x1""]","[]","[]","false","0","[]","[""Collect exact manufacturer product-page, manual or datasheet evidence; leave unpublished values unknown."",""Check German purchasing channels, published business contacts, buyer restrictions, authorization evidence and service coverage."",""Find task-specific deployment evidence including configuration, operating conditions, supervision and measured outcomes.""]"
"P1","unreviewed","b018e5a1-fb60-4074-8354-ccec9a0d6e60","x-square/quanta-x2","X Square Robot","quanta-x2","base","QUANTA X2","mobile_manipulator","prototype","public","2026-10-01","https://x2robot.com/","19","0","0","","[""availability_note"",""cameras"",""collaborative"",""dof_hands"",""dof_total"",""finger_count"",""has_lidar"",""height_m"",""max_speed_ms"",""payload_kg"",""payload_kg:sustained"",""runtime_h:unstated"",""structural_material"",""walk_speed_ms"",""weight_kg""]","[]","0","0","[""missing_3d"",""missing_core_specs"",""no_manufacturer_facts""]","[""public_record_needs_source_review""]","[""https://humanoid.guide/product/quanta-x2/"",""https://www.robothub.app/en/robots/quanta-x2""]","[]","[]","false","0","[]","[""Collect exact manufacturer product-page, manual or datasheet evidence; leave unpublished values unknown."",""Check German purchasing channels, published business contacts, buyer restrictions, authorization evidence and service coverage."",""Find task-specific deployment evidence including configuration, operating conditions, supervision and measured outcomes.""]"
"P1","unreviewed","d1adf4bf-5159-4d4a-b4b7-9d115897fdd7","xiaomi/cyberdog-2","Xiaomi","cyberdog-2","base","Xiaomi CyberDog 2","quadruped","unknown","public","2026-10-01","https://www.mi.com/cyberdog2","3","0","0","","[""height_m"",""payload_kg:sustained"",""weight_kg""]","[]","0","0","[""missing_3d"",""missing_core_specs"",""missing_image"",""no_manufacturer_facts"",""reported_availability""]","[""public_record_needs_source_review""]","[""https://robotpriceindex.com/robots/xiaomi-cyberdog-2""]","[]","[]","false","1","[]","[""Collect exact manufacturer product-page, manual or datasheet evidence; leave unpublished values unknown."",""Check German purchasing channels, published business contacts, buyer restrictions, authorization evidence and service coverage."",""Find task-specific deployment evidence including configuration, operating conditions, supervision and measured outcomes.""]"
"P1","unreviewed","4dcd496d-2ac7-47b5-b71b-16650701731e","xiaomi/cyberone-v2","Xiaomi","cyberone-v2","base","CyberOne v2","humanoid","prototype","public","2026-10-01","https://www.mi.com/cyberdog2","13","0","0","","[""availability_note"",""collaborative"",""compute_module"",""connectivity"",""dof_total"",""finger_count"",""height_m"",""max_speed_ms"",""payload_kg"",""runtime_h:unstated"",""structural_material"",""walk_speed_ms"",""weight_kg""]","[]","0","0","[""missing_3d"",""missing_core_specs"",""missing_image"",""no_manufacturer_facts""]","[""public_record_needs_source_review""]","[""https://humanoid.guide/product/cyberone-v2/""]","[]","[]","false","0","[]","[""Collect exact manufacturer product-page, manual or datasheet evidence; leave unpublished values unknown."",""Check German purchasing channels, published business contacts, buyer restrictions, authorization evidence and service coverage."",""Find task-specific deployment evidence including configuration, operating conditions, supervision and measured outcomes.""]"
"P1","unreviewed","f7585249-208a-4898-9eb6-d32937459c8d","xpeng/px5","Xpeng","px5","base","PX5","humanoid","prototype","public","2026-10-01","https://www.xpeng.com/pressroom/news/01a080371029a057bc8e8a02a2c6012b","8","0","0","","[""availability_note"",""dof_total"",""height_m"",""max_speed_ms"",""payload_kg"",""runtime_h:unstated"",""walk_speed_ms"",""weight_kg""]","[]","0","0","[""missing_3d"",""missing_core_specs"",""no_manufacturer_facts""]","[""public_record_needs_source_review""]","[""https://humanoid.guide/product/px5/""]","[]","[]","false","0","[]","[""Collect exact manufacturer product-page, manual or datasheet evidence; leave unpublished values unknown."",""Check German purchasing channels, published business contacts, buyer restrictions, authorization evidence and service coverage."",""Find task-specific deployment evidence including configuration, operating conditions, supervision and measured outcomes.""]"
"P1","unreviewed","e79f3f74-3a82-4e73-85a8-9ee9af6ac1f8","yijiahe/rk100","Yijiahe","rk100","base","RK100","humanoid","prototype","public","2026-10-01","https://www.yijiahe.com/robot-humanoid","3","0","0","","[""cameras"",""compute_module"",""has_lidar""]","[]","0","0","[""missing_3d"",""missing_core_specs"",""missing_image"",""no_manufacturer_facts""]","[""public_record_needs_source_review""]","[""https://www.robothub.app/en/robots/rk100""]","[]","[]","false","0","[]","[""Collect exact manufacturer product-page, manual or datasheet evidence; leave unpublished values unknown."",""Check German purchasing channels, published business contacts, buyer restrictions, authorization evidence and service coverage."",""Find task-specific deployment evidence including configuration, operating conditions, supervision and measured outcomes.""]"
"P1","unreviewed","2bc53892-8eaa-43a1-8058-246647d1f6b4","youbaote/yobotics-e1","Youbaote Robotics","yobotics-e1","base","Yobotics E1","humanoid","prototype","public","2026-10-01","https://www.yobotics.cn/en/","2","0","0","","[""dof_total"",""height_m""]","[]","0","0","[""missing_3d"",""missing_core_specs"",""missing_image"",""no_manufacturer_facts""]","[""public_record_needs_source_review""]","[""https://www.robothub.app/en/robots/yobotics-e1""]","[]","[]","false","0","[]","[""Collect exact manufacturer product-page, manual or datasheet evidence; leave unpublished values unknown."",""Check German purchasing channels, published business contacts, buyer restrictions, authorization evidence and service coverage."",""Find task-specific deployment evidence including configuration, operating conditions, supervision and measured outcomes.""]"
"P1","unreviewed","d144087d-439e-4f3c-8527-fa42b4270493","youbaote/yobotics-r2","Youbaote Robotics","yobotics-r2","base","Yobotics R2","humanoid","prototype","public","2026-10-01","https://www.yobotics.cn/en/","2","0","0","","[""dof_total"",""height_m""]","[]","0","0","[""missing_3d"",""missing_core_specs"",""missing_image"",""no_manufacturer_facts""]","[""public_record_needs_source_review""]","[""https://www.robothub.app/en/robots/yobotics-r2""]","[]","[]","false","0","[]","[""Collect exact manufacturer product-page, manual or datasheet evidence; leave unpublished values unknown."",""Check German purchasing channels, published business contacts, buyer restrictions, authorization evidence and service coverage."",""Find task-specific deployment evidence including configuration, operating conditions, supervision and measured outcomes.""]"
"P1","unreviewed","95c5cbdd-0ce2-4676-93ba-bbbf98497dce","youbaote/yobotics-y15","Youbaote Robotics","yobotics-y15","base","Yobotics Y15","humanoid","prototype","public","2026-10-01","https://www.yobotics.cn/en/","2","0","0","","[""dof_total"",""height_m""]","[]","0","0","[""missing_3d"",""missing_core_specs"",""missing_image"",""no_manufacturer_facts""]","[""public_record_needs_source_review""]","[""https://www.robothub.app/en/robots/yobotics-y15""]","[]","[]","false","0","[]","[""Collect exact manufacturer product-page, manual or datasheet evidence; leave unpublished values unknown."",""Check German purchasing channels, published business contacts, buyer restrictions, authorization evidence and service coverage."",""Find task-specific deployment evidence including configuration, operating conditions, supervision and measured outcomes.""]"
"P1","unreviewed","0c4615a8-70a6-4eb1-be0b-716abce86fb6","youibot/ling-shu","YOUIBOT","ling-shu","base","Ling Shu","humanoid","unknown","public","2026-10-01","https://zh.youibot.com/","4","0","0","","[""compute_module"",""dof_total"",""height_m"",""weight_kg""]","[]","0","0","[""missing_3d"",""missing_core_specs"",""missing_image"",""no_manufacturer_facts""]","[""public_record_needs_source_review""]","[""https://www.robothub.app/en/robots/ling-shu""]","[]","[]","false","0","[]","[""Collect exact manufacturer product-page, manual or datasheet evidence; leave unpublished values unknown."",""Check German purchasing channels, published business contacts, buyer restrictions, authorization evidence and service coverage."",""Find task-specific deployment evidence including configuration, operating conditions, supervision and measured outcomes.""]"
"P1","unreviewed","7ae5bd50-cc9a-41d0-9eb6-74e32f48a4ad","youibot/xunxiao","YOUIBOT","xunxiao","base","Xunxiao","mobile_manipulator","unknown","public","2026-10-01","https://zh.youibot.com/","0","0","0","","[]","[]","0","0","[""missing_3d"",""missing_core_specs"",""missing_image"",""no_facts"",""no_manufacturer_facts""]","[""public_record_needs_source_review""]","[]","[]","[]","false","0","[]","[""Collect exact manufacturer product-page, manual or datasheet evidence; leave unpublished values unknown."",""Check German purchasing channels, published business contacts, buyer restrictions, authorization evidence and service coverage."",""Find task-specific deployment evidence including configuration, operating conditions, supervision and measured outcomes.""]"
"P1","unreviewed","9e0c4eab-95c5-4707-9e9f-a187dfa352d2","youyi/hm01","Hfun Technology","hm01","base","HM01","humanoid","prototype","public","2026-10-01","https://www.hfun-tech.com/","9","0","0","","[""cameras"",""compute_module"",""dof_total"",""has_lidar"",""height_m"",""max_speed_ms"",""payload_kg:rated_dual"",""runtime_h:unstated"",""weight_kg""]","[]","0","0","[""missing_3d"",""missing_core_specs"",""missing_image"",""no_manufacturer_facts""]","[""public_record_needs_source_review""]","[""https://www.robothub.app/en/robots/youyi-hm01""]","[]","[]","false","0","[]","[""Collect exact manufacturer product-page, manual or datasheet evidence; leave unpublished values unknown."",""Check German purchasing channels, published business contacts, buyer restrictions, authorization evidence and service coverage."",""Find task-specific deployment evidence including configuration, operating conditions, supervision and measured outcomes.""]"
"P1","unreviewed","d62cac1f-79df-417f-b1e6-620f9dd2c7c5","youyi/t01","Hfun Technology","t01","base","T01","humanoid","unknown","public","2026-10-01","https://www.hfun-tech.com/","0","0","0","","[]","[]","0","0","[""missing_3d"",""missing_core_specs"",""missing_image"",""no_facts"",""no_manufacturer_facts""]","[""public_record_needs_source_review""]","[]","[]","[]","false","0","[]","[""Collect exact manufacturer product-page, manual or datasheet evidence; leave unpublished values unknown."",""Check German purchasing channels, published business contacts, buyer restrictions, authorization evidence and service coverage."",""Find task-specific deployment evidence including configuration, operating conditions, supervision and measured outcomes.""]"
"P1","unreviewed","3af4bfe1-202b-4270-a4d6-37f8fdc3c4e8","yue-quan-bionics/bowen-w-bot","Yue Quan Bionics","bowen-w-bot","base","Bowen W-Bot","mobile_manipulator","unknown","public","2026-10-01","https://yqbionics.com/W_Bot","8","0","0","","[""cameras"",""compute_module"",""dof_total"",""has_lidar"",""height_m"",""max_speed_ms"",""payload_kg:sustained"",""weight_kg""]","[]","0","0","[""missing_3d"",""missing_core_specs"",""missing_image"",""no_manufacturer_facts""]","[""public_record_needs_source_review""]","[""https://www.robothub.app/en/robots/bowen-w-bot""]","[]","[]","false","0","[]","[""Collect exact manufacturer product-page, manual or datasheet evidence; leave unpublished values unknown."",""Check German purchasing channels, published business contacts, buyer restrictions, authorization evidence and service coverage."",""Find task-specific deployment evidence including configuration, operating conditions, supervision and measured outcomes.""]"
"P1","unreviewed","5c137597-cbe4-4bbd-8a92-cc407142b8bb","yue-quan-bionics/boxing-x-bot","Yue Quan Bionics","boxing-x-bot","base","Boxing X-Bot","humanoid","unknown","public","2026-10-01","https://yqbionics.com/W_Bot","10","0","0","","[""cameras"",""compute_module"",""dof_hands"",""dof_total"",""has_lidar"",""height_m"",""max_speed_ms"",""payload_kg:rated_dual"",""runtime_h:unstated"",""weight_kg""]","[]","0","0","[""missing_3d"",""missing_core_specs"",""missing_image"",""no_manufacturer_facts""]","[""public_record_needs_source_review""]","[""https://www.robothub.app/en/robots/boxing-x-bot""]","[]","[]","false","0","[]","[""Collect exact manufacturer product-page, manual or datasheet evidence; leave unpublished values unknown."",""Check German purchasing channels, published business contacts, buyer restrictions, authorization evidence and service coverage."",""Find task-specific deployment evidence including configuration, operating conditions, supervision and measured outcomes.""]"
"P1","unreviewed","599ffb61-8465-483b-84c6-fee4860f0f49","zeals/d1","ZEALS","d1","base","D1","mobile_manipulator","prototype","public","2026-10-01","https://omakaserobotics.ai/en/#full-specs-1","2","0","0","","[""height_m"",""runtime_h:unstated""]","[]","0","0","[""missing_3d"",""missing_core_specs"",""missing_image"",""no_manufacturer_facts""]","[""public_record_needs_source_review""]","[""https://www.robothub.app/en/robots/zeals-d1""]","[]","[]","false","0","[]","[""Collect exact manufacturer product-page, manual or datasheet evidence; leave unpublished values unknown."",""Check German purchasing channels, published business contacts, buyer restrictions, authorization evidence and service coverage."",""Find task-specific deployment evidence including configuration, operating conditions, supervision and measured outcomes.""]"
"P1","unreviewed","105a8bf0-c661-4ef5-aca2-43c15be425e6","zerith/h1","Zerith Robotics","h1","base","Zerith H1","mobile_manipulator","shipping","public","2026-10-01","https://www.zerith.com/","13","0","0","","[""availability_note"",""collaborative"",""compute_module"",""connectivity"",""dof_hands"",""dof_total"",""finger_count"",""height_m"",""max_speed_ms"",""payload_kg"",""runtime_h:unstated"",""structural_material"",""weight_kg""]","[]","0","0","[""missing_3d"",""missing_core_specs"",""missing_image"",""no_manufacturer_facts""]","[""public_record_needs_source_review""]","[""https://humanoid.guide/product/zerith-h1/""]","[]","[]","false","0","[]","[""Collect exact manufacturer product-page, manual or datasheet evidence; leave unpublished values unknown."",""Check German purchasing channels, published business contacts, buyer restrictions, authorization evidence and service coverage."",""Find task-specific deployment evidence including configuration, operating conditions, supervision and measured outcomes.""]"
"P1","unreviewed","ac0731ce-14f5-4c43-b7f4-87e808e921f4","zerith/z1","Zerith Robotics","z1","base","Zerith Z1","humanoid","shipping","public","2026-10-01","https://www.zerith.com/","13","0","0","","[""availability_note"",""collaborative"",""compute_module"",""connectivity"",""dof_total"",""finger_count"",""height_m"",""max_speed_ms"",""payload_kg"",""runtime_h:unstated"",""structural_material"",""walk_speed_ms"",""weight_kg""]","[]","0","0","[""missing_3d"",""missing_core_specs"",""missing_image"",""no_manufacturer_facts""]","[""public_record_needs_source_review""]","[""https://humanoid.guide/product/zerith-z1/""]","[]","[]","false","0","[]","[""Collect exact manufacturer product-page, manual or datasheet evidence; leave unpublished values unknown."",""Check German purchasing channels, published business contacts, buyer restrictions, authorization evidence and service coverage."",""Find task-specific deployment evidence including configuration, operating conditions, supervision and measured outcomes.""]"
"P1","unreviewed","ca5b6734-a1e2-4cb8-a1ac-4513f82e168d","zeroth/jupiter","Zeroth","jupiter","base","Jupiter","humanoid","prototype","public","2026-10-01","https://www.zeroth0.com/","0","0","0","","[]","[]","0","0","[""missing_3d"",""missing_core_specs"",""no_facts"",""no_manufacturer_facts""]","[""public_record_needs_source_review""]","[]","[]","[]","false","0","[]","[""Collect exact manufacturer product-page, manual or datasheet evidence; leave unpublished values unknown."",""Check German purchasing channels, published business contacts, buyer restrictions, authorization evidence and service coverage."",""Find task-specific deployment evidence including configuration, operating conditions, supervision and measured outcomes.""]"
"P1","unreviewed","651d23de-a555-4acd-bd49-44b8f846af58","zeroth/m1","Zeroth","m1","base","M1","humanoid","prototype","public","2026-10-01","https://www.zeroth0.com/","9","0","2","2026-09-12T12:02:27.977Z","[""cameras"",""dof_total"",""has_lidar"",""height_m"",""max_speed_ms"",""runtime_h:unstated"",""weight_kg""]","[""runtime_h:unstated"",""weight_kg""]","0","0","[""missing_3d"",""missing_core_specs""]","[""public_record_needs_source_review""]","[""https://www.robothub.app/en/robots/zeroth-m1"",""https://www.zeroth0.com/products/m1""]","[""https://www.zeroth0.com/products/m1""]","[]","false","0","[]","[""Recheck recorded manufacturer facts for this exact configuration, units, qualifiers and operating conditions."",""Check German purchasing channels, published business contacts, buyer restrictions, authorization evidence and service coverage."",""Find task-specific deployment evidence including configuration, operating conditions, supervision and measured outcomes.""]"
"P1","unreviewed","fc458a43-0085-4c94-9067-8393f6494bc7","zeroth/sean","Zeroth","sean","base","Sean","humanoid","prototype","public","2026-10-01","https://www.zeroth0.com/","12","0","0","","[""availability_note"",""collaborative"",""connectivity"",""dof_hands"",""dof_total"",""finger_count"",""height_m"",""max_speed_ms"",""payload_kg"",""runtime_h:unstated"",""structural_material"",""weight_kg""]","[]","0","0","[""missing_3d"",""missing_core_specs"",""missing_image"",""no_manufacturer_facts""]","[""public_record_needs_source_review""]","[""https://humanoid.guide/product/sean/""]","[]","[]","false","0","[]","[""Collect exact manufacturer product-page, manual or datasheet evidence; leave unpublished values unknown."",""Check German purchasing channels, published business contacts, buyer restrictions, authorization evidence and service coverage."",""Find task-specific deployment evidence including configuration, operating conditions, supervision and measured outcomes.""]"
"P1","unreviewed","5542bcea-691b-4d7e-b7e5-9579bae116aa","zeroth/w1","Zeroth","w1","base","W1","mobile_manipulator","prototype","public","2026-10-01","https://www.zeroth0.com/","7","0","1","2026-09-12T12:02:29.785Z","[""cameras"",""compute_module"",""has_lidar"",""height_m"",""max_speed_ms"",""weight_kg""]","[""weight_kg""]","0","0","[""missing_3d"",""missing_core_specs""]","[""public_record_needs_source_review""]","[""https://www.robothub.app/en/robots/zeroth-w1"",""https://www.zeroth0.com/products/w1""]","[""https://www.zeroth0.com/products/w1""]","[]","false","0","[]","[""Recheck recorded manufacturer facts for this exact configuration, units, qualifiers and operating conditions."",""Check German purchasing channels, published business contacts, buyer restrictions, authorization evidence and service coverage."",""Find task-specific deployment evidence including configuration, operating conditions, supervision and measured outcomes.""]"
"P1","unreviewed","caa92121-a02e-419b-bd0d-c3edc32cf7e5","zhejiang-humanoid-innovation-center/navai-i3","Zhejiang Humanoid Robot Innovation Center","navai-i3","base","NAVAI-I3","humanoid","prototype","public","2026-10-01","https://www.zj-humanoid.com/","15","0","0","","[""availability_note"",""collaborative"",""compute_module"",""connectivity"",""dof_hands"",""dof_total"",""finger_count"",""height_m"",""ip_rating"",""max_speed_ms"",""payload_kg"",""runtime_h:unstated"",""structural_material"",""walk_speed_ms"",""weight_kg""]","[]","0","0","[""missing_3d"",""missing_image"",""no_manufacturer_facts""]","[""public_record_needs_source_review""]","[""https://humanoid.guide/product/navai-i3/""]","[]","[]","false","0","[]","[""Collect exact manufacturer product-page, manual or datasheet evidence; leave unpublished values unknown."",""Check German purchasing channels, published business contacts, buyer restrictions, authorization evidence and service coverage."",""Find task-specific deployment evidence including configuration, operating conditions, supervision and measured outcomes.""]"
"P1","unreviewed","47cb7a12-851e-47ac-942b-ab310ac0fc90","zhejiang-humanoid-innovation-center/naviai-i3","Zhejiang Humanoid Robot Innovation Center","naviai-i3","base","NAVIAI-I3","humanoid","unknown","public","2026-10-01","https://www.zj-humanoid.com/","0","0","0","","[]","[]","0","0","[""missing_3d"",""missing_core_specs"",""no_facts"",""no_manufacturer_facts""]","[""public_record_needs_source_review""]","[]","[]","[]","false","0","[]","[""Collect exact manufacturer product-page, manual or datasheet evidence; leave unpublished values unknown."",""Check German purchasing channels, published business contacts, buyer restrictions, authorization evidence and service coverage."",""Find task-specific deployment evidence including configuration, operating conditions, supervision and measured outcomes.""]"
"P1","unreviewed","9a107c97-3237-4b28-bf16-cb7919217da5","zhejiang-humanoid-innovation-center/navigator-2","Zhejiang Humanoid Robot Innovation Center","navigator-2","base","Navigator 2","humanoid","prototype","public","2026-10-01","https://www.zj-humanoid.com/","8","0","0","","[""availability_note"",""dof_total"",""height_m"",""max_speed_ms"",""payload_kg"",""runtime_h:unstated"",""walk_speed_ms"",""weight_kg""]","[]","0","0","[""missing_3d"",""missing_core_specs"",""missing_image"",""no_manufacturer_facts""]","[""public_record_needs_source_review""]","[""https://humanoid.guide/product/navigator-2/""]","[]","[]","false","0","[]","[""Collect exact manufacturer product-page, manual or datasheet evidence; leave unpublished values unknown."",""Check German purchasing channels, published business contacts, buyer restrictions, authorization evidence and service coverage."",""Find task-specific deployment evidence including configuration, operating conditions, supervision and measured outcomes.""]"
"P1","unreviewed","fc2dfd3a-13a8-4adb-80e6-1d0963e00c4d","zhicheng/tr4","Zhicheng AI","tr4","base","TR4","humanoid","unknown","public","2026-10-01","https://www.zhicheng-robot.com/","0","0","0","","[]","[]","0","0","[""missing_3d"",""missing_core_specs"",""missing_image"",""no_facts"",""no_manufacturer_facts""]","[""public_record_needs_source_review""]","[]","[]","[]","false","0","[]","[""Collect exact manufacturer product-page, manual or datasheet evidence; leave unpublished values unknown."",""Check German purchasing channels, published business contacts, buyer restrictions, authorization evidence and service coverage."",""Find task-specific deployment evidence including configuration, operating conditions, supervision and measured outcomes.""]"
"P1","unreviewed","01831789-c97b-4571-8d3c-e3fa2fe0bc71","zhicheng/tr5","Zhicheng AI","tr5","base","TR5","humanoid","unknown","public","2026-10-01","https://www.zhicheng-robot.com/","0","0","0","","[]","[]","0","0","[""missing_3d"",""missing_core_specs"",""missing_image"",""no_facts"",""no_manufacturer_facts""]","[""public_record_needs_source_review""]","[]","[]","[]","false","0","[]","[""Collect exact manufacturer product-page, manual or datasheet evidence; leave unpublished values unknown."",""Check German purchasing channels, published business contacts, buyer restrictions, authorization evidence and service coverage."",""Find task-specific deployment evidence including configuration, operating conditions, supervision and measured outcomes.""]"
"P1","unreviewed","d3f83e87-e384-4ef8-ba5b-63dd9eb71dec","zhongli/kangaroo-robot","EP Equipment / Zhongli","kangaroo-robot","base","Kangaroo  Robot","mobile_manipulator","concept","public","2026-10-01","https://www.ep-zl.com/","6","0","0","","[""cameras"",""compute_module"",""dof_total"",""has_lidar"",""height_m"",""max_speed_ms""]","[]","0","0","[""missing_3d"",""missing_core_specs"",""missing_image"",""no_manufacturer_facts""]","[""public_record_needs_source_review""]","[""https://www.robothub.app/en/robots/kangaroo-robot""]","[]","[]","false","0","[]","[""Collect exact manufacturer product-page, manual or datasheet evidence; leave unpublished values unknown."",""Check German purchasing channels, published business contacts, buyer restrictions, authorization evidence and service coverage."",""Find task-specific deployment evidence including configuration, operating conditions, supervision and measured outcomes.""]"
"P1","unreviewed","a8518425-fc4e-40d0-a059-e9523b206efc","zoomlion/humanoid","Zoomlion","humanoid","base","Zoomlion Humanoid","humanoid","unknown","public","2026-10-01","https://en.zoomlion.com/news/news-detail-614168.htm","0","0","0","","[]","[]","0","0","[""missing_3d"",""missing_core_specs"",""no_facts"",""no_manufacturer_facts""]","[""public_record_needs_source_review""]","[]","[]","[]","false","0","[]","[""Collect exact manufacturer product-page, manual or datasheet evidence; leave unpublished values unknown."",""Check German purchasing channels, published business contacts, buyer restrictions, authorization evidence and service coverage."",""Find task-specific deployment evidence including configuration, operating conditions, supervision and measured outcomes.""]"
"P2","unreviewed","d388d0e8-dd13-4535-85e1-71b7453055cc","aist/hrp-2","AIST","hrp-2","base","HRP-2","humanoid","unknown","hidden","2026-10-01","","7","0","0","","[""cameras"",""compute_module"",""dof_total"",""has_lidar"",""height_m"",""max_speed_ms"",""weight_kg""]","[]","0","0","[""missing_3d"",""missing_core_specs"",""missing_image"",""no_manufacturer_facts""]","[""hidden_record""]","[""https://www.robothub.app/en/robots/aist-hrp-2""]","[]","[]","false","0","[]","[""Find and validate the manufacturer website and exact product page."",""Collect exact manufacturer product-page, manual or datasheet evidence; leave unpublished values unknown."",""Check German purchasing channels, published business contacts, buyer restrictions, authorization evidence and service coverage."",""Find task-specific deployment evidence including configuration, operating conditions, supervision and measured outcomes."",""Retain the hidden record and review its identity/lifecycle before considering publication.""]"
"P2","unreviewed","0fe63417-a057-4b08-9223-1d5c21ad5a02","aist/hrp-4","AIST","hrp-4","base","HRP-4","humanoid","unknown","hidden","2026-10-01","","7","0","0","","[""cameras"",""compute_module"",""dof_hands"",""dof_total"",""has_lidar"",""height_m"",""weight_kg""]","[]","0","0","[""missing_3d"",""missing_core_specs"",""missing_image"",""no_manufacturer_facts""]","[""hidden_record""]","[""https://www.robothub.app/en/robots/hrp-4""]","[]","[]","false","0","[]","[""Find and validate the manufacturer website and exact product page."",""Collect exact manufacturer product-page, manual or datasheet evidence; leave unpublished values unknown."",""Check German purchasing channels, published business contacts, buyer restrictions, authorization evidence and service coverage."",""Find task-specific deployment evidence including configuration, operating conditions, supervision and measured outcomes."",""Retain the hidden record and review its identity/lifecycle before considering publication.""]"
"P2","unreviewed","c0884c88-5ec7-4d7d-a532-1b80b8999a5f","aist/hrp-4c","AIST","hrp-4c","base","HRP-4C","humanoid","unknown","hidden","2026-10-01","","7","0","0","","[""cameras"",""compute_module"",""dof_total"",""has_lidar"",""height_m"",""max_speed_ms"",""weight_kg""]","[]","0","0","[""missing_3d"",""missing_core_specs"",""missing_image"",""no_manufacturer_facts""]","[""hidden_record""]","[""https://www.robothub.app/en/robots/aist-hrp-4c""]","[]","[]","false","0","[]","[""Find and validate the manufacturer website and exact product page."",""Collect exact manufacturer product-page, manual or datasheet evidence; leave unpublished values unknown."",""Check German purchasing channels, published business contacts, buyer restrictions, authorization evidence and service coverage."",""Find task-specific deployment evidence including configuration, operating conditions, supervision and measured outcomes."",""Retain the hidden record and review its identity/lifecycle before considering publication.""]"
"P2","unreviewed","f62ae34f-5081-4d96-888a-0b5a8278c32c","aist/hrp-5p","AIST","hrp-5p","base","HRP-5P","humanoid","unknown","hidden","2026-10-01","","6","0","0","","[""cameras"",""compute_module"",""dof_total"",""has_lidar"",""height_m"",""weight_kg""]","[]","0","0","[""missing_3d"",""missing_core_specs"",""missing_image"",""no_manufacturer_facts""]","[""hidden_record""]","[""https://www.robothub.app/en/robots/aist-hrp-5p""]","[]","[]","false","0","[]","[""Find and validate the manufacturer website and exact product page."",""Collect exact manufacturer product-page, manual or datasheet evidence; leave unpublished values unknown."",""Check German purchasing channels, published business contacts, buyer restrictions, authorization evidence and service coverage."",""Find task-specific deployment evidence including configuration, operating conditions, supervision and measured outcomes."",""Retain the hidden record and review its identity/lifecycle before considering publication.""]"
"P2","unreviewed","66084745-ee5b-47e2-9bd3-50b641163d8c","bielefeld-university/flobi","Bielefeld University","flobi","base","Flobi","humanoid","unknown","hidden","2026-10-01","","5","0","0","","[""cameras"",""compute_module"",""dof_total"",""has_lidar"",""height_m""]","[]","0","0","[""missing_3d"",""missing_core_specs"",""missing_image"",""missing_maker_website"",""no_manufacturer_facts""]","[""hidden_record""]","[""https://www.robothub.app/en/robots/bielefeld-flobi""]","[]","[]","false","0","[]","[""Find and validate the manufacturer website and exact product page."",""Collect exact manufacturer product-page, manual or datasheet evidence; leave unpublished values unknown."",""Check German purchasing channels, published business contacts, buyer restrictions, authorization evidence and service coverage."",""Find task-specific deployment evidence including configuration, operating conditions, supervision and measured outcomes."",""Retain the hidden record and review its identity/lifecycle before considering publication.""]"
"P2","unreviewed","d3c570d6-6805-467d-8088-dd8dd175c096","byd/xiao-di","BYD","xiao-di","base","Xiao Di","humanoid","unknown","hidden","2026-10-01","","3","0","0","","[""dof_total"",""height_m"",""weight_kg""]","[]","0","0","[""missing_3d"",""missing_core_specs"",""missing_image"",""missing_maker_website"",""no_manufacturer_facts"",""reported_availability""]","[""hidden_record""]","[""https://robotpriceindex.com/robots/byd-xiao-di""]","[]","[]","false","0","[]","[""Find and validate the manufacturer website and exact product page."",""Collect exact manufacturer product-page, manual or datasheet evidence; leave unpublished values unknown."",""Check German purchasing channels, published business contacts, buyer restrictions, authorization evidence and service coverage."",""Find task-specific deployment evidence including configuration, operating conditions, supervision and measured outcomes."",""Retain the hidden record and review its identity/lifecycle before considering publication.""]"
"P2","unreviewed","2100e5fc-d0b5-4d51-9e1a-037bf67c1670","cartwheel/yogi","Cartwheel Robotics","yogi","base","Yogi","humanoid","prototype","hidden","2026-10-01","https://www.cartwheelrobotics.com/","15","0","0","","[""availability_note"",""collaborative"",""compute_module"",""connectivity"",""dof_hands"",""dof_total"",""finger_count"",""height_m"",""ip_rating"",""max_speed_ms"",""payload_kg"",""runtime_h:unstated"",""structural_material"",""walk_speed_ms"",""weight_kg""]","[]","0","0","[""missing_3d"",""missing_image"",""no_manufacturer_facts""]","[""hidden_record""]","[""https://humanoid.guide/product/yogi/""]","[]","[]","false","0","[]","[""Collect exact manufacturer product-page, manual or datasheet evidence; leave unpublished values unknown."",""Check German purchasing channels, published business contacts, buyer restrictions, authorization evidence and service coverage."",""Find task-specific deployment evidence including configuration, operating conditions, supervision and measured outcomes."",""Retain the hidden record and review its identity/lifecycle before considering publication.""]"
"P2","unreviewed","b286771c-5618-471b-b8d7-1968b11b33d8","dfki-innovation-center/charlie","DFKI Robotics Innovation Center","charlie","base","Charlie","humanoid","unknown","hidden","2026-10-01","","7","0","0","","[""cameras"",""compute_module"",""dof_total"",""has_lidar"",""height_m"",""max_speed_ms"",""weight_kg""]","[]","0","0","[""missing_3d"",""missing_core_specs"",""missing_image"",""no_manufacturer_facts""]","[""hidden_record""]","[""https://www.robothub.app/en/robots/dfki-charlie""]","[]","[]","false","0","[]","[""Find and validate the manufacturer website and exact product page."",""Collect exact manufacturer product-page, manual or datasheet evidence; leave unpublished values unknown."",""Check German purchasing channels, published business contacts, buyer restrictions, authorization evidence and service coverage."",""Find task-specific deployment evidence including configuration, operating conditions, supervision and measured outcomes."",""Retain the hidden record and review its identity/lifecycle before considering publication.""]"
"P2","unreviewed","0f21cc9a-ced3-4cf8-97f4-3ceedc658902","dlr/rollin-justin","DLR","rollin-justin","base","Rollin Justin","mobile_manipulator","unknown","hidden","2026-10-01","","2","0","0","","[""dof_total"",""height_m""]","[]","0","0","[""missing_3d"",""missing_core_specs"",""missing_image"",""no_manufacturer_facts""]","[""hidden_record""]","[""https://www.robothub.app/en/robots/dlr-rollin-justin""]","[]","[]","false","0","[]","[""Find and validate the manufacturer website and exact product page."",""Collect exact manufacturer product-page, manual or datasheet evidence; leave unpublished values unknown."",""Check German purchasing channels, published business contacts, buyer restrictions, authorization evidence and service coverage."",""Find task-specific deployment evidence including configuration, operating conditions, supervision and measured outcomes."",""Retain the hidden record and review its identity/lifecycle before considering publication.""]"
"P2","unreviewed","ca15fac5-499f-450c-b73f-d0256dc4f1d0","dlr/toro","DLR","toro","base","TORO","humanoid","unknown","hidden","2026-10-01","","8","0","0","","[""cameras"",""dof_hands"",""dof_total"",""has_lidar"",""height_m"",""max_speed_ms"",""payload_kg:rated_dual"",""weight_kg""]","[]","0","0","[""missing_3d"",""missing_core_specs"",""no_manufacturer_facts""]","[""hidden_record""]","[""https://www.robothub.app/en/robots/dlr-toro""]","[]","[]","false","0","[]","[""Find and validate the manufacturer website and exact product page."",""Collect exact manufacturer product-page, manual or datasheet evidence; leave unpublished values unknown."",""Check German purchasing channels, published business contacts, buyer restrictions, authorization evidence and service coverage."",""Find task-specific deployment evidence including configuration, operating conditions, supervision and measured outcomes."",""Retain the hidden record and review its identity/lifecycle before considering publication.""]"
"P2","unreviewed","26821cb1-a589-49b9-ad2f-66607ba32463","fujian-humanoid/fuzhi","Fujian Humanoid","fuzhi","base","fuzhi","humanoid","unknown","hidden","2026-10-01","","0","0","0","","[]","[]","0","0","[""missing_3d"",""missing_core_specs"",""missing_image"",""missing_maker_website"",""no_facts"",""no_manufacturer_facts""]","[""hidden_record""]","[]","[]","[]","false","0","[]","[""Find and validate the manufacturer website and exact product page."",""Collect exact manufacturer product-page, manual or datasheet evidence; leave unpublished values unknown."",""Check German purchasing channels, published business contacts, buyer restrictions, authorization evidence and service coverage."",""Find task-specific deployment evidence including configuration, operating conditions, supervision and measured outcomes."",""Retain the hidden record and review its identity/lifecycle before considering publication.""]"
"P2","unreviewed","2d81c532-3666-4d27-913b-75d6267c599e","fujian-newton/model","Fujian Newton Technology","model","base","纽顿机器人","humanoid","concept","hidden","2026-10-01","","0","0","0","","[]","[]","0","0","[""missing_3d"",""missing_core_specs"",""missing_image"",""missing_maker_website"",""no_facts"",""no_manufacturer_facts""]","[""hidden_record""]","[]","[]","[]","false","0","[]","[""Find and validate the manufacturer website and exact product page."",""Collect exact manufacturer product-page, manual or datasheet evidence; leave unpublished values unknown."",""Check German purchasing channels, published business contacts, buyer restrictions, authorization evidence and service coverage."",""Find task-specific deployment evidence including configuration, operating conditions, supervision and measured outcomes."",""Retain the hidden record and review its identity/lifecycle before considering publication.""]"
"P2","unreviewed","bcf69556-b66c-4531-935c-810b3c13b986","georgia/simon","Georgia Tech","simon","base","Simon","mobile_manipulator","unknown","hidden","2026-10-01","","3","0","0","","[""cameras"",""has_lidar"",""height_m""]","[]","0","0","[""missing_3d"",""missing_core_specs"",""missing_image"",""missing_maker_website"",""no_manufacturer_facts""]","[""hidden_record""]","[""https://www.robothub.app/en/robots/georgia-tech-simon""]","[]","[]","false","0","[]","[""Find and validate the manufacturer website and exact product page."",""Collect exact manufacturer product-page, manual or datasheet evidence; leave unpublished values unknown."",""Check German purchasing channels, published business contacts, buyer restrictions, authorization evidence and service coverage."",""Find task-specific deployment evidence including configuration, operating conditions, supervision and measured outcomes."",""Retain the hidden record and review its identity/lifecycle before considering publication.""]"
"P2","unreviewed","6aab22f8-b87e-4155-80fe-c91fefd75a9e","hitachi/emiew-3","Hitachi","emiew-3","base","EMIEW 3","mobile_manipulator","unknown","hidden","2026-10-01","","4","0","0","","[""height_m"",""max_speed_ms"",""runtime_h:unstated"",""weight_kg""]","[]","0","0","[""missing_3d"",""missing_core_specs"",""missing_image"",""no_manufacturer_facts""]","[""hidden_record""]","[""https://www.robothub.app/en/robots/hitachi-emiew3""]","[]","[]","false","0","[]","[""Find and validate the manufacturer website and exact product page."",""Collect exact manufacturer product-page, manual or datasheet evidence; leave unpublished values unknown."",""Check German purchasing channels, published business contacts, buyer restrictions, authorization evidence and service coverage."",""Find task-specific deployment evidence including configuration, operating conditions, supervision and measured outcomes."",""Retain the hidden record and review its identity/lifecycle before considering publication.""]"
"P2","unreviewed","27e017fe-b33f-4db1-b47d-af699e8fbd92","honda/asimo","Honda","asimo","base","ASIMO","humanoid","unknown","hidden","2026-10-01","https://global.honda/","8","0","0","","[""availability_note"",""dof_hands"",""dof_total"",""height_m"",""max_speed_ms"",""weight_kg""]","[]","0","0","[""conflicting_specs"",""missing_3d"",""missing_core_specs"",""no_manufacturer_facts""]","[""conflicting_specs""]","[""https://www.humanoidhub.ai/robots/asimo"",""https://www.robothub.app/en/robots/honda-asimo""]","[]","[]","false","0","[]","[""Review recorded integrity/conflict issues against original evidence: conflicting_specs."",""Collect exact manufacturer product-page, manual or datasheet evidence; leave unpublished values unknown."",""Check German purchasing channels, published business contacts, buyer restrictions, authorization evidence and service coverage."",""Find task-specific deployment evidence including configuration, operating conditions, supervision and measured outcomes."",""Retain the hidden record and review its identity/lifecycle before considering publication.""]"
"P2","unreviewed","731026b3-fae9-4dfa-bd9c-0a3bc9e3ab00","honda/asimo-v6","Honda","asimo-v6","base","Asimo V6","humanoid","unknown","hidden","2026-10-01","https://global.honda/","3","0","0","","[""availability_note"",""height_m"",""weight_kg""]","[]","0","0","[""missing_3d"",""missing_core_specs"",""missing_image"",""no_manufacturer_facts""]","[""hidden_record""]","[""https://www.humanoidhub.ai/robots/asimo-v6""]","[]","[]","false","0","[]","[""Collect exact manufacturer product-page, manual or datasheet evidence; leave unpublished values unknown."",""Check German purchasing channels, published business contacts, buyer restrictions, authorization evidence and service coverage."",""Find task-specific deployment evidence including configuration, operating conditions, supervision and measured outcomes."",""Retain the hidden record and review its identity/lifecycle before considering publication.""]"
"P2","unreviewed","7e9a7a2b-a81c-4eb9-8ee2-110939872e16","huazhijian/zero","Huazhijian","zero","base","ZERO","humanoid","concept","hidden","2026-10-01","","1","0","0","","[""compute_module""]","[]","0","0","[""missing_3d"",""missing_core_specs"",""missing_image"",""missing_maker_website"",""no_manufacturer_facts""]","[""hidden_record""]","[""https://www.robothub.app/en/robots/huazhijian-zero""]","[]","[]","false","0","[]","[""Find and validate the manufacturer website and exact product page."",""Collect exact manufacturer product-page, manual or datasheet evidence; leave unpublished values unknown."",""Check German purchasing channels, published business contacts, buyer restrictions, authorization evidence and service coverage."",""Find task-specific deployment evidence including configuration, operating conditions, supervision and measured outcomes."",""Retain the hidden record and review its identity/lifecycle before considering publication.""]"
"P2","unreviewed","56f3b984-4034-4551-ba13-227f0994fc3f","hubo/2","HUBO","2","base","Hubo 2","humanoid","unknown","hidden","2026-10-01","https://hubo.kaist.ac.kr/","3","0","0","","[""availability_note"",""height_m"",""weight_kg""]","[]","0","0","[""missing_3d"",""missing_core_specs"",""missing_image"",""no_manufacturer_facts""]","[""hidden_record""]","[""https://www.humanoidhub.ai/robots/hubo-2""]","[]","[]","false","0","[]","[""Collect exact manufacturer product-page, manual or datasheet evidence; leave unpublished values unknown."",""Check German purchasing channels, published business contacts, buyer restrictions, authorization evidence and service coverage."",""Find task-specific deployment evidence including configuration, operating conditions, supervision and measured outcomes."",""Retain the hidden record and review its identity/lifecycle before considering publication.""]"
"P2","unreviewed","b03d4fc2-5533-4089-99ac-feb84281fd22","hubo/albert","HUBO","albert","base","Albert Hubo","humanoid","unknown","hidden","2026-10-01","https://hubo.kaist.ac.kr/","4","0","0","","[""availability_note"",""height_m"",""runtime_h:unstated"",""weight_kg""]","[]","0","0","[""missing_3d"",""missing_core_specs"",""missing_image"",""no_manufacturer_facts""]","[""hidden_record""]","[""https://www.humanoidhub.ai/robots/albert-hubo""]","[]","[]","false","0","[]","[""Collect exact manufacturer product-page, manual or datasheet evidence; leave unpublished values unknown."",""Check German purchasing channels, published business contacts, buyer restrictions, authorization evidence and service coverage."",""Find task-specific deployment evidence including configuration, operating conditions, supervision and measured outcomes."",""Retain the hidden record and review its identity/lifecycle before considering publication.""]"
"P2","unreviewed","2fdc9aed-7c2a-431e-ba2b-9e102e9b23e0","hubo/drc","HUBO","drc","base","DRC-Hubo","humanoid","unknown","hidden","2026-10-01","https://hubo.kaist.ac.kr/","3","0","0","","[""availability_note"",""height_m"",""weight_kg""]","[]","0","0","[""missing_3d"",""missing_core_specs"",""missing_image"",""no_manufacturer_facts""]","[""hidden_record""]","[""https://www.humanoidhub.ai/robots/drc-hubo""]","[]","[]","false","0","[]","[""Collect exact manufacturer product-page, manual or datasheet evidence; leave unpublished values unknown."",""Check German purchasing channels, published business contacts, buyer restrictions, authorization evidence and service coverage."",""Find task-specific deployment evidence including configuration, operating conditions, supervision and measured outcomes."",""Retain the hidden record and review its identity/lifecycle before considering publication.""]"
"P2","unreviewed","f85217cd-e7ee-497d-b838-b470f20a7903","hubo/fx-1","HUBO","fx-1","base","FX-1","humanoid","unknown","hidden","2026-10-01","https://hubo.kaist.ac.kr/","4","0","0","","[""availability_note"",""height_m"",""runtime_h:unstated"",""weight_kg""]","[]","0","0","[""missing_3d"",""missing_core_specs"",""missing_image"",""no_manufacturer_facts""]","[""hidden_record""]","[""https://www.humanoidhub.ai/robots/fx-1""]","[]","[]","false","0","[]","[""Collect exact manufacturer product-page, manual or datasheet evidence; leave unpublished values unknown."",""Check German purchasing channels, published business contacts, buyer restrictions, authorization evidence and service coverage."",""Find task-specific deployment evidence including configuration, operating conditions, supervision and measured outcomes."",""Retain the hidden record and review its identity/lifecycle before considering publication.""]"
"P2","unreviewed","565ede37-06e5-40d3-ac30-95b441da4413","hubo/khr-2","HUBO","khr-2","base","KHR-2","humanoid","unknown","hidden","2026-10-01","https://hubo.kaist.ac.kr/","3","0","0","","[""availability_note"",""height_m"",""weight_kg""]","[]","0","0","[""missing_3d"",""missing_core_specs"",""missing_image"",""no_manufacturer_facts""]","[""hidden_record""]","[""https://www.humanoidhub.ai/robots/khr-2""]","[]","[]","false","0","[]","[""Collect exact manufacturer product-page, manual or datasheet evidence; leave unpublished values unknown."",""Check German purchasing channels, published business contacts, buyer restrictions, authorization evidence and service coverage."",""Find task-specific deployment evidence including configuration, operating conditions, supervision and measured outcomes."",""Retain the hidden record and review its identity/lifecycle before considering publication.""]"
"P2","unreviewed","300c2985-69d5-455a-aab0-09fc1670b98c","hubo/khr-3","HUBO","khr-3","base","KHR-3","humanoid","unknown","hidden","2026-10-01","https://hubo.kaist.ac.kr/","4","0","0","","[""availability_note"",""height_m"",""runtime_h:unstated"",""weight_kg""]","[]","0","0","[""missing_3d"",""missing_core_specs"",""missing_image"",""no_manufacturer_facts""]","[""hidden_record""]","[""https://www.humanoidhub.ai/robots/hubo-khr-3""]","[]","[]","false","0","[]","[""Collect exact manufacturer product-page, manual or datasheet evidence; leave unpublished values unknown."",""Check German purchasing channels, published business contacts, buyer restrictions, authorization evidence and service coverage."",""Find task-specific deployment evidence including configuration, operating conditions, supervision and measured outcomes."",""Retain the hidden record and review its identity/lifecycle before considering publication.""]"
"P2","unreviewed","24b40a4c-7e64-4517-8f46-ba01724094c6","hubo/m","HUBO","m","base","M-Hubo","humanoid","unknown","hidden","2026-10-01","https://hubo.kaist.ac.kr/","1","0","0","","[""availability_note""]","[]","0","0","[""missing_3d"",""missing_core_specs"",""missing_image"",""no_manufacturer_facts""]","[""hidden_record""]","[""https://www.humanoidhub.ai/robots/m-hubo""]","[]","[]","false","0","[]","[""Collect exact manufacturer product-page, manual or datasheet evidence; leave unpublished values unknown."",""Check German purchasing channels, published business contacts, buyer restrictions, authorization evidence and service coverage."",""Find task-specific deployment evidence including configuration, operating conditions, supervision and measured outcomes."",""Retain the hidden record and review its identity/lifecycle before considering publication.""]"
"P2","unreviewed","aca3732e-e256-4d6b-86e8-d3edbffe1700","iit/coman","IIT","coman","base","COMAN","humanoid","unknown","hidden","2026-10-01","","2","0","0","","[""height_m"",""weight_kg""]","[]","0","0","[""missing_3d"",""missing_core_specs"",""missing_image"",""no_manufacturer_facts""]","[""hidden_record""]","[""https://www.robothub.app/en/robots/iit-coman""]","[]","[]","false","0","[]","[""Find and validate the manufacturer website and exact product page."",""Collect exact manufacturer product-page, manual or datasheet evidence; leave unpublished values unknown."",""Check German purchasing channels, published business contacts, buyer restrictions, authorization evidence and service coverage."",""Find task-specific deployment evidence including configuration, operating conditions, supervision and measured outcomes."",""Retain the hidden record and review its identity/lifecycle before considering publication.""]"
"P2","unreviewed","eb3b0fe1-ee7f-4a27-99cf-9aacb3bb0a08","iit/icub","IIT","icub","base","iCub","humanoid","unknown","hidden","2026-10-01","","7","0","0","","[""cameras"",""compute_module"",""dof_hands"",""dof_total"",""has_lidar"",""height_m"",""weight_kg""]","[]","0","0","[""missing_3d"",""missing_core_specs"",""missing_image"",""no_manufacturer_facts""]","[""hidden_record""]","[""https://www.robothub.app/en/robots/iit-icub""]","[]","[]","false","0","[]","[""Find and validate the manufacturer website and exact product page."",""Collect exact manufacturer product-page, manual or datasheet evidence; leave unpublished values unknown."",""Check German purchasing channels, published business contacts, buyer restrictions, authorization evidence and service coverage."",""Find task-specific deployment evidence including configuration, operating conditions, supervision and measured outcomes."",""Retain the hidden record and review its identity/lifecycle before considering publication.""]"
"P2","unreviewed","58dae949-47a5-4fb1-a766-da136d7de9e1","iit/r1","IIT","r1","base","R1","mobile_manipulator","unknown","hidden","2026-10-01","","8","0","0","","[""cameras"",""compute_module"",""dof_hands"",""has_lidar"",""max_speed_ms"",""payload_kg:sustained"",""runtime_h:unstated"",""weight_kg""]","[]","0","0","[""missing_3d"",""missing_core_specs"",""missing_image"",""no_manufacturer_facts""]","[""hidden_record""]","[""https://www.robothub.app/en/robots/iit-r1""]","[]","[]","false","0","[]","[""Find and validate the manufacturer website and exact product page."",""Collect exact manufacturer product-page, manual or datasheet evidence; leave unpublished values unknown."",""Check German purchasing channels, published business contacts, buyer restrictions, authorization evidence and service coverage."",""Find task-specific deployment evidence including configuration, operating conditions, supervision and measured outcomes."",""Retain the hidden record and review its identity/lifecycle before considering publication.""]"
"P2","unreviewed","4c9805a9-744e-4643-af52-ad7e64ba48f2","jiuguang/xiaorui-g3","Jiuguang Technology","xiaorui-g3","base","Xiaorui G3","humanoid","unknown","hidden","2026-10-01","","0","0","0","","[]","[]","0","0","[""missing_3d"",""missing_core_specs"",""missing_image"",""missing_maker_website"",""no_facts"",""no_manufacturer_facts""]","[""hidden_record""]","[]","[]","[]","false","0","[]","[""Find and validate the manufacturer website and exact product page."",""Collect exact manufacturer product-page, manual or datasheet evidence; leave unpublished values unknown."",""Check German purchasing channels, published business contacts, buyer restrictions, authorization evidence and service coverage."",""Find task-specific deployment evidence including configuration, operating conditions, supervision and measured outcomes."",""Retain the hidden record and review its identity/lifecycle before considering publication.""]"
"P2","unreviewed","61e9d68f-c035-45e0-9851-b999f8de1dd6","k-scale/bot","K-Scale Labs","bot","base","K-Bot","humanoid","concept","hidden","2026-10-01","","2","0","0","","[""height_m"",""weight_kg""]","[]","0","0","[""missing_3d"",""missing_core_specs"",""missing_image"",""missing_maker_website"",""no_manufacturer_facts"",""reported_availability""]","[""hidden_record""]","[""https://robotpriceindex.com/robots/kscale-k-bot""]","[]","[]","false","0","[]","[""Find and validate the manufacturer website and exact product page."",""Collect exact manufacturer product-page, manual or datasheet evidence; leave unpublished values unknown."",""Check German purchasing channels, published business contacts, buyer restrictions, authorization evidence and service coverage."",""Find task-specific deployment evidence including configuration, operating conditions, supervision and measured outcomes."",""Retain the hidden record and review its identity/lifecycle before considering publication.""]"
"P2","unreviewed","3625ce1d-0bb6-4f8c-8ec9-aba8534f2f7a","k-scale/stompy","K-Scale Labs","stompy","base","Stompy","humanoid","concept","hidden","2026-10-01","","0","0","0","","[]","[]","0","0","[""missing_3d"",""missing_core_specs"",""missing_image"",""missing_maker_website"",""no_facts"",""no_manufacturer_facts""]","[""hidden_record""]","[]","[]","[]","false","0","[]","[""Find and validate the manufacturer website and exact product page."",""Collect exact manufacturer product-page, manual or datasheet evidence; leave unpublished values unknown."",""Check German purchasing channels, published business contacts, buyer restrictions, authorization evidence and service coverage."",""Find task-specific deployment evidence including configuration, operating conditions, supervision and measured outcomes."",""Retain the hidden record and review its identity/lifecycle before considering publication.""]"
"P2","unreviewed","9d6360a1-72d0-4987-bbef-a25fb1eb9505","kaist/albert-hubo","KAIST","albert-hubo","base","Albert HUBO","humanoid","unknown","hidden","2026-10-01","","7","0","0","","[""cameras"",""compute_module"",""dof_total"",""has_lidar"",""height_m"",""max_speed_ms"",""weight_kg""]","[]","0","0","[""missing_3d"",""missing_core_specs"",""missing_image"",""no_manufacturer_facts""]","[""hidden_record""]","[""https://www.robothub.app/en/robots/kaist-albert-hubo""]","[]","[]","false","0","[]","[""Find and validate the manufacturer website and exact product page."",""Collect exact manufacturer product-page, manual or datasheet evidence; leave unpublished values unknown."",""Check German purchasing channels, published business contacts, buyer restrictions, authorization evidence and service coverage."",""Find task-specific deployment evidence including configuration, operating conditions, supervision and measured outcomes."",""Retain the hidden record and review its identity/lifecycle before considering publication.""]"
"P2","unreviewed","cac206cd-d7e6-47dd-94bd-983648348a5a","kaist/drc-hubo","KAIST","drc-hubo","base","DRC-HUBO+","humanoid","unknown","hidden","2026-10-01","","7","0","0","","[""cameras"",""compute_module"",""dof_total"",""has_lidar"",""height_m"",""max_speed_ms"",""weight_kg""]","[]","0","0","[""missing_3d"",""missing_core_specs"",""missing_image"",""no_manufacturer_facts""]","[""hidden_record""]","[""https://www.robothub.app/en/robots/kaist-drc-hubo-plus""]","[]","[]","false","0","[]","[""Find and validate the manufacturer website and exact product page."",""Collect exact manufacturer product-page, manual or datasheet evidence; leave unpublished values unknown."",""Check German purchasing channels, published business contacts, buyer restrictions, authorization evidence and service coverage."",""Find task-specific deployment evidence including configuration, operating conditions, supervision and measured outcomes."",""Retain the hidden record and review its identity/lifecycle before considering publication.""]"
"P2","unreviewed","08fd338c-205b-46f8-a5dc-2315ef425b1d","kaist/hubo-2","KAIST","hubo-2","base","HUBO 2","humanoid","unknown","hidden","2026-10-01","","7","0","0","","[""cameras"",""compute_module"",""dof_total"",""has_lidar"",""height_m"",""max_speed_ms"",""weight_kg""]","[]","0","0","[""missing_3d"",""missing_core_specs"",""missing_image"",""no_manufacturer_facts""]","[""hidden_record""]","[""https://www.robothub.app/en/robots/kaist-hubo-2""]","[]","[]","false","0","[]","[""Find and validate the manufacturer website and exact product page."",""Collect exact manufacturer product-page, manual or datasheet evidence; leave unpublished values unknown."",""Check German purchasing channels, published business contacts, buyer restrictions, authorization evidence and service coverage."",""Find task-specific deployment evidence including configuration, operating conditions, supervision and measured outcomes."",""Retain the hidden record and review its identity/lifecycle before considering publication.""]"
"P2","unreviewed","6f0cecec-7858-41d6-a943-fa7694f7b27a","kist/kibo","KIST","kibo","base","Kibo","humanoid","unknown","hidden","2026-10-01","","7","0","0","","[""cameras"",""compute_module"",""dof_total"",""has_lidar"",""height_m"",""max_speed_ms"",""weight_kg""]","[]","0","0","[""missing_3d"",""missing_core_specs"",""missing_image"",""no_manufacturer_facts""]","[""hidden_record""]","[""https://www.robothub.app/en/robots/kist-kibo""]","[]","[]","false","0","[]","[""Find and validate the manufacturer website and exact product page."",""Collect exact manufacturer product-page, manual or datasheet evidence; leave unpublished values unknown."",""Check German purchasing channels, published business contacts, buyer restrictions, authorization evidence and service coverage."",""Find task-specific deployment evidence including configuration, operating conditions, supervision and measured outcomes."",""Retain the hidden record and review its identity/lifecycle before considering publication.""]"
"P2","unreviewed","4fc21ef0-06b5-4bfb-bae5-f937f5339c6d","kist/mahru","KIST","mahru","base","MAHRU","humanoid","unknown","hidden","2026-10-01","","7","0","0","","[""cameras"",""compute_module"",""dof_total"",""has_lidar"",""height_m"",""max_speed_ms"",""weight_kg""]","[]","0","0","[""missing_3d"",""missing_core_specs"",""no_manufacturer_facts""]","[""hidden_record""]","[""https://www.robothub.app/en/robots/kist-mahru""]","[]","[]","false","0","[]","[""Find and validate the manufacturer website and exact product page."",""Collect exact manufacturer product-page, manual or datasheet evidence; leave unpublished values unknown."",""Check German purchasing channels, published business contacts, buyer restrictions, authorization evidence and service coverage."",""Find task-specific deployment evidence including configuration, operating conditions, supervision and measured outcomes."",""Retain the hidden record and review its identity/lifecycle before considering publication.""]"
"P2","unreviewed","6d10fb9c-2cc1-418d-83c4-0afe05b5bcf4","mit/cog","MIT","cog","base","Cog","humanoid","unknown","hidden","2026-10-01","","4","0","0","","[""cameras"",""dof_total"",""has_lidar"",""height_m""]","[]","0","0","[""missing_3d"",""missing_core_specs"",""no_manufacturer_facts""]","[""hidden_record""]","[""https://www.robothub.app/en/robots/mit-cog""]","[]","[]","false","0","[]","[""Find and validate the manufacturer website and exact product page."",""Collect exact manufacturer product-page, manual or datasheet evidence; leave unpublished values unknown."",""Check German purchasing channels, published business contacts, buyer restrictions, authorization evidence and service coverage."",""Find task-specific deployment evidence including configuration, operating conditions, supervision and measured outcomes."",""Retain the hidden record and review its identity/lifecycle before considering publication.""]"
"P2","unreviewed","47778cce-91a2-4aaa-b5fe-fdf2107cf857","mit/dreamer","MIT","dreamer","base","Dreamer","humanoid","unknown","hidden","2026-10-01","","7","0","0","","[""cameras"",""compute_module"",""dof_total"",""has_lidar"",""height_m"",""max_speed_ms"",""weight_kg""]","[]","0","0","[""missing_3d"",""missing_core_specs"",""missing_image"",""no_manufacturer_facts""]","[""hidden_record""]","[""https://www.robothub.app/en/robots/mit-dreamer""]","[]","[]","false","0","[]","[""Find and validate the manufacturer website and exact product page."",""Collect exact manufacturer product-page, manual or datasheet evidence; leave unpublished values unknown."",""Check German purchasing channels, published business contacts, buyer restrictions, authorization evidence and service coverage."",""Find task-specific deployment evidence including configuration, operating conditions, supervision and measured outcomes."",""Retain the hidden record and review its identity/lifecycle before considering publication.""]"
"P2","unreviewed","a2d1fd54-ed76-464b-bfba-e7b908e315bf","mit/kismet","MIT","kismet","base","Kismet","humanoid","unknown","hidden","2026-10-01","","6","0","0","","[""cameras"",""compute_module"",""dof_total"",""has_lidar"",""height_m"",""weight_kg""]","[]","0","0","[""missing_3d"",""missing_core_specs"",""missing_image"",""no_manufacturer_facts""]","[""hidden_record""]","[""https://www.robothub.app/en/robots/mit-kismet""]","[]","[]","false","0","[]","[""Find and validate the manufacturer website and exact product page."",""Collect exact manufacturer product-page, manual or datasheet evidence; leave unpublished values unknown."",""Check German purchasing channels, published business contacts, buyer restrictions, authorization evidence and service coverage."",""Find task-specific deployment evidence including configuration, operating conditions, supervision and measured outcomes."",""Retain the hidden record and review its identity/lifecycle before considering publication.""]"
"P2","unreviewed","b5077a94-524e-42c8-9cb1-f3ee8a798cb4","moon-dynamics/l1","Moon Dynamics","l1","base","L1","mobile_manipulator","shipping","hidden","2026-10-01","","11","0","0","","[""availability_note"",""collaborative"",""dof_hands"",""dof_total"",""finger_count"",""height_m"",""max_speed_ms"",""payload_kg"",""runtime_h:unstated"",""structural_material"",""weight_kg""]","[]","0","0","[""missing_3d"",""missing_core_specs"",""missing_image"",""missing_maker_website"",""no_manufacturer_facts""]","[""hidden_record""]","[""https://humanoid.guide/product/l1/""]","[]","[]","false","0","[]","[""Find and validate the manufacturer website and exact product page."",""Collect exact manufacturer product-page, manual or datasheet evidence; leave unpublished values unknown."",""Check German purchasing channels, published business contacts, buyer restrictions, authorization evidence and service coverage."",""Find task-specific deployment evidence including configuration, operating conditions, supervision and measured outcomes."",""Retain the hidden record and review its identity/lifecycle before considering publication.""]"
"P2","unreviewed","5ab972aa-2b39-451a-9223-899184a1f4eb","nasa/robonaut-2","NASA","robonaut-2","base","Robonaut 2","humanoid","unknown","hidden","2026-10-01","","3","0","0","","[""dof_total"",""height_m"",""weight_kg""]","[]","0","0","[""missing_3d"",""missing_core_specs"",""no_manufacturer_facts""]","[""hidden_record""]","[""https://www.robothub.app/en/robots/nasa-robonaut2""]","[]","[]","false","0","[]","[""Find and validate the manufacturer website and exact product page."",""Collect exact manufacturer product-page, manual or datasheet evidence; leave unpublished values unknown."",""Check German purchasing channels, published business contacts, buyer restrictions, authorization evidence and service coverage."",""Find task-specific deployment evidence including configuration, operating conditions, supervision and measured outcomes."",""Retain the hidden record and review its identity/lifecycle before considering publication.""]"
"P2","unreviewed","f1a6f85b-8576-4b5c-99b4-bd7da2a591df","naver/ambidex","Naver Labs","ambidex","base","Ambidex","humanoid","shipping","hidden","2026-10-01","https://www.naverlabs.com/ambidex","6","0","0","","[""availability_note"",""dof_total"",""height_m"",""max_speed_ms"",""payload_kg"",""runtime_h:unstated""]","[]","0","0","[""missing_3d"",""missing_core_specs"",""no_manufacturer_facts""]","[""hidden_record""]","[""https://humanoid.guide/product/ambidex/""]","[]","[]","false","0","[]","[""Collect exact manufacturer product-page, manual or datasheet evidence; leave unpublished values unknown."",""Check German purchasing channels, published business contacts, buyer restrictions, authorization evidence and service coverage."",""Find task-specific deployment evidence including configuration, operating conditions, supervision and measured outcomes."",""Retain the hidden record and review its identity/lifecycle before considering publication.""]"
"P2","unreviewed","9d480de4-9395-45ff-aecb-67523d608d76","nvidia/isaac-gr00t","NVIDIA","isaac-gr00t","base","Isaac GR00T","humanoid","shipping","hidden","2026-10-01","https://www.nvidia.com/","13","0","0","","[""availability_note"",""collaborative"",""compute_module"",""connectivity"",""dof_hands"",""dof_total"",""finger_count"",""height_m"",""max_speed_ms"",""payload_kg"",""runtime_h:unstated"",""walk_speed_ms"",""weight_kg""]","[]","0","0","[""missing_3d"",""missing_core_specs"",""missing_image"",""no_manufacturer_facts""]","[""hidden_record""]","[""https://humanoid.guide/product/isaac-gr00t/""]","[]","[]","false","0","[]","[""Collect exact manufacturer product-page, manual or datasheet evidence; leave unpublished values unknown."",""Check German purchasing channels, published business contacts, buyer restrictions, authorization evidence and service coverage."",""Find task-specific deployment evidence including configuration, operating conditions, supervision and measured outcomes."",""Retain the hidden record and review its identity/lifecycle before considering publication.""]"
"P2","unreviewed","67f78134-06c5-40d7-ba87-e5b25fb328e3","orbit/helios","ORBIT Robotics","helios","base","HELIOS","humanoid","prototype","hidden","2026-10-01","https://www.orbitrobotics.ch/","13","0","0","","[""availability_note"",""collaborative"",""connectivity"",""dof_hands"",""dof_total"",""finger_count"",""height_m"",""max_speed_ms"",""payload_kg"",""runtime_h:unstated"",""structural_material"",""walk_speed_ms"",""weight_kg""]","[]","0","0","[""missing_3d"",""missing_core_specs"",""no_manufacturer_facts""]","[""hidden_record""]","[""https://humanoid.guide/product/helios/""]","[]","[]","false","0","[]","[""Collect exact manufacturer product-page, manual or datasheet evidence; leave unpublished values unknown."",""Check German purchasing channels, published business contacts, buyer restrictions, authorization evidence and service coverage."",""Find task-specific deployment evidence including configuration, operating conditions, supervision and measured outcomes."",""Retain the hidden record and review its identity/lifecycle before considering publication.""]"
"P2","unreviewed","d524f74d-1d13-449d-b073-a03394069154","osaka-university/cb2","Osaka University","cb2","base","CB2","humanoid","unknown","hidden","2026-10-01","","3","0","0","","[""dof_total"",""height_m"",""weight_kg""]","[]","0","0","[""missing_3d"",""missing_core_specs"",""missing_image"",""no_manufacturer_facts""]","[""hidden_record""]","[""https://www.robothub.app/en/robots/osaka-cb2""]","[]","[]","false","0","[]","[""Find and validate the manufacturer website and exact product page."",""Collect exact manufacturer product-page, manual or datasheet evidence; leave unpublished values unknown."",""Check German purchasing channels, published business contacts, buyer restrictions, authorization evidence and service coverage."",""Find task-specific deployment evidence including configuration, operating conditions, supervision and measured outcomes."",""Retain the hidden record and review its identity/lifecycle before considering publication.""]"
"P2","unreviewed","f395194f-3f18-4dcf-84b2-3fd8e9c330f8","osaka-university/erica","Osaka University","erica","base","ERICA","humanoid","unknown","hidden","2026-10-01","","1","0","0","","[""height_m""]","[]","0","0","[""missing_3d"",""missing_core_specs"",""missing_image"",""no_manufacturer_facts""]","[""hidden_record""]","[""https://www.robothub.app/en/robots/osaka-erica""]","[]","[]","false","0","[]","[""Find and validate the manufacturer website and exact product page."",""Collect exact manufacturer product-page, manual or datasheet evidence; leave unpublished values unknown."",""Check German purchasing channels, published business contacts, buyer restrictions, authorization evidence and service coverage."",""Find task-specific deployment evidence including configuration, operating conditions, supervision and measured outcomes."",""Retain the hidden record and review its identity/lifecycle before considering publication.""]"
"P2","unreviewed","a7f601bc-6f47-4e5f-bea5-24825627ae81","osaka-university/geminoid-dk","Osaka University","geminoid-dk","base","Geminoid DK","humanoid","unknown","hidden","2026-10-01","","6","0","0","","[""cameras"",""compute_module"",""dof_total"",""has_lidar"",""height_m"",""weight_kg""]","[]","0","0","[""missing_3d"",""missing_core_specs"",""missing_image"",""no_manufacturer_facts""]","[""hidden_record""]","[""https://www.robothub.app/en/robots/osaka-geminoid-dk""]","[]","[]","false","0","[]","[""Find and validate the manufacturer website and exact product page."",""Collect exact manufacturer product-page, manual or datasheet evidence; leave unpublished values unknown."",""Check German purchasing channels, published business contacts, buyer restrictions, authorization evidence and service coverage."",""Find task-specific deployment evidence including configuration, operating conditions, supervision and measured outcomes."",""Retain the hidden record and review its identity/lifecycle before considering publication.""]"
"P2","unreviewed","abe86edf-3750-4366-a2f6-6675c78aeb7a","osaka-university/geminoid-f","Osaka University","geminoid-f","base","Geminoid F","humanoid","unknown","hidden","2026-10-01","","4","0","0","","[""compute_module"",""dof_total"",""height_m"",""weight_kg""]","[]","0","0","[""missing_3d"",""missing_core_specs"",""missing_image"",""no_manufacturer_facts""]","[""hidden_record""]","[""https://www.robothub.app/en/robots/osaka-geminoid-f""]","[]","[]","false","0","[]","[""Find and validate the manufacturer website and exact product page."",""Collect exact manufacturer product-page, manual or datasheet evidence; leave unpublished values unknown."",""Check German purchasing channels, published business contacts, buyer restrictions, authorization evidence and service coverage."",""Find task-specific deployment evidence including configuration, operating conditions, supervision and measured outcomes."",""Retain the hidden record and review its identity/lifecycle before considering publication.""]"
"P2","unreviewed","f4a814da-93d0-4b86-9bed-456a9adef06a","osaka-university/geminoid-hi","Osaka University","geminoid-hi","base","Geminoid HI","humanoid","unknown","hidden","2026-10-01","","6","0","0","","[""cameras"",""compute_module"",""dof_total"",""has_lidar"",""height_m"",""weight_kg""]","[]","0","0","[""missing_3d"",""missing_core_specs"",""missing_image"",""no_manufacturer_facts""]","[""hidden_record""]","[""https://www.robothub.app/en/robots/osaka-geminoid-hi""]","[]","[]","false","0","[]","[""Find and validate the manufacturer website and exact product page."",""Collect exact manufacturer product-page, manual or datasheet evidence; leave unpublished values unknown."",""Check German purchasing channels, published business contacts, buyer restrictions, authorization evidence and service coverage."",""Find task-specific deployment evidence including configuration, operating conditions, supervision and measured outcomes."",""Retain the hidden record and review its identity/lifecycle before considering publication.""]"
"P2","unreviewed","91fb21e9-bb14-4a8c-a986-d783122abba8","osaka-university/pneuborn","Osaka University","pneuborn","base","Pneuborn","humanoid","unknown","hidden","2026-10-01","","0","0","0","","[]","[]","0","0","[""missing_3d"",""missing_core_specs"",""missing_image"",""no_facts"",""no_manufacturer_facts""]","[""hidden_record""]","[]","[]","[]","false","0","[]","[""Find and validate the manufacturer website and exact product page."",""Collect exact manufacturer product-page, manual or datasheet evidence; leave unpublished values unknown."",""Check German purchasing channels, published business contacts, buyer restrictions, authorization evidence and service coverage."",""Find task-specific deployment evidence including configuration, operating conditions, supervision and measured outcomes."",""Retain the hidden record and review its identity/lifecycle before considering publication.""]"
"P2","unreviewed","12928a6a-3c81-4409-9ecc-fe47b997eb10","osaka-university/telenoid","Osaka University","telenoid","base","Telenoid","humanoid","unknown","hidden","2026-10-01","","6","0","0","","[""cameras"",""compute_module"",""dof_total"",""has_lidar"",""height_m"",""weight_kg""]","[]","0","0","[""missing_3d"",""missing_core_specs"",""no_manufacturer_facts""]","[""hidden_record""]","[""https://www.robothub.app/en/robots/osaka-telenoid""]","[]","[]","false","0","[]","[""Find and validate the manufacturer website and exact product page."",""Collect exact manufacturer product-page, manual or datasheet evidence; leave unpublished values unknown."",""Check German purchasing channels, published business contacts, buyer restrictions, authorization evidence and service coverage."",""Find task-specific deployment evidence including configuration, operating conditions, supervision and measured outcomes."",""Retain the hidden record and review its identity/lifecycle before considering publication.""]"
"P2","unreviewed","f770cfd8-4360-4417-8b53-94c0118690e6","qihan/robo-c-2","Qihan Technology","robo-c-2","base","Robo-C 2","humanoid","unknown","hidden","2026-10-01","https://www.qihantech.com/","4","0","0","","[""availability_note"",""height_m"",""runtime_h:unstated"",""weight_kg""]","[]","0","0","[""missing_3d"",""missing_core_specs"",""missing_image"",""no_manufacturer_facts""]","[""hidden_record""]","[""https://www.humanoidhub.ai/robots/robo-c-2""]","[]","[]","false","0","[]","[""Collect exact manufacturer product-page, manual or datasheet evidence; leave unpublished values unknown."",""Check German purchasing channels, published business contacts, buyer restrictions, authorization evidence and service coverage."",""Find task-specific deployment evidence including configuration, operating conditions, supervision and measured outcomes."",""Retain the hidden record and review its identity/lifecycle before considering publication.""]"
"P2","unreviewed","c7ef1208-bed4-4cf3-98b1-205915d68b10","romela/charli","RoMeLa","charli","base","CHARLI","humanoid","unknown","hidden","2026-10-01","","7","0","0","","[""cameras"",""compute_module"",""dof_total"",""has_lidar"",""height_m"",""max_speed_ms"",""weight_kg""]","[]","0","0","[""missing_3d"",""missing_core_specs"",""missing_image"",""no_manufacturer_facts""]","[""hidden_record""]","[""https://www.robothub.app/en/robots/romela-charli""]","[]","[]","false","0","[]","[""Find and validate the manufacturer website and exact product page."",""Collect exact manufacturer product-page, manual or datasheet evidence; leave unpublished values unknown."",""Check German purchasing channels, published business contacts, buyer restrictions, authorization evidence and service coverage."",""Find task-specific deployment evidence including configuration, operating conditions, supervision and measured outcomes."",""Retain the hidden record and review its identity/lifecycle before considering publication.""]"
"P2","unreviewed","0558313d-2966-4c86-b11f-3bf3f109fb84","sber/green","Sber Robotics Lab","green","base","Green","humanoid","concept","hidden","2026-10-01","","0","0","0","","[]","[]","0","0","[""missing_3d"",""missing_core_specs"",""missing_image"",""missing_maker_website"",""no_facts"",""no_manufacturer_facts""]","[""hidden_record""]","[]","[]","[]","false","0","[]","[""Find and validate the manufacturer website and exact product page."",""Collect exact manufacturer product-page, manual or datasheet evidence; leave unpublished values unknown."",""Check German purchasing channels, published business contacts, buyer restrictions, authorization evidence and service coverage."",""Find task-specific deployment evidence including configuration, operating conditions, supervision and measured outcomes."",""Retain the hidden record and review its identity/lifecycle before considering publication.""]"
"P2","unreviewed","224acf4f-9017-4ce5-b15a-0d7222cc8dca","simplexity/tbd","Simplexity Robotics","tbd","base","TBD","mobile_manipulator","concept","hidden","2026-10-01","https://www.simplexityrobotics.com/","0","0","0","","[]","[]","0","0","[""missing_3d"",""missing_core_specs"",""missing_image"",""no_facts"",""no_manufacturer_facts""]","[""hidden_record""]","[]","[]","[]","false","0","[]","[""Collect exact manufacturer product-page, manual or datasheet evidence; leave unpublished values unknown."",""Check German purchasing channels, published business contacts, buyer restrictions, authorization evidence and service coverage."",""Find task-specific deployment evidence including configuration, operating conditions, supervision and measured outcomes."",""Retain the hidden record and review its identity/lifecycle before considering publication.""]"
"P2","unreviewed","658def1e-fd7b-49a1-912c-fc1943aec7e6","simplexity/tbd-2","Simplexity Robotics","tbd-2","base","TBD 2","mobile_manipulator","concept","hidden","2026-10-01","https://www.simplexityrobotics.com/","0","0","0","","[]","[]","0","0","[""missing_3d"",""missing_core_specs"",""missing_image"",""no_facts"",""no_manufacturer_facts""]","[""hidden_record""]","[]","[]","[]","false","0","[]","[""Collect exact manufacturer product-page, manual or datasheet evidence; leave unpublished values unknown."",""Check German purchasing channels, published business contacts, buyer restrictions, authorization evidence and service coverage."",""Find task-specific deployment evidence including configuration, operating conditions, supervision and measured outcomes."",""Retain the hidden record and review its identity/lifecycle before considering publication.""]"
"P2","unreviewed","dd097b23-75e0-4f34-977a-36792a55cac7","sony/qrio","Sony","qrio","base","QRIO","humanoid","unknown","hidden","2026-10-01","","5","0","0","","[""compute_module"",""dof_total"",""height_m"",""max_speed_ms"",""weight_kg""]","[]","0","0","[""missing_3d"",""missing_core_specs"",""missing_maker_website"",""no_manufacturer_facts""]","[""hidden_record""]","[""https://www.robothub.app/en/robots/sony-qrio""]","[]","[]","false","0","[]","[""Find and validate the manufacturer website and exact product page."",""Collect exact manufacturer product-page, manual or datasheet evidence; leave unpublished values unknown."",""Check German purchasing channels, published business contacts, buyer restrictions, authorization evidence and service coverage."",""Find task-specific deployment evidence including configuration, operating conditions, supervision and measured outcomes."",""Retain the hidden record and review its identity/lifecycle before considering publication.""]"
"P2","unreviewed","7cf07631-e2c8-4181-b9cd-c227ec5d8ce1","southern-university-science/pangu","Southern University of Science and Technology","pangu","base","Southern PanGu","mobile_manipulator","unknown","hidden","2026-10-01","","2","0","0","","[""cameras"",""has_lidar""]","[]","0","0","[""missing_3d"",""missing_core_specs"",""missing_image"",""missing_maker_website"",""no_manufacturer_facts""]","[""hidden_record""]","[""https://www.robothub.app/en/robots/southern-pangu""]","[]","[]","false","0","[]","[""Find and validate the manufacturer website and exact product page."",""Collect exact manufacturer product-page, manual or datasheet evidence; leave unpublished values unknown."",""Check German purchasing channels, published business contacts, buyer restrictions, authorization evidence and service coverage."",""Find task-specific deployment evidence including configuration, operating conditions, supervision and measured outcomes."",""Retain the hidden record and review its identity/lifecycle before considering publication.""]"
"P2","unreviewed","1d35a48b-49d9-4722-a4ca-5bfd82bf2b16","sulu-be/steve","Sulu.be","steve","base","Steve","humanoid","shipping","hidden","2026-10-01","https://jandecoster.com/","13","0","0","","[""availability_note"",""collaborative"",""compute_module"",""connectivity"",""dof_hands"",""dof_total"",""finger_count"",""height_m"",""max_speed_ms"",""payload_kg"",""runtime_h:unstated"",""structural_material"",""weight_kg""]","[]","0","0","[""missing_3d"",""missing_core_specs"",""no_manufacturer_facts""]","[""hidden_record""]","[""https://humanoid.guide/product/steve/""]","[]","[]","false","0","[]","[""Collect exact manufacturer product-page, manual or datasheet evidence; leave unpublished values unknown."",""Check German purchasing channels, published business contacts, buyer restrictions, authorization evidence and service coverage."",""Find task-specific deployment evidence including configuration, operating conditions, supervision and measured outcomes."",""Retain the hidden record and review its identity/lifecycle before considering publication.""]"
"P2","unreviewed","67b65f76-ec12-4c54-86b9-265b3388a785","tencent-x/xiao-liu","Tencent Robotics X","xiao-liu","base","Xiao Liu","mobile_manipulator","prototype","hidden","2026-10-01","https://www.tencent.com/","12","0","0","","[""availability_note"",""collaborative"",""connectivity"",""dof_hands"",""dof_total"",""finger_count"",""height_m"",""max_speed_ms"",""payload_kg"",""runtime_h:unstated"",""structural_material"",""weight_kg""]","[]","0","0","[""missing_3d"",""missing_core_specs"",""missing_image"",""no_manufacturer_facts""]","[""hidden_record""]","[""https://humanoid.guide/product/xiao-liu/""]","[]","[]","false","0","[]","[""Collect exact manufacturer product-page, manual or datasheet evidence; leave unpublished values unknown."",""Check German purchasing channels, published business contacts, buyer restrictions, authorization evidence and service coverage."",""Find task-specific deployment evidence including configuration, operating conditions, supervision and measured outcomes."",""Retain the hidden record and review its identity/lifecycle before considering publication.""]"
"P2","unreviewed","0a1b5054-b5bd-4b29-93b9-8804d2c9864d","toyota-motor/cue7","Toyota Motor Corporation","cue7","base","CUE7","humanoid","prototype","hidden","2026-10-01","https://global.toyota/en/","7","0","0","","[""availability_note"",""collaborative"",""finger_count"",""height_m"",""max_speed_ms"",""payload_kg"",""weight_kg""]","[]","0","0","[""missing_3d"",""missing_core_specs"",""missing_image"",""no_manufacturer_facts""]","[""hidden_record""]","[""https://humanoid.guide/product/cue7/""]","[]","[]","false","0","[]","[""Collect exact manufacturer product-page, manual or datasheet evidence; leave unpublished values unknown."",""Check German purchasing channels, published business contacts, buyer restrictions, authorization evidence and service coverage."",""Find task-specific deployment evidence including configuration, operating conditions, supervision and measured outcomes."",""Retain the hidden record and review its identity/lifecycle before considering publication.""]"
"P2","unreviewed","dfe35c1e-7ec8-4322-aaa4-9acd873b4839","toyota/cue7","Toyota","cue7","base","CUE7","humanoid","unknown","hidden","2026-10-01","","3","0","0","","[""compute_module"",""height_m"",""weight_kg""]","[]","0","0","[""missing_3d"",""missing_core_specs"",""missing_image"",""missing_maker_website"",""no_manufacturer_facts""]","[""hidden_record""]","[""https://www.robothub.app/en/robots/toyota-cue7""]","[]","[]","false","0","[]","[""Find and validate the manufacturer website and exact product page."",""Collect exact manufacturer product-page, manual or datasheet evidence; leave unpublished values unknown."",""Check German purchasing channels, published business contacts, buyer restrictions, authorization evidence and service coverage."",""Find task-specific deployment evidence including configuration, operating conditions, supervision and measured outcomes."",""Retain the hidden record and review its identity/lifecycle before considering publication.""]"
"P2","unreviewed","bb81c33f-1625-4cd1-9a27-e6824c7c48d8","toyota/partner-robot","Toyota","partner-robot","base","Partner Robot","humanoid","unknown","hidden","2026-10-01","","2","0","0","","[""height_m"",""weight_kg""]","[]","0","0","[""missing_3d"",""missing_core_specs"",""missing_maker_website"",""no_manufacturer_facts""]","[""hidden_record""]","[""https://www.robothub.app/en/robots/toyota-partner-robot""]","[]","[]","false","0","[]","[""Find and validate the manufacturer website and exact product page."",""Collect exact manufacturer product-page, manual or datasheet evidence; leave unpublished values unknown."",""Check German purchasing channels, published business contacts, buyer restrictions, authorization evidence and service coverage."",""Find task-specific deployment evidence including configuration, operating conditions, supervision and measured outcomes."",""Retain the hidden record and review its identity/lifecycle before considering publication.""]"
"P2","unreviewed","365ab90f-621d-4e54-80f0-4999f58f7013","toyota/t-hr3","Toyota","t-hr3","base","T-HR3","humanoid","unknown","hidden","2026-10-01","","7","0","0","","[""availability_note"",""compute_module"",""dof_total"",""height_m"",""weight_kg""]","[]","0","0","[""missing_3d"",""missing_core_specs"",""missing_image"",""missing_maker_website"",""no_manufacturer_facts""]","[""hidden_record""]","[""https://www.humanoidhub.ai/robots/t-hr3"",""https://www.robothub.app/en/robots/toyota-t-hr3""]","[]","[]","false","0","[]","[""Find and validate the manufacturer website and exact product page."",""Collect exact manufacturer product-page, manual or datasheet evidence; leave unpublished values unknown."",""Check German purchasing channels, published business contacts, buyer restrictions, authorization evidence and service coverage."",""Find task-specific deployment evidence including configuration, operating conditions, supervision and measured outcomes."",""Retain the hidden record and review its identity/lifecycle before considering publication.""]"
"P2","unreviewed","e15288b8-c1f3-4d42-ace2-68ea3acb158f","tu-darmstadt/bruno","TU Darmstadt","bruno","base","Bruno","humanoid","unknown","hidden","2026-10-01","","3","0","0","","[""dof_total"",""height_m"",""max_speed_ms""]","[]","0","0","[""missing_3d"",""missing_core_specs"",""missing_image"",""no_manufacturer_facts""]","[""hidden_record""]","[""https://www.robothub.app/en/robots/tu-darmstadt-bruno""]","[]","[]","false","0","[]","[""Find and validate the manufacturer website and exact product page."",""Collect exact manufacturer product-page, manual or datasheet evidence; leave unpublished values unknown."",""Check German purchasing channels, published business contacts, buyer restrictions, authorization evidence and service coverage."",""Find task-specific deployment evidence including configuration, operating conditions, supervision and measured outcomes."",""Retain the hidden record and review its identity/lifecycle before considering publication.""]"
"P2","unreviewed","4d53b3cb-66ae-4670-bb76-eeb92e3cc601","tum/lola","TUM","lola","base","Lola","humanoid","unknown","hidden","2026-10-01","","7","0","0","","[""cameras"",""compute_module"",""dof_total"",""has_lidar"",""height_m"",""max_speed_ms"",""weight_kg""]","[]","0","0","[""missing_3d"",""missing_core_specs"",""missing_image"",""no_manufacturer_facts""]","[""hidden_record""]","[""https://www.robothub.app/en/robots/tum-lola""]","[]","[]","false","0","[]","[""Find and validate the manufacturer website and exact product page."",""Collect exact manufacturer product-page, manual or datasheet evidence; leave unpublished values unknown."",""Check German purchasing channels, published business contacts, buyer restrictions, authorization evidence and service coverage."",""Find task-specific deployment evidence including configuration, operating conditions, supervision and measured outcomes."",""Retain the hidden record and review its identity/lifecycle before considering publication.""]"
"P2","unreviewed","12edadd1-a59d-49ee-b27f-66aa72611c94","uc-berkeley/humanoid-lite","UC Berkeley (Hybrid Robotics)","humanoid-lite","base","Berkeley Humanoid Lite","humanoid","unknown","hidden","2026-10-01","","3","0","0","","[""dof_total"",""height_m"",""weight_kg""]","[]","0","0","[""missing_3d"",""missing_core_specs"",""missing_image"",""missing_maker_website"",""no_manufacturer_facts"",""reported_availability""]","[""hidden_record""]","[""https://robotpriceindex.com/robots/berkeley-humanoid-lite""]","[]","[]","false","0","[]","[""Find and validate the manufacturer website and exact product page."",""Collect exact manufacturer product-page, manual or datasheet evidence; leave unpublished values unknown."",""Check German purchasing channels, published business contacts, buyer restrictions, authorization evidence and service coverage."",""Find task-specific deployment evidence including configuration, operating conditions, supervision and measured outcomes."",""Retain the hidden record and review its identity/lifecycle before considering publication.""]"
"P2","unreviewed","0f29c03b-8c0f-48d9-b40a-a19466e7f4b7","ucsd-machine-perception-laboratory/diego-san","UCSD Machine Perception Laboratory","diego-san","base","Diego-san","humanoid","unknown","hidden","2026-10-01","","6","0","0","","[""cameras"",""compute_module"",""dof_total"",""has_lidar"",""height_m"",""weight_kg""]","[]","0","0","[""missing_3d"",""missing_core_specs"",""missing_image"",""no_manufacturer_facts""]","[""hidden_record""]","[""https://www.robothub.app/en/robots/ucsd-diego-san""]","[]","[]","false","0","[]","[""Find and validate the manufacturer website and exact product page."",""Collect exact manufacturer product-page, manual or datasheet evidence; leave unpublished values unknown."",""Check German purchasing channels, published business contacts, buyer restrictions, authorization evidence and service coverage."",""Find task-specific deployment evidence including configuration, operating conditions, supervision and measured outcomes."",""Retain the hidden record and review its identity/lifecycle before considering publication.""]"
"P2","unreviewed","58b18be9-74c5-4ff3-8c57-b773dad40574","university-hertfordshire/kaspar","University of Hertfordshire","kaspar","base","Kaspar","humanoid","unknown","hidden","2026-10-01","","6","0","0","","[""cameras"",""compute_module"",""dof_total"",""has_lidar"",""height_m"",""weight_kg""]","[]","0","0","[""missing_3d"",""missing_core_specs"",""missing_image"",""no_manufacturer_facts""]","[""hidden_record""]","[""https://www.robothub.app/en/robots/hertfordshire-kaspar""]","[]","[]","false","0","[]","[""Find and validate the manufacturer website and exact product page."",""Collect exact manufacturer product-page, manual or datasheet evidence; leave unpublished values unknown."",""Check German purchasing channels, published business contacts, buyer restrictions, authorization evidence and service coverage."",""Find task-specific deployment evidence including configuration, operating conditions, supervision and measured outcomes."",""Retain the hidden record and review its identity/lifecycle before considering publication.""]"
"P2","unreviewed","f00a833e-522a-40c5-8c5c-3ee637885e47","university-tehran/surena-4","University of Tehran","surena-4","base","Surena 4","humanoid","unknown","hidden","2026-10-01","","7","0","0","","[""cameras"",""compute_module"",""dof_total"",""has_lidar"",""height_m"",""max_speed_ms"",""weight_kg""]","[]","0","0","[""missing_3d"",""missing_core_specs"",""missing_image"",""no_manufacturer_facts""]","[""hidden_record""]","[""https://www.robothub.app/en/robots/tehran-surena-4""]","[]","[]","false","0","[]","[""Find and validate the manufacturer website and exact product page."",""Collect exact manufacturer product-page, manual or datasheet evidence; leave unpublished values unknown."",""Check German purchasing channels, published business contacts, buyer restrictions, authorization evidence and service coverage."",""Find task-specific deployment evidence including configuration, operating conditions, supervision and measured outcomes."",""Retain the hidden record and review its identity/lifecycle before considering publication.""]"
"P2","unreviewed","8c82c11f-e759-44f8-a6e8-b692862b94dc","university-tokyo/kojiro","University of Tokyo","kojiro","base","Kojiro","humanoid","unknown","hidden","2026-10-01","","5","0","0","","[""cameras"",""dof_total"",""has_lidar"",""height_m"",""weight_kg""]","[]","0","0","[""missing_3d"",""missing_core_specs"",""missing_image"",""missing_maker_website"",""no_manufacturer_facts""]","[""hidden_record""]","[""https://www.robothub.app/en/robots/tokyo-kojiro""]","[]","[]","false","0","[]","[""Find and validate the manufacturer website and exact product page."",""Collect exact manufacturer product-page, manual or datasheet evidence; leave unpublished values unknown."",""Check German purchasing channels, published business contacts, buyer restrictions, authorization evidence and service coverage."",""Find task-specific deployment evidence including configuration, operating conditions, supervision and measured outcomes."",""Retain the hidden record and review its identity/lifecycle before considering publication.""]"
"P2","unreviewed","c7a6588b-909e-4d23-8dc6-0b11415150c8","university-zurich/ecce","University of Zurich","ecce","base","ECCE","humanoid","unknown","hidden","2026-10-01","","6","0","0","","[""cameras"",""compute_module"",""dof_total"",""has_lidar"",""height_m"",""weight_kg""]","[]","0","0","[""missing_3d"",""missing_core_specs"",""missing_image"",""no_manufacturer_facts""]","[""hidden_record""]","[""https://www.robothub.app/en/robots/zurich-ecce""]","[]","[]","false","0","[]","[""Find and validate the manufacturer website and exact product page."",""Collect exact manufacturer product-page, manual or datasheet evidence; leave unpublished values unknown."",""Check German purchasing channels, published business contacts, buyer restrictions, authorization evidence and service coverage."",""Find task-specific deployment evidence including configuration, operating conditions, supervision and measured outcomes."",""Retain the hidden record and review its identity/lifecycle before considering publication.""]"
"P2","unreviewed","8b758bda-f74e-4c31-b4e0-c705da1fc271","university-zurich/roboy","University of Zurich","roboy","base","Roboy","humanoid","unknown","hidden","2026-10-01","","5","0","0","","[""cameras"",""compute_module"",""dof_total"",""has_lidar"",""height_m""]","[]","0","0","[""missing_3d"",""missing_core_specs"",""missing_image"",""no_manufacturer_facts""]","[""hidden_record""]","[""https://www.robothub.app/en/robots/zurich-roboy""]","[]","[]","false","0","[]","[""Find and validate the manufacturer website and exact product page."",""Collect exact manufacturer product-page, manual or datasheet evidence; leave unpublished values unknown."",""Check German purchasing channels, published business contacts, buyer restrictions, authorization evidence and service coverage."",""Find task-specific deployment evidence including configuration, operating conditions, supervision and measured outcomes."",""Retain the hidden record and review its identity/lifecycle before considering publication.""]"
"P2","unreviewed","aefb96c5-6683-4e5e-a7fb-612ae9c205eb","vlai/k1","VLAI Robotics","k1","base","K1","mobile_manipulator","prototype","hidden","2026-10-01","","1","0","0","","[""dof_total""]","[]","0","0","[""missing_3d"",""missing_core_specs"",""missing_image"",""missing_maker_website"",""no_manufacturer_facts""]","[""hidden_record""]","[""https://www.robothub.app/en/robots/vlai-k1""]","[]","[]","false","0","[]","[""Find and validate the manufacturer website and exact product page."",""Collect exact manufacturer product-page, manual or datasheet evidence; leave unpublished values unknown."",""Check German purchasing channels, published business contacts, buyer restrictions, authorization evidence and service coverage."",""Find task-specific deployment evidence including configuration, operating conditions, supervision and measured outcomes."",""Retain the hidden record and review its identity/lifecycle before considering publication.""]"
"P2","unreviewed","6d98610a-167f-486a-9261-cd077cf58f28","walt-disney-imagineering/stuntronics","Walt Disney Imagineering","stuntronics","base","Stuntronics","humanoid","unknown","hidden","2026-10-01","","3","0","0","","[""cameras"",""compute_module"",""has_lidar""]","[]","0","0","[""missing_3d"",""missing_core_specs"",""missing_image"",""no_manufacturer_facts""]","[""hidden_record""]","[""https://www.robothub.app/en/robots/disney-stuntronics""]","[]","[]","false","0","[]","[""Find and validate the manufacturer website and exact product page."",""Collect exact manufacturer product-page, manual or datasheet evidence; leave unpublished values unknown."",""Check German purchasing channels, published business contacts, buyer restrictions, authorization evidence and service coverage."",""Find task-specific deployment evidence including configuration, operating conditions, supervision and measured outcomes."",""Retain the hidden record and review its identity/lifecycle before considering publication.""]"
"P2","unreviewed","98b3466b-b2d1-4fae-82b5-b7864da15c0f","waseda-university/flutist","Waseda University","flutist","base","Waseda Flutist","humanoid","unknown","hidden","2026-10-01","","0","0","0","","[]","[]","0","0","[""missing_3d"",""missing_core_specs"",""missing_image"",""no_facts"",""no_manufacturer_facts""]","[""hidden_record""]","[]","[]","[]","false","0","[]","[""Find and validate the manufacturer website and exact product page."",""Collect exact manufacturer product-page, manual or datasheet evidence; leave unpublished values unknown."",""Check German purchasing channels, published business contacts, buyer restrictions, authorization evidence and service coverage."",""Find task-specific deployment evidence including configuration, operating conditions, supervision and measured outcomes."",""Retain the hidden record and review its identity/lifecycle before considering publication.""]"
"P2","unreviewed","67a1632d-1180-43b4-a816-8ffe6fff6815","waseda-university/kobian","Waseda University","kobian","base","Kobian","humanoid","unknown","hidden","2026-10-01","","1","0","0","","[""height_m""]","[]","0","0","[""missing_3d"",""missing_core_specs"",""missing_image"",""no_manufacturer_facts""]","[""hidden_record""]","[""https://www.robothub.app/en/robots/waseda-kobian""]","[]","[]","false","0","[]","[""Find and validate the manufacturer website and exact product page."",""Collect exact manufacturer product-page, manual or datasheet evidence; leave unpublished values unknown."",""Check German purchasing channels, published business contacts, buyer restrictions, authorization evidence and service coverage."",""Find task-specific deployment evidence including configuration, operating conditions, supervision and measured outcomes."",""Retain the hidden record and review its identity/lifecycle before considering publication.""]"
"P2","unreviewed","c96e12de-3b45-437d-9635-3b1ade9ac4a8","waseda-university/wabot-2","Waseda University","wabot-2","base","WABOT-2","humanoid","unknown","hidden","2026-10-01","","5","0","0","","[""cameras"",""compute_module"",""dof_total"",""has_lidar"",""weight_kg""]","[]","0","0","[""missing_3d"",""missing_core_specs"",""missing_image"",""no_manufacturer_facts""]","[""hidden_record""]","[""https://www.robothub.app/en/robots/waseda-wabot-2""]","[]","[]","false","0","[]","[""Find and validate the manufacturer website and exact product page."",""Collect exact manufacturer product-page, manual or datasheet evidence; leave unpublished values unknown."",""Check German purchasing channels, published business contacts, buyer restrictions, authorization evidence and service coverage."",""Find task-specific deployment evidence including configuration, operating conditions, supervision and measured outcomes."",""Retain the hidden record and review its identity/lifecycle before considering publication.""]"
"P2","unreviewed","765ba3d9-aa6b-4e2d-abb0-352769983084","west-lake-interactive/heart-robot","West Lake Interactive","heart-robot","base","HEART Robot","mobile_manipulator","unknown","hidden","2026-10-01","","0","0","0","","[]","[]","0","0","[""missing_3d"",""missing_core_specs"",""missing_image"",""missing_maker_website"",""no_facts"",""no_manufacturer_facts""]","[""hidden_record""]","[]","[]","[]","false","0","[]","[""Find and validate the manufacturer website and exact product page."",""Collect exact manufacturer product-page, manual or datasheet evidence; leave unpublished values unknown."",""Check German purchasing channels, published business contacts, buyer restrictions, authorization evidence and service coverage."",""Find task-specific deployment evidence including configuration, operating conditions, supervision and measured outcomes."",""Retain the hidden record and review its identity/lifecycle before considering publication.""]"
"P2","unreviewed","eb1bf011-8414-4d6f-8615-fb74572a9d1b","wroclaw-university-science/flash","Wroclaw University of Science and Technology","flash","base","FLASH","mobile_manipulator","unknown","hidden","2026-10-01","","7","0","0","","[""cameras"",""compute_module"",""dof_total"",""has_lidar"",""height_m"",""max_speed_ms"",""weight_kg""]","[]","0","0","[""missing_3d"",""missing_core_specs"",""missing_image"",""no_manufacturer_facts""]","[""hidden_record""]","[""https://www.robothub.app/en/robots/wroclaw-flash""]","[]","[]","false","0","[]","[""Find and validate the manufacturer website and exact product page."",""Collect exact manufacturer product-page, manual or datasheet evidence; leave unpublished values unknown."",""Check German purchasing channels, published business contacts, buyer restrictions, authorization evidence and service coverage."",""Find task-specific deployment evidence including configuration, operating conditions, supervision and measured outcomes."",""Retain the hidden record and review its identity/lifecycle before considering publication.""]"
